Molecule ChEMBL ID,Smiles,Standard Relation,Standard Value,Standard Units,pChEMBL Value,R_squared,Hill_slope,IC50_CI_lower_uM,IC50_CI_upper_uM,Max_Response_Pct,Comment,Molecular Weight,AlogP,#RO5 Violations,Target Name
CHEMBL5442156,CCNC(=O)c1cc2c(N[C@@H](c3cnc(NC(C)=O)s3)C(C)C)ncnc2[nH]1,'=',4353.0,nM,5.36,0.994,1.38,3.884,4.879,100.0,,401.5,2.93,0,Replicase polyprotein 1ab
CHEMBL5441394,CC(C)[C@H](Nc1ncnc2[nH]c(-c3cnn(CC(N)=O)c3)cc12)c1ccc2c(c1)S(=O)(=O)CCC2,'=',16.0,nM,7.8,0.997,1.611,0.016,0.017,100.0,,493.59,2.84,0,Replicase polyprotein 1ab
CHEMBL5441394,CC(C)[C@H](Nc1ncnc2[nH]c(-c3cnn(CC(N)=O)c3)cc12)c1ccc2c(c1)S(=O)(=O)CCC2,'=',23.0,nM,7.64,0.981,1.328,0.02,0.027,100.0,,493.59,2.84,0,Replicase polyprotein 1ab
CHEMBL5441395,Cc1nn(C)cc1-c1cc2c(N[C@H](c3ccc4c(c3)S(=O)(=O)CCC4)C(C)C)ncnc2[nH]1,'=',11.0,nM,7.96,0.486,2.501,0.007,0.018,100.0,,464.6,4.2,0,Replicase polyprotein 1ab
CHEMBL5441426,CC(C)[C@@H](Nc1ncnc2[nH]c(-c3cncc(S(C)(=O)=O)c3)cc12)c1ccc2c(c1)S(=O)(=O)CCC2,'=',39.0,nM,7.41,0.96,1.34,0.032,0.049,100.0,,525.66,3.95,1,Replicase polyprotein 1ab
CHEMBL5441412,CC(C)[C@H](Nc1ncnc2[nH]c(-c3cnn(C)c3)cc12)c1ccc2c(c1)S(=O)(=O)CCC2,'=',9145.0,nM,5.04,0.993,1.267,8.155,10.26,100.0,,450.57,3.89,0,Replicase polyprotein 1ab
CHEMBL5441431,CNC(=O)c1cccc(-c2cc3c(N[C@H](c4ccc5c(c4)S(=O)(=O)CCC5)C(C)C)ncnc3[nH]2)c1,'=',26.0,nM,7.58,0.99,1.828,0.024,0.028,100.0,,503.63,4.51,1,Replicase polyprotein 1ab
CHEMBL5441570,CC(C)[C@@H](Nc1ncnc2[nH]c(-c3ccc(S(N)(=O)=O)c4nsnc34)cc12)c1ccc2c(c1)S(=O)(=O)CCC2,'=',242.0,nM,6.62,0.967,1.784,0.192,0.306,100.0,,583.72,3.81,1,Replicase polyprotein 1ab
CHEMBL5441689,CC(C)[C@@H](Nc1ncnc2[nH]c(-c3cnc(N)nc3)cc12)c1ccc2c(c1)S(=O)(=O)CCC2,'=',106.0,nM,6.97,0.981,1.239,0.088,0.129,100.0,,463.57,3.53,0,Replicase polyprotein 1ab
CHEMBL5441776,CC(C)[C@@H](Nc1ncnc2[nH]c(C3=CCOC3)cc12)c1ccc2c(c1)S(=O)(=O)CCC2,'=',82.0,nM,7.09,0.971,1.425,0.066,0.103,100.0,,438.55,3.9,0,Replicase polyprotein 1ab
CHEMBL5441776,CC(C)[C@@H](Nc1ncnc2[nH]c(C3=CCOC3)cc12)c1ccc2c(c1)S(=O)(=O)CCC2,'=',244.0,nM,6.61,0.969,1.5,0.191,0.312,100.0,,438.55,3.9,0,Replicase polyprotein 1ab
CHEMBL5441829,CC(C)[C@@H](Nc1ncnc2[nH]c(-c3ccc(S(C)(=O)=O)nc3)cc12)c1ccc2c(c1)S(=O)(=O)CCC2,'=',60.0,nM,7.22,0.957,1.6,0.047,0.076,100.0,,525.66,3.95,1,Replicase polyprotein 1ab
CHEMBL5442055,Cc1nnn(C)c1-c1cc2c(N[C@@H](c3ccc4c(c3)S(=O)(=O)CCC4)C(C)C)ncnc2[nH]1,'=',419.0,nM,6.38,0.969,1.201,0.325,0.542,100.0,,465.58,3.59,0,Replicase polyprotein 1ab
CHEMBL5441896,CC(C)[C@@H](Nc1ncnc2[nH]c(-c3ccn(C)c(=O)c3)cc12)c1ccc2c(c1)S(=O)(=O)CCC2,'=',74.0,nM,7.13,0.964,1.42,0.059,0.094,100.0,,477.59,3.85,0,Replicase polyprotein 1ab
CHEMBL5441896,CC(C)[C@@H](Nc1ncnc2[nH]c(-c3ccn(C)c(=O)c3)cc12)c1ccc2c(c1)S(=O)(=O)CCC2,'=',112.0,nM,6.95,0.96,1.198,0.086,0.145,100.0,,477.59,3.85,0,Replicase polyprotein 1ab
CHEMBL5441738,CC(C)[C@@H](Nc1ncnc2[nH]ccc12)c1ccc2c(n1)S(=O)(=O)CCC2,'=',784.0,nM,6.11,0.998,1.153,0.728,0.844,100.0,,371.47,2.88,0,Replicase polyprotein 1ab
CHEMBL5441860,Cc1n[nH]c(C)c1-c1cc2c(N[C@@H](c3ccc4c(c3)S(=O)(=O)CCC4)C(C)C)ncnc2[nH]1,'=',503.0,nM,6.3,0.99,1.065,0.431,0.588,100.0,,464.6,4.49,0,Replicase polyprotein 1ab
CHEMBL5441510,CC(=O)Nc1ccc(-c2cc3c(N[C@@H](c4ccc5c(c4)S(=O)(=O)CCC5)C(C)C)ncnc3[nH]2)cc1F,'=',203.0,nM,6.69,0.983,1.046,0.165,0.249,100.0,,521.62,5.25,2,Replicase polyprotein 1ab
CHEMBL5441399,CCNC(=O)c1cc2c(N[C@@H](c3ccc4c(c3)OCCO4)C(C)C)ncnc2[nH]1,'=',614.0,nM,6.21,0.981,1.217,0.504,0.748,100.0,,395.46,3.29,0,Replicase polyprotein 1ab
CHEMBL5441556,CC(C)[C@@H](Nc1ncnc2c1OCCO2)c1ccc2c(c1)S(=O)(=O)CCC2,'>',99500.0,nM,,,,,,,Falls Outside The Dose Series,389.48,2.78,0,Replicase polyprotein 1ab
CHEMBL5442141,CC(C)[C@H](Nc1cc(N2CCOCC2)ncn1)c1ccc2c(c1)S(=O)(=O)CCC2,'>',99500.0,nM,,,,,,,Falls Outside The Dose Series,416.55,2.84,0,Replicase polyprotein 1ab
CHEMBL5441903,CC(=O)N1[C@@H]2CC[C@H]1c1c(ncnc1N[C@@H](c1ccc3c(c1)S(=O)(=O)CCC3)C(C)C)C2,'>',99500.0,nM,,0.831,0.899,,,100.0,Falls Outside The Dose Series,454.6,3.61,0,Replicase polyprotein 1ab
CHEMBL5441982,CC(C)[C@@H](Nc1ncnc2[nH]c(-c3cnn(C)c3)cc12)c1ccc2c(c1)S(=O)(=O)CCO2,'=',43.0,nM,7.37,0.997,1.79,0.041,0.045,100.0,,452.54,3.33,0,Replicase polyprotein 1ab
CHEMBL5441979,CC(C)[C@@H](Oc1cc(N)ncn1)c1ccc2c(c1)S(=O)(=O)CCC2,'=',67353.0,nM,4.17,0.97,1.05,57.52,78.86,100.0,,347.44,2.55,0,Replicase polyprotein 1ab
CHEMBL5441925,COc1ccc([C@@H](CC(=O)O)NC(=O)c2ncnc3[nH]ccc23)cc1,'=',3682.0,nM,5.43,0.995,1.313,3.333,4.068,100.0,,340.34,1.91,0,Replicase polyprotein 1ab
CHEMBL5441469,CC(C)[C@H](Nc1ncncc1-n1nccn1)c1ccc2c(c1)S(=O)(=O)CCC2,'>',99500.0,nM,,,,,,,Falls Outside The Dose Series,398.49,2.59,0,Replicase polyprotein 1ab
CHEMBL5441889,CC(C)[C@H](Nc1cc(NCC(F)(F)F)ncn1)c1ccc2c(c1)S(=O)(=O)CCC2,'>',99500.0,nM,,0.959,1.086,,,100.0,Falls Outside The Dose Series,428.48,3.98,0,Replicase polyprotein 1ab
CHEMBL5441524,CCNC(=O)c1cc2c(N[C@H](c3ccc4c(n3)S(=O)(=O)CCO4)C(C)C)ncnc2[nH]1,'=',110.0,nM,6.96,0.996,1.177,0.1,0.121,100.0,,444.52,2.08,0,Replicase polyprotein 1ab
CHEMBL5441409,COc1ccc([C@@H](Cc2nnn[nH]2)NC(=O)c2ncnc3[nH]ccc23)cc1,'=',9731.0,nM,5.01,0.991,1.192,8.517,11.12,100.0,,364.37,1.19,0,Replicase polyprotein 1ab
CHEMBL5441424,CNC(=O)Cn1cc(-c2cc3c(N[C@H](c4ccc5c(c4)S(=O)(=O)CCC5)C(C)C)ncnc3[nH]2)cn1,'=',375.0,nM,6.43,0.9,3.798,0.276,0.509,100.0,,507.62,3.1,1,Replicase polyprotein 1ab
CHEMBL5441962,CC(C)[C@H](Nc1ncnc2[nH]c(C(=O)N[C@@H]3CCN(C)C3)cc12)c1ccc2c(c1)S(=O)(=O)CCC2,'=',1621.0,nM,5.79,0.992,1.653,1.449,1.812,100.0,,496.64,2.92,0,Replicase polyprotein 1ab
CHEMBL5441430,CNC(=O)c1cc2c(N[C@@H](c3ccc4c(c3)S(=O)(=O)CCC4)C(C)C)ncnc2[nH]1,'=',38.0,nM,7.42,0.998,1.473,0.036,0.04,100.0,,427.53,2.85,0,Replicase polyprotein 1ab
CHEMBL5441551,CS(=O)(=O)NC1CCC(Nc2ccc([C@@H](CC(=O)O)NC(=O)c3ncnc4[nH]ccc34)cc2)CC1,'=',73741.0,nM,4.13,0.972,1.164,64.06,84.89,100.0,,500.58,2.18,1,Replicase polyprotein 1ab
CHEMBL5441857,Cc1cc(C)cc(CS(=O)(=O)Nc2cnc3[nH]ccc3c2)c1,'>',99500.0,nM,,,,,,,Falls Outside The Dose Series,315.4,3.12,0,Replicase polyprotein 1ab
CHEMBL5441922,Cc1noc(C)c1-c1cc2c(N[C@@H](c3ccc4c(c3)OCCO4)C(C)C)ncnc2[nH]1,'=',18480.0,nM,4.73,0.979,1.013,15.43,22.14,100.0,,419.49,4.81,0,Replicase polyprotein 1ab
CHEMBL5441942,Cc1ccc(-c2cc3c(N[C@@H](c4ccc5c(c4)OCCO5)C(C)C)ncnc3[nH]2)o1,'=',37565.0,nM,4.42,0.874,0.808,23.99,58.81,100.0,,404.47,5.11,1,Replicase polyprotein 1ab
CHEMBL5441488,O=C(c1ccccc1)N1CCC(c2ccn3ncc(C(=O)N4CCc5nc[nH]c5C4)c3c2)CC1,'>',99500.0,nM,,0.813,1.467,,,100.0,Falls Outside The Dose Series,454.53,3.28,0,Replicase polyprotein 1ab
CHEMBL5441821,O=C(O)C[C@@H](NC(=O)c1nccc2[nH]ncc12)c1ccc(Br)cc1,'=',24194.0,nM,4.62,0.99,1.188,21.72,26.95,100.0,,389.21,2.67,0,Replicase polyprotein 1ab
CHEMBL5441957,Cn1ncc2c(C(=O)N[C@@H](CC(=O)O)c3ccc(Br)cc3)ccnc21,'=',81723.0,nM,4.09,0.927,1.071,63.79,104.69,100.0,,403.24,2.68,0,Replicase polyprotein 1ab
CHEMBL5441796,O=C(O)C[C@@H](NC(=O)c1ccnc(-n2cccc2)c1)c1ccc(Br)cc1,'>',99500.0,nM,,0.812,1.838,,,100.0,Falls Outside The Dose Series,414.26,3.58,0,Replicase polyprotein 1ab
CHEMBL5441695,O=C(O)C[C@@H](NC(=O)c1ccnc2cn[nH]c12)c1ccc(Br)cc1,'=',10309.0,nM,4.99,0.993,1.197,9.196,11.56,100.0,,389.21,2.67,0,Replicase polyprotein 1ab
CHEMBL5442059,O=C(Nc1cccc2c(C(=O)N[C@@H]3c4ccccc4C[C@@H]3C(=O)O)c[nH]c12)NC1CC1,'=',3474.0,nM,5.46,0.996,1.233,3.162,3.817,100.0,,418.45,3.18,0,Replicase polyprotein 1ab
CHEMBL5442059,O=C(Nc1cccc2c(C(=O)N[C@@H]3c4ccccc4C[C@@H]3C(=O)O)c[nH]c12)NC1CC1,'=',3775.0,nM,5.42,0.987,1.059,3.154,4.518,100.0,,418.45,3.18,0,Replicase polyprotein 1ab
CHEMBL5441483,O=C(Nc1cccc2c(C(=O)N[C@@H](C(=O)O)c3ccc4c(c3)OCCO4)c[nH]c12)NC1CC1,'>',99500.0,nM,,0.961,1.125,,,100.0,Falls Outside The Dose Series,450.45,2.78,0,Replicase polyprotein 1ab
CHEMBL5441577,COCc1cc(CNc2ccc([C@@H](CC(=O)O)NC(=O)c3ncnc4[nH]ccc34)cc2)on1,'=',12377.0,nM,4.91,0.974,1.388,10.04,15.26,100.0,,450.46,2.65,0,Replicase polyprotein 1ab
CHEMBL5442088,Cc1[nH]c2ncnc(NC(=O)[C@@H]3CCCc4ncccc43)c2c1C,'>',99500.0,nM,,0.229,0.569,,,100.0,Falls Outside The Dose Series,321.38,3.03,0,Replicase polyprotein 1ab
CHEMBL5441918,O=C(O)C[C@@H](NC(=O)c1ncnc2[nH]ccc12)c1ccc(Cl)cc1,'=',3037.0,nM,5.52,0.997,1.166,2.788,3.308,100.0,,344.76,2.56,0,Replicase polyprotein 1ab
CHEMBL5442046,Cc1ccc([C@@H](CC(=O)O)NC(=O)c2ncnc3[nH]ccc23)cc1,'=',6387.0,nM,5.2,0.991,1.284,5.542,7.361,100.0,,324.34,2.21,0,Replicase polyprotein 1ab
CHEMBL5441599,Cc1[nH]c2ncnc(NC(=O)c3ccnnc3)c2c1C,'>',99500.0,nM,,0.721,3.237,,,100.0,Falls Outside The Dose Series,268.28,1.62,0,Replicase polyprotein 1ab
CHEMBL5441975,O=C(O)C[C@@H](NC(=O)c1cncc2[nH]ccc12)c1ccc(Br)cc1,'=',41309.0,nM,4.38,0.962,1.256,34.42,49.57,100.0,,388.22,3.27,0,Replicase polyprotein 1ab
CHEMBL5441547,NS(=O)(=O)C[C@@H](NC(=O)c1ncnc2[nH]ccc12)c1ccc(Br)cc1,'>',99500.0,nM,,0.681,0.736,,,100.0,Falls Outside The Dose Series,424.28,1.48,0,Replicase polyprotein 1ab
CHEMBL5441953,Cc1[nH]c2ncnc(NC(=O)c3cncc(Cl)n3)c2c1C,'>',99500.0,nM,,,,,,,Falls Outside The Dose Series,302.73,2.27,0,Replicase polyprotein 1ab
CHEMBL5441966,O=C(Nc1cccc2c(C(=O)N[C@@H](CO)c3ccc4c(c3)OCCO4)c[nH]c12)NC1CC1,'>',99500.0,nM,,,,,,,Falls Outside The Dose Series,436.47,2.69,0,Replicase polyprotein 1ab
CHEMBL5442021,CC(C)[C@@H](Nc1ncnc2ncccc12)c1ccc2c(c1)OCCO2,'>',99500.0,nM,,,,,,,Falls Outside The Dose Series,336.4,3.61,0,Replicase polyprotein 1ab
CHEMBL5442108,CC(C)[C@@H](NC(=O)c1ccccn1)c1ccc2c(c1)OCCO2,'>',99500.0,nM,,,,,,,Falls Outside The Dose Series,312.37,2.98,0,Replicase polyprotein 1ab
CHEMBL5442048,Cn1ncc2c(N[C@@H](c3ccc4c(c3)OCCO4)C3CC3)ncnc21,'>',99500.0,nM,,0.464,0.5,,,100.0,Falls Outside The Dose Series,337.38,2.7,0,Replicase polyprotein 1ab
CHEMBL5441931,O=C(Nc1cccc2c(C(=O)Nc3cc4c(cc3CO)OCCO4)c[nH]c12)NC1CC1,'>',99500.0,nM,,,,,,,Falls Outside The Dose Series,422.44,2.97,0,Replicase polyprotein 1ab
CHEMBL5441501,c1nc(Nc2ccc3c(c2)OCO3)c2cc[nH]c2n1,'>',99500.0,nM,,0.693,7.999,,,100.0,Falls Outside The Dose Series,254.25,2.43,0,Replicase polyprotein 1ab
CHEMBL5441811,CS(=O)(=O)Nc1ccc([C@@H](CC(=O)O)NC(=O)c2ncnc3[nH]ccc23)cc1,'=',10023.0,nM,5.0,0.99,1.182,8.753,11.48,100.0,,403.42,1.28,0,Replicase polyprotein 1ab
CHEMBL5441981,O=C(O)[C@@H](Nc1ncnc2[nH]ccc12)c1ccc2c(c1)OCCO2,'=',9410.0,nM,5.03,0.982,1.242,7.764,11.41,100.0,,326.31,1.97,0,Replicase polyprotein 1ab
CHEMBL5441635,c1nc(N[C@@H](c2ccc3c(c2)OCCO3)C2CCC2)c2cc[nH]c2n1,'=',5196.0,nM,5.28,0.98,1.134,4.163,6.485,100.0,,336.39,3.68,0,Replicase polyprotein 1ab
CHEMBL5441578,COc1cccc([C@@H](CC(=O)O)NC(=O)c2ncnc3[nH]ccc23)c1,'=',16299.0,nM,4.79,0.943,1.321,12.1,21.96,100.0,,340.34,1.91,0,Replicase polyprotein 1ab
CHEMBL5441832,O=C(O)C[C@@H](NC(=O)c1ccc(NC(=O)NC2CC2)cc1)c1cccnc1,'=',77115.0,nM,4.11,0.778,1.121,47.1,126.25,100.0,,368.39,2.31,0,Replicase polyprotein 1ab
CHEMBL5441765,CC(C)[C@@H](Nc1ncnc2[nH]c(-c3ccn(C(C)C)n3)cc12)c1ccc2c(c1)OCCO2,'=',2616.0,nM,5.58,0.924,1.179,1.757,3.896,100.0,,432.53,4.98,0,Replicase polyprotein 1ab
CHEMBL5441589,CC(C)[C@@H](Nc1ncnc2[nH]c(-c3cnn(-c4ccc(F)cc4)c3)cc12)c1ccc2c(c1)OCCO2,'=',25976.0,nM,4.58,0.914,0.699,17.54,38.47,100.0,,484.54,5.53,1,Replicase polyprotein 1ab
CHEMBL5442019,Cc1cc(-c2cc3c(N[C@@H](c4ccc5c(c4)OCCO5)C(C)C)ncnc3[nH]2)co1,'=',13554.0,nM,4.87,0.992,1.127,12.09,15.2,100.0,,404.47,5.11,1,Replicase polyprotein 1ab
CHEMBL5441699,O=C(Nc1ccccc1)Nc1ccc(C(=O)NC2c3cccc(O)c3CC2C(=O)O)cc1,'=',316.0,nM,6.5,0.994,1.3,0.283,0.352,100.0,,431.45,3.76,0,Replicase polyprotein 1ab
CHEMBL5441542,CC(C)[C@@H](Nc1ncnc2[nH]ccc12)c1cnc2c(c1)OCCO2,'>',99500.0,nM,,0.907,0.922,,,100.0,Falls Outside The Dose Series,325.37,2.93,0,Replicase polyprotein 1ab
CHEMBL5442059,O=C(Nc1cccc2c(C(=O)N[C@@H]3c4ccccc4C[C@@H]3C(=O)O)c[nH]c12)NC1CC1,'=',2278.0,nM,5.64,0.991,1.115,1.544,3.361,100.0,,418.45,3.18,0,Replicase polyprotein 1ab
CHEMBL5442002,CO[C@@H]1C[C@@H](C(=O)O)N(c2ncnc3[nH]ccc23)C1,'>',99500.0,nM,,0.892,0.953,,,100.0,Falls Outside The Dose Series,262.27,0.64,0,Replicase polyprotein 1ab
CHEMBL5169608,CC(C)[C@H](Nc1ncnc2[nH]ccc12)C(=O)O,'=',34091.0,nM,4.47,0.991,1.181,31.01,37.48,100.0,,234.26,1.48,0,Replicase polyprotein 1ab
CHEMBL5441702,CC(C)[C@@H](Nc1ncnc2[nH]cc(Cl)c12)c1ccc2c(c1)OCCO2,'=',7709.0,nM,5.11,0.988,1.528,6.653,8.934,100.0,,358.83,4.19,0,Replicase polyprotein 1ab
CHEMBL5441549,CNC(=O)c1c[nH]c2ncnc(N[C@@H](c3ccc4c(c3)OCCO4)C(C)C)c12,'=',728.0,nM,6.14,0.997,1.288,0.674,0.787,100.0,,381.44,2.9,0,Replicase polyprotein 1ab
CHEMBL5441441,CC(C)[C@@H](Nc1ncnc2[nH]c(-c3cnn(CC(N)=O)c3)cc12)c1ccc2c(c1)OCCO2,'=',247.0,nM,6.61,0.995,1.129,0.222,0.275,100.0,,447.5,2.89,0,Replicase polyprotein 1ab
CHEMBL5442110,CC(C)[C@@H](Nc1ncnc2[nH]c(-c3ccoc3)cc12)c1ccc2c(c1)OCCO2,'=',1523.0,nM,5.82,0.991,1.165,1.324,1.752,100.0,,390.44,4.8,0,Replicase polyprotein 1ab
CHEMBL5441619,CC(C)[C@@H](Nc1ncnc2[nH]c(-c3cnn(C(C)C)c3C#N)cc12)c1ccc2c(c1)OCCO2,'=',1844.0,nM,5.73,0.983,1.167,1.545,2.201,100.0,,457.54,4.85,0,Replicase polyprotein 1ab
CHEMBL5441681,CC(C)[C@H](Nc1ncnc2[nH]ccc12)c1ccc2c(c1)OCCO2,'=',44431.0,nM,4.35,0.981,0.963,38.75,50.95,100.0,,324.38,3.54,0,Replicase polyprotein 1ab
CHEMBL5441465,CC(C)[C@@H](Nc1ncnc2[nH]c(C3CCS(=O)(=O)CC3)cc12)c1ccc2c(c1)OCCO2,'=',1186.0,nM,5.93,0.995,1.119,1.069,1.316,100.0,,456.57,3.83,0,Replicase polyprotein 1ab
CHEMBL5442086,CCn1cc(-c2cc3c(N[C@@H](c4ccc5c(c4)OCCO5)C(C)C)ncnc3[nH]2)cn1,'=',652.0,nM,6.19,0.996,1.314,0.597,0.712,100.0,,418.5,4.42,0,Replicase polyprotein 1ab
CHEMBL5442094,COC(=O)c1c[nH]c(-c2cc3c(N[C@@H](c4ccc5c(c4)OCCO5)C(C)C)ncnc3[nH]2)c1,'=',2985.0,nM,5.53,0.983,1.011,2.439,3.653,100.0,,447.5,4.32,0,Replicase polyprotein 1ab
CHEMBL5442085,Cc1cc(-c2cc3c(N[C@@H](c4ccc5c(c4)OCCO5)C(C)C)ncnc3[nH]2)n(C)n1,'=',1023.0,nM,5.99,0.98,1.019,0.822,1.273,100.0,,418.5,4.25,0,Replicase polyprotein 1ab
CHEMBL5441699,O=C(Nc1ccccc1)Nc1ccc(C(=O)NC2c3cccc(O)c3CC2C(=O)O)cc1,'=',731.0,nM,6.14,0.981,0.923,0.585,0.912,100.0,,431.45,3.76,0,Replicase polyprotein 1ab
CHEMBL5441736,Cc1cnn(C)c1NC(=O)c1cc2c(N[C@@H](c3ccc4c(c3)OCCO4)C(C)C)ncnc2[nH]1,'>',99500.0,nM,,0.865,0.656,,,100.0,Falls Outside The Dose Series,461.53,3.83,0,Replicase polyprotein 1ab
CHEMBL5441430,CNC(=O)c1cc2c(N[C@@H](c3ccc4c(c3)S(=O)(=O)CCC4)C(C)C)ncnc2[nH]1,'=',78.0,nM,7.11,0.995,1.494,0.071,0.085,100.0,,427.53,2.85,0,Replicase polyprotein 1ab
CHEMBL5441595,CC(C)[C@@H](Nc1ncnc2[nH]c(C(=O)N[C@H]3[C@@H]4CN(C)C[C@@H]43)cc12)c1ccc2c(c1)OCCO2,'=',2064.0,nM,5.68,0.992,1.384,1.804,2.362,100.0,,462.55,2.83,0,Replicase polyprotein 1ab
CHEMBL5442087,CC(C)[C@@H](Nc1ncnc2[nH]c(C(=O)NC3CN(C)C3)cc12)c1ccc2c(c1)OCCO2,'=',3272.0,nM,5.49,0.993,1.443,2.881,3.716,100.0,,436.52,2.58,0,Replicase polyprotein 1ab
CHEMBL5441490,CC(C)[C@@H](Nc1ncnc2n[nH]cc12)c1ccc2c(c1)S(=O)(=O)CCC2,'=',939.0,nM,6.03,0.994,1.188,0.831,1.062,100.0,,371.47,2.88,0,Replicase polyprotein 1ab
CHEMBL5441413,CNC(=O)Cn1cc(-c2cc3c(N[C@@H](c4ccc5c(c4)S(=O)(=O)CCC5)C(C)C)ncnc3[nH]2)cn1,'=',35.0,nM,7.46,0.99,1.673,0.031,0.038,100.0,,507.62,3.1,1,Replicase polyprotein 1ab
CHEMBL5441627,CC(C)[C@@H](Nc1ncnc2[nH]c(C(=O)N[C@H]3[C@@H]4COC[C@@H]43)cc12)c1ccc2c(c1)OCCO2,'=',543.0,nM,6.26,0.997,1.253,0.499,0.592,100.0,,449.51,2.91,0,Replicase polyprotein 1ab
CHEMBL5441977,CC(C)[C@@H](Nc1ncnc2[nH]c(C(=O)NCCc3c[nH]nn3)cc12)c1ccc2c(c1)OCCO2,'=',947.0,nM,6.02,0.991,1.045,0.815,1.1,100.0,,462.51,2.63,0,Replicase polyprotein 1ab
CHEMBL5442070,CC(C)[C@@H](Nc1ncnc2[nH]c(C(=O)NCc3ccn(C)n3)cc12)c1ccc2c(c1)OCCO2,'=',955.0,nM,6.02,0.992,1.21,0.832,1.096,100.0,,461.53,3.2,0,Replicase polyprotein 1ab
CHEMBL5441610,CC(C)[C@@H](Nc1ncnc2[nH]ccc12)c1cccc(S(C)(=O)=O)c1,'=',96417.0,nM,4.02,0.929,1.232,77.01,120.71,100.0,,344.44,3.17,0,Replicase polyprotein 1ab
CHEMBL5442080,CC(C)[C@@H](c1ccc2c(c1)S(=O)(=O)CCC2)n1c(=O)[nH]c2c(N)ccnc21,'>',99500.0,nM,,,,,,,Falls Outside The Dose Series,386.48,2.27,0,Replicase polyprotein 1ab
CHEMBL5441985,COc1ccc([C@@H](NC(=O)c2ncnc3[nH]ccc23)C(C)(C)c2nnn[nH]2)cc1,'=',3911.0,nM,5.41,0.982,1.064,3.194,4.79,100.0,,392.42,1.93,0,Replicase polyprotein 1ab
CHEMBL5441989,CC(C)[C@H](Nc1ncnc2[nH]c(-c3cnn(C)c3C#N)cc12)c1ccc2c(c1)OCCO2,'=',238.0,nM,6.62,0.964,1.223,0.181,0.313,100.0,,429.48,3.81,0,Replicase polyprotein 1ab
CHEMBL5441737,CC(C)[C@@H](Nc1ncnc2[nH]ccc12)c1ccc2c(c1)S(=O)(=O)NCC2,'=',967.0,nM,6.01,0.989,1.168,0.825,1.134,100.0,,371.47,2.6,0,Replicase polyprotein 1ab
CHEMBL5441411,CCNC(=O)c1cc2c(N[C@@H](c3ccc4c(c3)S(=O)(=O)NCC4)C(C)C)ncnc2[nH]1,'=',197.0,nM,6.71,0.998,1.253,0.186,0.21,100.0,,442.55,2.35,0,Replicase polyprotein 1ab
CHEMBL5441436,CNC(=O)c1c[nH]c2ncnc(N[C@H](c3ccc4c(c3)S(=O)(=O)CCC4)C(C)C)c12,'=',120.0,nM,6.92,0.997,1.131,0.112,0.13,100.0,,427.53,2.85,0,Replicase polyprotein 1ab
CHEMBL5442161,CNC(=O)c1cc2c(N[C@H](c3ccc4c(c3)NC(=O)CO4)C(C)C)ncnc2[nH]1,'=',1340.0,nM,5.87,0.894,1.238,0.813,2.21,100.0,,394.44,2.46,0,Replicase polyprotein 1ab
CHEMBL5441471,CC(C)(C)[C@@H](Nc1ncnc2[nH]ccc12)c1ccc2c(c1)OCCO2,'=',1059.0,nM,5.97,0.993,1.264,0.934,1.202,100.0,,338.41,3.93,0,Replicase polyprotein 1ab
CHEMBL5441606,CC(C)[C@@H](Nc1ccc(NC(=O)NC2CC2)cc1)c1ccc2c(c1)OCCO2,'>',99500.0,nM,,,,,,,Falls Outside The Dose Series,381.48,4.55,0,Replicase polyprotein 1ab
CHEMBL5441492,CC(C)[C@@H](Nc1ncnc2[nH]c(-c3cccc(NC(N)=O)c3)cc12)c1ccc2c(c1)OCCO2,'=',5848.0,nM,5.23,0.939,0.893,3.983,8.588,100.0,,458.52,4.7,0,Replicase polyprotein 1ab
CHEMBL5442036,CC(C)[C@@H](Nc1ncnc2[nH]c(-c3cnn(CC(N)=O)c3)cc12)c1ccc2c(n1)NC(=O)CO2,'=',302.0,nM,6.52,0.981,1.171,0.247,0.369,100.0,,461.49,1.84,0,Replicase polyprotein 1ab
CHEMBL5441849,CC(C)[C@@H](Nc1ncnc2[nH]ccc12)c1ccc2nn[nH]c2c1,'=',4099.0,nM,5.39,0.991,1.234,3.535,4.754,100.0,,307.36,3.04,0,Replicase polyprotein 1ab
CHEMBL5441839,CC(C)[C@@H](Nc1cc(C(N)=O)ccn1)c1ccc2c(c1)S(=O)(=O)CCC2,'>',99500.0,nM,,0.563,0.681,,,100.0,Falls Outside The Dose Series,373.48,2.71,0,Replicase polyprotein 1ab
CHEMBL5441474,CCn1ncc(-c2cc3c(N[C@@H](c4ccc5c(c4)OCCO5)C(C)C)ncnc3[nH]2)c1C#N,'=',857.0,nM,6.07,0.987,1.169,0.722,1.017,100.0,,443.51,4.29,0,Replicase polyprotein 1ab
CHEMBL5441474,CCn1ncc(-c2cc3c(N[C@@H](c4ccc5c(c4)OCCO5)C(C)C)ncnc3[nH]2)c1C#N,'=',800.0,nM,6.1,0.991,1.053,0.69,0.926,100.0,,443.51,4.29,0,Replicase polyprotein 1ab
CHEMBL5441520,Cc1c(C#N)cncc1-c1cc2c(N[C@@H](c3ccc4c(c3)OCCO4)C(C)C)ncnc2[nH]1,'=',19155.0,nM,4.72,0.839,0.605,10.1,36.35,100.0,,440.51,4.78,0,Replicase polyprotein 1ab
CHEMBL5441643,CC(C)[C@@H](Nc1ncnc2[nH]c(-c3[nH]ncc3C3CC3)cc12)c1ccc2c(c1)OCCO2,'=',16109.0,nM,4.79,0.907,0.667,10.36,25.04,100.0,,430.51,4.81,0,Replicase polyprotein 1ab
CHEMBL5441876,c1nc(NCc2ccc3c(c2)OCCO3)c2cc[nH]c2n1,'=',80286.0,nM,4.09,0.965,1.251,69.51,92.73,100.0,,282.3,2.34,0,Replicase polyprotein 1ab
CHEMBL5441848,CC(C)[C@@H](NC(=O)c1cnn(-c2ccccc2)n1)c1ccc2c(c1)OCCO2,'>',99500.0,nM,,,,,,,Falls Outside The Dose Series,378.43,3.17,0,Replicase polyprotein 1ab
CHEMBL5441914,COc1ccc([C@@H](Nc2ncnc3[nH]ccc23)C(C)C)cc1,'=',6357.0,nM,5.2,0.996,1.083,5.783,6.988,100.0,,296.37,3.78,0,Replicase polyprotein 1ab
CHEMBL5441914,COc1ccc([C@@H](Nc2ncnc3[nH]ccc23)C(C)C)cc1,'=',8208.0,nM,5.09,0.989,1.255,7.106,9.48,100.0,,296.37,3.78,0,Replicase polyprotein 1ab
CHEMBL5441491,Cn1c(C(=O)O)c(NC(=O)c2ccc(NC(=O)NC3CC3)cc2)c2cccnc21,'>',99500.0,nM,,0.874,1.67,,,100.0,Falls Outside The Dose Series,393.4,2.81,0,Replicase polyprotein 1ab
CHEMBL5441937,O=C(O)C[C@@H](NC(=O)c1ccc(NC(=O)NC2CC2)cc1)c1cccc(O)c1,'=',8763.0,nM,5.06,0.993,1.273,7.789,9.86,100.0,,383.4,2.62,0,Replicase polyprotein 1ab
CHEMBL5441828,c1nc(N[C@@H](c2ccc3c(c2)OCCO3)C2CC2)c2cn[nH]c2n1,'=',19859.0,nM,4.7,0.986,1.212,17.32,22.77,100.0,,323.36,2.69,0,Replicase polyprotein 1ab
CHEMBL5441586,O=C(O)C[C@@H](NC(=O)c1ncnc2[nH]ccc12)c1ccc(NCC2=NO[C@@H]3COC[C@H]23)cc1,'=',7291.0,nM,5.14,0.993,1.195,6.432,8.264,100.0,,450.46,1.72,0,Replicase polyprotein 1ab
CHEMBL5442079,O=C(Nc1ccc2c(C(=O)N[C@@H]3c4ccccc4C[C@@H]3C(=O)O)cnn2c1)NC1CC1,'=',63771.0,nM,4.2,0.88,1.318,47.12,86.31,100.0,,419.44,2.35,0,Replicase polyprotein 1ab
CHEMBL5441628,O=C(Nc1ccc(C(=O)Nc2c(C(=O)O)sc3ccncc23)cc1)NC1CC1,'>',99500.0,nM,,,,,,,Falls Outside The Dose Series,396.43,3.53,0,Replicase polyprotein 1ab
CHEMBL5441973,Cc1nnc(Nc2ccc([C@@H](CC(=O)O)NC(=O)c3ncnc4[nH]ccc34)cc2)o1,'=',12220.0,nM,4.91,0.773,1.457,6.088,24.53,100.0,,407.39,2.34,0,Replicase polyprotein 1ab
CHEMBL5441973,Cc1nnc(Nc2ccc([C@@H](CC(=O)O)NC(=O)c3ncnc4[nH]ccc34)cc2)o1,'=',10103.0,nM,5.0,0.986,1.093,8.516,11.98,100.0,,407.39,2.34,0,Replicase polyprotein 1ab
CHEMBL5442090,C[C@@H](Nc1ncnc2[nH]ccc12)[C@@H]1CCS(=O)(=O)C1,'>',99500.0,nM,,0.632,0.836,,,100.0,Falls Outside The Dose Series,280.35,1.19,0,Replicase polyprotein 1ab
CHEMBL5442053,COc1ccc([C@@H](CC(=O)O)NC(=O)c2ccc(NC(=O)NC3CC3)cc2)cc1,'=',57461.0,nM,4.24,0.781,1.087,34.21,96.52,100.0,,397.43,2.92,0,Replicase polyprotein 1ab
CHEMBL5441416,CC(C)[C@@H](Nc1ncnc2[nH]c(-c3cnn(C)c3C#N)cc12)c1ccc2c(c1)OCCO2,'=',522.0,nM,6.28,0.986,1.249,0.438,0.622,100.0,,429.48,3.81,0,Replicase polyprotein 1ab
CHEMBL5441804,O=C(O)C[C@@H](NC(=O)c1ncnc2[nH]c3cc(F)ccc3c12)c1ccc(Br)cc1,'=',1005.0,nM,6.0,0.989,1.248,0.857,1.179,100.0,,457.26,3.96,0,Replicase polyprotein 1ab
CHEMBL5442012,CC(C)[C@@H](Nc1ncnc2[nH]ccc12)c1ccncc1,'>',12440.0,nM,,0.721,0.985,,,100.0,Falls Outside The Dose Series,267.34,3.16,0,Replicase polyprotein 1ab
CHEMBL5442035,CC(C)[C@@H](Nc1ncnc2[nH]ccc12)c1ccc2c(c1)N(C)CCO2,'=',31700.0,nM,4.5,0.975,1.036,26.64,37.72,100.0,,337.43,3.6,0,Replicase polyprotein 1ab
CHEMBL5441464,CC(C)[C@@H](Nc1ncnc2[nH]ccc12)c1ccc2c(c1)OCC(=O)N2,'=',27170.0,nM,4.57,0.984,1.187,23.7,31.15,100.0,,337.38,3.1,0,Replicase polyprotein 1ab
CHEMBL5441480,O=C(O)[C@@H](CC1CCCCC1)Nc1ncnc2[nH]ccc12,'=',71425.0,nM,4.15,0.948,1.237,59.5,85.74,100.0,,288.35,2.79,0,Replicase polyprotein 1ab
CHEMBL5441648,Cc1nnc(Nc2ccc(C(=O)N[C@@H]3c4cccc(O)c4C[C@H]3C(=O)O)cc2)o1,'=',25299.0,nM,4.6,0.934,1.698,19.62,32.62,100.0,,394.39,2.56,0,Replicase polyprotein 1ab
CHEMBL5441920,Cc1nnc(Nc2ccc(C(=O)N[C@H]3c4cccc(O)c4C[C@H]3C(=O)O)cc2)o1,'>',99500.0,nM,,0.489,1.076,,,100.0,Falls Outside The Dose Series,394.39,2.56,0,Replicase polyprotein 1ab
CHEMBL5442127,CCC[C@H](Nc1ncnc2[nH]ccc12)C(=O)O,'>',99500.0,nM,,0.82,1.144,,,100.0,Falls Outside The Dose Series,234.26,1.62,0,Replicase polyprotein 1ab
CHEMBL5441479,CC(C)[C@H](Nc1ncnc2[nH]cnc12)c1ccc2c(c1)S(=O)(=O)CCC2,'=',743.0,nM,6.13,0.996,1.319,0.672,0.822,100.0,,371.47,2.88,0,Replicase polyprotein 1ab
CHEMBL5441823,CC(C)[C@@H](Nc1ncnc2[nH]c(-c3cnn(CC(N)=O)c3)cc12)c1ccc2c(c1)NC(=O)CO2,'=',203.0,nM,6.69,0.982,1.279,0.167,0.247,100.0,,460.5,2.45,0,Replicase polyprotein 1ab
CHEMBL5441604,CC(C)[C@@H](Nc1ncnc2[nH]ccc12)c1ccc2c(c1)CCCS2(=O)=O,'=',3007.0,nM,5.52,0.99,1.442,2.611,3.464,100.0,,370.48,3.49,0,Replicase polyprotein 1ab
CHEMBL5441537,O=C(O)[C@@H](CC1CC1)Nc1ncnc2[nH]ccc12,'>',99500.0,nM,,0.891,1.134,,,100.0,Falls Outside The Dose Series,246.27,1.62,0,Replicase polyprotein 1ab
CHEMBL5441535,O=C(O)[C@@H]1C[C@H](F)CN1c1ncnc2[nH]ccc12,'>',99500.0,nM,,0.732,1.22,,,100.0,Falls Outside The Dose Series,250.23,0.96,0,Replicase polyprotein 1ab
CHEMBL5441462,CC(C)C[C@@H](Nc1ncnc2[nH]ccc12)C(=O)O,'>',99500.0,nM,,0.905,1.69,,,100.0,Falls Outside The Dose Series,248.29,1.87,0,Replicase polyprotein 1ab
CHEMBL5441401,CNCc1cc(-c2cc3c(N[C@@H](c4ccc5c(c4)S(=O)(=O)CCC5)C(C)C)ncnc3[nH]2)co1,'=',22.0,nM,7.66,0.997,1.658,0.021,0.023,100.0,,479.61,4.47,0,Replicase polyprotein 1ab
CHEMBL5441629,CCn1ccc(-c2cc3c(N[C@@H](c4ccc5c(c4)OCCO5)C(C)C)ncnc3[nH]2)n1,'=',1318.0,nM,5.88,0.974,1.058,1.029,1.687,100.0,,418.5,4.42,0,Replicase polyprotein 1ab
CHEMBL5441397,CC(C)[C@@H](Nc1ncnc2[nH]c(-c3cnn(C)c3)cc12)c1ccc2c(c1)S(=O)(=O)NCC2,'=',71.0,nM,7.15,0.998,1.401,0.067,0.075,100.0,,451.56,3.0,0,Replicase polyprotein 1ab
CHEMBL5441396,CC(C)[C@@H](Nc1ncnc2[nH]c(C(=O)N[C@@H]3CCN(C)C3)cc12)c1ccc2c(c1)S(=O)(=O)CCC2,'=',72.0,nM,7.14,0.998,1.434,0.068,0.076,100.0,,496.64,2.92,0,Replicase polyprotein 1ab
CHEMBL5441812,CC(C)[C@@H](Nc1ncnc2[nH]c(-c3ccnc(N4CCCC4)c3)cc12)c1ccc2c(c1)OCCO2,'=',16591.0,nM,4.78,0.924,0.829,11.31,24.33,100.0,,470.58,5.2,1,Replicase polyprotein 1ab
CHEMBL5441425,CC(C)[C@@H](Nc1ncnc2[nH]c(-c3ccc4cncn4c3)cc12)c1ccc2c(c1)S(=O)(=O)CCC2,'=',123.0,nM,6.91,0.996,1.323,0.113,0.134,100.0,,486.6,4.8,0,Replicase polyprotein 1ab
CHEMBL5442161,CNC(=O)c1cc2c(N[C@H](c3ccc4c(c3)NC(=O)CO4)C(C)C)ncnc2[nH]1,'=',5363.0,nM,5.27,0.995,1.533,4.858,5.921,100.0,,394.44,2.46,0,Replicase polyprotein 1ab
CHEMBL5441478,CNc1nccc(N[C@H](c2ccc3c(c2)S(=O)(=O)CCC3)C(C)C)n1,'>',99500.0,nM,,,,,,,Falls Outside The Dose Series,360.48,3.05,0,Replicase polyprotein 1ab
CHEMBL5441645,CC(C)[C@@H](Nc1ncnc2[nH]ccc12)c1cnn(C)c1,'=',3933.0,nM,5.41,0.995,1.128,3.503,4.415,100.0,,270.34,2.5,0,Replicase polyprotein 1ab
CHEMBL5441424,CNC(=O)Cn1cc(-c2cc3c(N[C@H](c4ccc5c(c4)S(=O)(=O)CCC5)C(C)C)ncnc3[nH]2)cn1,'=',6453.0,nM,5.19,0.986,1.202,5.405,7.705,100.0,,507.62,3.1,1,Replicase polyprotein 1ab
CHEMBL5442144,CC(C)[C@@H](Nc1ncnc2[nH]c(-c3ccnn3C(C)C)cc12)c1ccc2c(c1)OCCO2,'=',2938.0,nM,5.53,0.998,1.225,2.732,3.161,100.0,,432.53,4.98,0,Replicase polyprotein 1ab
CHEMBL5441766,Cc1c(-c2cc3c(N[C@@H](c4ccc5c(c4)OCCO5)C(C)C)ncnc3[nH]2)cnn1C,'=',639.0,nM,6.19,0.993,1.224,0.561,0.727,100.0,,418.5,4.25,0,Replicase polyprotein 1ab
CHEMBL5441490,CC(C)[C@@H](Nc1ncnc2n[nH]cc12)c1ccc2c(c1)S(=O)(=O)CCC2,'>',99500.0,nM,,0.827,0.979,,,100.0,Falls Outside The Dose Series,371.47,2.88,0,Replicase polyprotein 1ab
CHEMBL5441791,CC(=O)N1CCN(Cc2cccc(-c3cc4c(N[C@@H](c5ccc6c(c5)S(=O)(=O)CCC6)C(C)C)ncnc4[nH]3)c2)CC1,'=',258.0,nM,6.59,0.988,1.349,0.22,0.303,100.0,,586.76,4.82,1,Replicase polyprotein 1ab
CHEMBL5441813,CC(C)[C@@H](Nc1ncnc2[nH]c(-c3cnc4n3CCC4)cc12)c1ccc2c(c1)S(=O)(=O)CCC2,'=',51.0,nM,7.29,0.971,1.546,0.042,0.062,100.0,,476.61,4.3,0,Replicase polyprotein 1ab
CHEMBL5441813,CC(C)[C@@H](Nc1ncnc2[nH]c(-c3cnc4n3CCC4)cc12)c1ccc2c(c1)S(=O)(=O)CCC2,'=',65.0,nM,7.19,0.984,1.645,0.056,0.076,100.0,,476.61,4.3,0,Replicase polyprotein 1ab
CHEMBL5441519,CCNC(=O)c1cc2c(N[C@H](c3ccnc(N)c3)C(C)C)ncnc2[nH]1,'=',1791.0,nM,5.75,0.991,1.203,1.551,2.069,100.0,,353.43,2.49,0,Replicase polyprotein 1ab
CHEMBL5441778,CC(C)[C@H](Nc1ncnc2[nH]c(-c3cnn(CC(=O)N(C)C)c3)cc12)c1ccc2c(c1)OCCO2,'=',235.0,nM,6.63,0.998,1.229,0.22,0.251,100.0,,475.55,3.49,0,Replicase polyprotein 1ab
CHEMBL5441778,CC(C)[C@H](Nc1ncnc2[nH]c(-c3cnn(CC(=O)N(C)C)c3)cc12)c1ccc2c(c1)OCCO2,'=',395.0,nM,6.4,0.996,1.144,0.356,0.438,100.0,,475.55,3.49,0,Replicase polyprotein 1ab
CHEMBL5441432,CC(C)[C@@H](Nc1ncnc2[nH]c(-c3cnn(CC(=O)N(C)C)c3)cc12)c1ccc2c(c1)OCCO2,'=',26454.0,nM,4.58,0.983,1.214,23.03,30.39,100.0,,475.55,3.49,0,Replicase polyprotein 1ab
CHEMBL5441522,CC(C)[C@@H](Nc1cc(N2CCOCC2)ncn1)c1ccc2c(c1)S(=O)(=O)CCC2,'>',99500.0,nM,,0.276,0.504,,,100.0,Falls Outside The Dose Series,416.55,2.84,0,Replicase polyprotein 1ab
CHEMBL5441968,CC(C)[C@H](Nc1ncnc(N)c1F)c1ccc2c(c1)S(=O)(=O)CCC2,'>',99500.0,nM,,0.927,1.012,,,100.0,Falls Outside The Dose Series,364.45,2.73,0,Replicase polyprotein 1ab
CHEMBL5441902,CCNC(=O)c1cc2c(N[C@H](c3ccc4c(c3)NS(=O)(=O)CO4)C(C)C)ncnc2[nH]1,'=',38.0,nM,7.42,0.992,2.101,0.035,0.041,100.0,,444.52,2.61,0,Replicase polyprotein 1ab
CHEMBL5441933,Cc1nc(N)c(Cl)c(N[C@H](c2ccc3c(c2)S(=O)(=O)CCC3)C(C)C)n1,'>',99500.0,nM,,,,,,,Falls Outside The Dose Series,394.93,3.55,0,Replicase polyprotein 1ab
CHEMBL5441588,CCNC(=O)c1cc2c(NC3(c4ccc5c(c4)S(=O)(=O)CCC5)CC3)ncnc2[nH]1,'=',24631.0,nM,4.61,0.967,0.872,19.67,30.84,100.0,,425.51,2.53,0,Replicase polyprotein 1ab
CHEMBL5441864,COc1ncnc(N[C@H](c2ccc3c(c2)S(=O)(=O)CCC3)C(C)C)c1F,'>',99500.0,nM,,,,,,,Falls Outside The Dose Series,379.46,3.15,0,Replicase polyprotein 1ab
CHEMBL5441971,CCNC(=O)c1cc2c(N[C@H](c3ccc4c(n3)S(=O)(=O)CCC4)C(C)C)ncnc2[nH]1,'=',119.0,nM,6.92,0.995,1.392,0.108,0.132,100.0,,442.55,2.63,0,Replicase polyprotein 1ab
CHEMBL5441398,COc1ccc([C@H](Cc2nnn[nH]2)NC(=O)c2ncnc3[nH]ccc23)cc1,'=',319.0,nM,6.5,0.996,1.117,0.288,0.352,100.0,,364.37,1.19,0,Replicase polyprotein 1ab
CHEMBL5441739,CC(C)[C@@H](Nc1ncnc2[nH]c(Br)cc12)c1ccc2c(c1)S(=O)(=O)CCC2,'=',336.0,nM,6.47,0.985,1.165,0.278,0.405,100.0,,449.37,4.25,0,Replicase polyprotein 1ab
CHEMBL5441403,CNCc1cc(-c2cc3c(N[C@H](c4ccc5c(c4)S(=O)(=O)CCC5)C(C)C)ncnc3[nH]2)co1,'=',971.0,nM,6.01,0.966,1.809,0.747,1.262,100.0,,479.61,4.47,0,Replicase polyprotein 1ab
CHEMBL5441993,Cn1ncc(-c2cc3c(N[C@H](c4ccc5c(n4)OCCO5)C(C)(C)C)ncnc3[nH]2)c1C#N,'=',10833.0,nM,4.96,0.98,1.215,8.902,13.18,100.0,,444.5,3.6,0,Replicase polyprotein 1ab
CHEMBL5441390,CCNC(=O)c1cc2c(N[C@@H](c3ccc4c(c3)S(=O)(=O)CCC4)C(C)C)ncnc2[nH]1,'=',53.0,nM,7.28,0.995,1.588,0.048,0.057,100.0,,441.56,3.24,0,Replicase polyprotein 1ab
CHEMBL5442103,CNc1nc(C(=O)N[C@@H](Cc2nn[nH]n2)c2ccc(OC)cc2)c2ccnc-2[nH]1,'=',45705.0,nM,4.34,0.936,0.956,34.8,60.02,100.0,,393.41,1.19,0,Replicase polyprotein 1ab
CHEMBL5442103,CNc1nc(C(=O)N[C@@H](Cc2nn[nH]n2)c2ccc(OC)cc2)c2ccnc-2[nH]1,'=',44654.0,nM,4.35,0.94,0.89,33.87,58.87,100.0,,393.41,1.19,0,Replicase polyprotein 1ab
CHEMBL5441777,CNC(=O)c1cccc([C@@H](CC(=O)O)NC(=O)c2ncnc3[nH]ccc23)c1,'=',17369.0,nM,4.76,0.979,1.272,14.69,20.55,100.0,,367.37,1.26,0,Replicase polyprotein 1ab
CHEMBL5441529,CC(C)[C@@H](Nc1cc(-c2c[nH]cn2)ncn1)c1ccc2c(c1)OCCO2,'>',99500.0,nM,,,,,,,Falls Outside The Dose Series,351.41,3.45,0,Replicase polyprotein 1ab
CHEMBL5442029,CCn1cc(-c2cc3c(N[C@@H](c4ccc5c(c4)OCCO5)C(C)C)ncnc3[nH]2)c(C)n1,'=',423.0,nM,6.37,0.992,1.251,0.368,0.485,100.0,,432.53,4.73,0,Replicase polyprotein 1ab
CHEMBL5441418,CC(C)[C@@H](Nc1ncnc2[nH]cc(C(=O)NC3CC3)c12)c1ccc2c(c1)S(=O)(=O)CCC2,'=',145.0,nM,6.84,0.998,1.248,0.137,0.153,100.0,,453.57,3.38,0,Replicase polyprotein 1ab
CHEMBL5441851,CC(C)[C@@H](Nc1ncnc2[nH]c(-c3cn[nH]c3)cc12)c1ccc2c(c1)OCCO2,'=',713.0,nM,6.15,0.99,1.074,0.608,0.837,100.0,,390.45,3.93,0,Replicase polyprotein 1ab
CHEMBL5441653,Cc1nnn(C)c1-c1cc2c(N[C@@H](c3ccc4c(c3)OCCO4)C(C)C)ncnc2[nH]1,'=',10123.0,nM,5.0,0.967,0.999,7.853,13.05,100.0,,419.49,3.64,0,Replicase polyprotein 1ab
CHEMBL5442006,CC(C)[C@@H](Nc1ncnc2[nH]c(-c3ccc(CC#N)cc3)cc12)c1ccc2c(c1)OCCO2,'=',28876.0,nM,4.54,0.96,0.603,21.75,38.34,100.0,,439.52,5.27,1,Replicase polyprotein 1ab
CHEMBL5441924,Cc1ncc(-c2cc3c(N[C@@H](c4ccc5c(c4)OCCO5)C(C)C)ncnc3[nH]2)o1,'=',1403.0,nM,5.85,0.991,1.148,1.208,1.629,100.0,,405.46,4.5,0,Replicase polyprotein 1ab
CHEMBL5441887,Cn1c(C(=O)O)c(NC(=O)c2ccc(NC(=O)NC3CC3)cc2)c2ccccc21,'>',99500.0,nM,,,,,,,Falls Outside The Dose Series,392.42,3.41,0,Replicase polyprotein 1ab
CHEMBL5441659,COC(=O)C[C@@H](NC(=O)c1ncnc2[nH]ccc12)c1ccc(Br)cc1,'>',99500.0,nM,,,,,,,Falls Outside The Dose Series,403.24,2.75,0,Replicase polyprotein 1ab
CHEMBL5441742,O=C(O)C[C@@H](NC(=O)c1ncnc2[nH]ccc12)c1ccc(F)cc1,'=',2949.0,nM,5.53,0.994,1.345,2.623,3.315,100.0,,328.3,2.04,0,Replicase polyprotein 1ab
CHEMBL5441821,O=C(O)C[C@@H](NC(=O)c1nccc2[nH]ncc12)c1ccc(Br)cc1,'=',24672.0,nM,4.61,0.981,1.261,21.31,28.57,100.0,,389.21,2.67,0,Replicase polyprotein 1ab
CHEMBL5441873,O=C(O)C[C@@H](NC(=O)c1cccc2[nH]ncc12)c1ccc(Br)cc1,'>',99500.0,nM,,0.972,0.893,,,100.0,Falls Outside The Dose Series,388.22,3.27,0,Replicase polyprotein 1ab
CHEMBL5441899,O=C(O)C[C@@H](NC(=O)c1c[nH]c2ncccc12)c1ccc(Br)cc1,'=',29017.0,nM,4.54,0.986,1.241,25.76,32.68,100.0,,388.22,3.27,0,Replicase polyprotein 1ab
CHEMBL5441862,Cc1[nH]c2ncnc(NC(=O)c3ccc(-n4cnnc4)cc3)c2c1C,'>',99500.0,nM,,,,,,,Falls Outside The Dose Series,333.36,2.41,0,Replicase polyprotein 1ab
CHEMBL5441646,O=C(O)C[C@@H](CNC(=O)c1ncnc2[nH]ccc12)c1ccc(Cl)cc1,'=',65277.0,nM,4.18,0.98,1.159,57.83,73.68,100.0,,358.79,2.6,0,Replicase polyprotein 1ab
CHEMBL5442089,O=C(N[C@@H](C(=O)O)c1ccc(Br)cc1)c1ncnc2[nH]ccc12,'=',52149.0,nM,4.28,0.988,1.19,47.45,57.32,100.0,,375.18,2.28,0,Replicase polyprotein 1ab
CHEMBL5442042,COc1nn(C)cc1-c1cc2c(N[C@@H](c3ccc4c(c3)OCCO4)C(C)C)ncnc2[nH]1,'=',1789.0,nM,5.75,0.99,1.18,1.536,2.084,100.0,,434.5,3.95,0,Replicase polyprotein 1ab
CHEMBL5442039,CC(C)[C@@H](Nc1ncnc2[nH]c(-c3ccc4[nH]ncc4c3)cc12)c1ccc2c(c1)OCCO2,'=',20454.0,nM,4.69,0.932,0.751,14.39,29.07,100.0,,440.51,5.08,1,Replicase polyprotein 1ab
CHEMBL5442027,CC(C)[C@@H](Nc1ncnc2[nH]c(-c3ccc4nccn4c3)cc12)c1ccc2c(c1)OCCO2,'=',1382.0,nM,5.86,0.961,0.933,1.013,1.887,100.0,,440.51,4.85,0,Replicase polyprotein 1ab
CHEMBL5441573,CNCc1cc(-c2cc3c(N[C@@H](c4ccc5c(c4)OCCO5)C(C)C)ncnc3[nH]2)co1,'=',281.0,nM,6.55,0.995,1.212,0.253,0.312,100.0,,433.51,4.52,0,Replicase polyprotein 1ab
CHEMBL5441669,Cc1cc(-c2cc3c(N[C@@H](c4ccc5c(c4)OCCO5)C(C)C)ncnc3[nH]2)nn1C,'=',1625.0,nM,5.79,0.991,0.975,1.404,1.88,100.0,,418.5,4.25,0,Replicase polyprotein 1ab
CHEMBL5441468,CC(C)[C@@H](Nc1ncnc2[nH]c(-c3ccoc3C#N)cc12)c1ccc2c(c1)OCCO2,'=',2709.0,nM,5.57,0.935,0.974,1.827,4.016,100.0,,415.45,4.67,0,Replicase polyprotein 1ab
CHEMBL5441854,COC(=O)c1cc(-c2cc3c(N[C@@H](c4ccc5c(c4)OCCO5)C(C)C)ncnc3[nH]2)c[nH]1,'=',4995.0,nM,5.3,0.984,1.054,4.156,6.004,100.0,,447.5,4.32,0,Replicase polyprotein 1ab
CHEMBL5442120,CC(C)[C@@H](Nc1ncnc2[nH]c(-c3cnn(CC4(C#N)CC4)c3)cc12)c1ccc2c(c1)OCCO2,'=',446.0,nM,6.35,0.996,1.243,0.407,0.489,100.0,,469.55,4.71,0,Replicase polyprotein 1ab
CHEMBL5441874,Cc1ncc(-c2cc3c(N[C@@H](c4ccc5c(c4)OCCO5)C(C)C)ncnc3[nH]2)n1C,'=',674.0,nM,6.17,0.991,1.141,0.582,0.779,100.0,,418.5,4.25,0,Replicase polyprotein 1ab
CHEMBL5441958,Cc1cn[nH]c1-c1cc2c(N[C@@H](c3ccc4c(c3)OCCO4)C(C)C)ncnc2[nH]1,'=',6782.0,nM,5.17,0.989,1.215,5.815,7.909,100.0,,404.47,4.24,0,Replicase polyprotein 1ab
CHEMBL5441938,CC(C)[C@@H](Nc1ncnc2[nH]c(-c3cnn(C4CCC4)c3)cc12)c1ccc2c(c1)OCCO2,'=',1404.0,nM,5.85,0.991,1.082,1.207,1.633,100.0,,444.54,5.13,1,Replicase polyprotein 1ab
CHEMBL5441620,CC(C)[C@@H](Nc1ncnc2[nH]c(-c3cnn(C)c3)cc12)c1ccc2c(c1)OCCO2,'=',538.0,nM,6.27,0.994,1.26,0.48,0.604,100.0,,404.47,3.94,0,Replicase polyprotein 1ab
CHEMBL5441988,CNC(=O)c1cccc(-c2cc3c(N[C@@H](c4ccc5c(c4)OCCO5)C(C)C)ncnc3[nH]2)c1,'=',475.0,nM,6.32,0.959,1.268,0.352,0.639,100.0,,457.53,4.56,0,Replicase polyprotein 1ab
CHEMBL5441988,CNC(=O)c1cccc(-c2cc3c(N[C@@H](c4ccc5c(c4)OCCO5)C(C)C)ncnc3[nH]2)c1,'=',383.0,nM,6.42,0.964,0.916,0.283,0.516,100.0,,457.53,4.56,0,Replicase polyprotein 1ab
CHEMBL5441725,CC(C)[C@@H](Nc1ncnc2[nH]c(-c3cccc(CN4CCS(=O)(=O)CC4)c3)cc12)c1ccc2c(c1)OCCO2,'=',3252.0,nM,5.49,0.89,1.075,2.013,5.253,100.0,,547.68,4.44,1,Replicase polyprotein 1ab
CHEMBL5442006,CC(C)[C@@H](Nc1ncnc2[nH]c(-c3ccc(CC#N)cc3)cc12)c1ccc2c(c1)OCCO2,'=',26445.0,nM,4.58,0.949,0.618,18.91,36.99,100.0,,439.52,5.27,1,Replicase polyprotein 1ab
CHEMBL5441525,CC(C)[C@@H](Nc1ncnc2[nH]c([C@@H]3CCCNC3)cc12)c1ccc2c(c1)OCCO2,'=',5543.0,nM,5.26,0.986,1.252,4.619,6.652,100.0,,407.52,4.01,0,Replicase polyprotein 1ab
CHEMBL5441830,Cc1n[nH]c(C)c1-c1cc2c(N[C@@H](c3ccc4c(c3)OCCO4)C(C)C)ncnc2[nH]1,'=',31732.0,nM,4.5,0.938,1.272,24.43,41.22,100.0,,418.5,4.55,0,Replicase polyprotein 1ab
CHEMBL5441594,CNC(=O)c1c[nH]c2ncnc(N[C@@H](c3ccc4c(c3)S(=O)(=O)CCC4)C(C)C)c12,'=',163.0,nM,6.79,0.998,1.352,0.154,0.172,100.0,,427.53,2.85,0,Replicase polyprotein 1ab
CHEMBL5441481,Cc1nnc(CNC(=O)c2cc3c(N[C@@H](c4ccc5c(c4)OCCO5)C(C)C)ncnc3[nH]2)o1,'=',1118.0,nM,5.95,0.992,1.237,0.986,1.267,100.0,,463.5,3.16,0,Replicase polyprotein 1ab
CHEMBL5441699,O=C(Nc1ccccc1)Nc1ccc(C(=O)NC2c3cccc(O)c3CC2C(=O)O)cc1,'=',374.0,nM,6.43,0.998,1.144,0.349,0.401,100.0,,431.45,3.76,0,Replicase polyprotein 1ab
CHEMBL5441699,O=C(Nc1ccccc1)Nc1ccc(C(=O)NC2c3cccc(O)c3CC2C(=O)O)cc1,'=',353.0,nM,6.45,0.991,1.052,0.305,0.408,100.0,,431.45,3.76,0,Replicase polyprotein 1ab
CHEMBL5441699,O=C(Nc1ccccc1)Nc1ccc(C(=O)NC2c3cccc(O)c3CC2C(=O)O)cc1,'=',289.0,nM,6.54,0.996,1.098,0.263,0.318,100.0,,431.45,3.76,0,Replicase polyprotein 1ab
CHEMBL5441699,O=C(Nc1ccccc1)Nc1ccc(C(=O)NC2c3cccc(O)c3CC2C(=O)O)cc1,'=',632.0,nM,6.2,0.991,1.376,0.55,0.725,100.0,,431.45,3.76,0,Replicase polyprotein 1ab
CHEMBL5441433,CC(C)[C@@H](Nc1ncnc2[nH]c(-c3cnn(CC(=O)N(C)C)c3)cc12)c1ccc2c(c1)S(=O)(=O)CCC2,'=',39.0,nM,7.41,0.994,1.74,0.036,0.043,100.0,,521.65,3.44,1,Replicase polyprotein 1ab
CHEMBL5442067,CC(C)[C@@H](Nc1ncnc2[nH]c(C(=O)O)cc12)c1ccc2c(c1)OCCO2,'=',11537.0,nM,4.94,0.989,1.14,9.986,13.33,100.0,,368.39,3.24,0,Replicase polyprotein 1ab
CHEMBL5441429,CC(C)[C@@H](Nc1ncnc2[nH]c(-c3cnn(CC(N)=O)c3)cc12)c1ccc2c(c1)S(=O)(=O)CCC2,'=',39.0,nM,7.41,0.997,1.662,0.037,0.042,100.0,,493.59,2.84,0,Replicase polyprotein 1ab
CHEMBL5441936,CC(C)[C@@H](Nc1ncnc2[nH]c(C(=O)NCc3ncccn3)cc12)c1ccc2c(c1)OCCO2,'=',2943.0,nM,5.53,0.993,1.224,2.601,3.329,100.0,,459.51,3.26,0,Replicase polyprotein 1ab
CHEMBL5441735,CNc1nccc(N[C@@H](c2ccc3c(c2)S(=O)(=O)CCC3)C(C)C)n1,'>',99500.0,nM,,,,,,,Falls Outside The Dose Series,360.48,3.05,0,Replicase polyprotein 1ab
CHEMBL5441699,O=C(Nc1ccccc1)Nc1ccc(C(=O)NC2c3cccc(O)c3CC2C(=O)O)cc1,'=',470.0,nM,6.33,0.983,1.425,0.385,0.573,100.0,,431.45,3.76,0,Replicase polyprotein 1ab
CHEMBL5441699,O=C(Nc1ccccc1)Nc1ccc(C(=O)NC2c3cccc(O)c3CC2C(=O)O)cc1,'=',653.0,nM,6.18,0.989,1.325,0.558,0.763,100.0,,431.45,3.76,0,Replicase polyprotein 1ab
CHEMBL5442066,Cc1nc(C(=O)N2CCC(c3ccn4ncc(C(=O)N5CCCCC5)c4c3)CC2)c(=O)[nH]c1C,'>',99500.0,nM,,0.964,1.1,,,100.0,Falls Outside The Dose Series,462.55,2.68,0,Replicase polyprotein 1ab
CHEMBL5441745,CC(C)(NC(=O)c1ncnc2[nH]ccc12)c1cc(C(=O)O)[nH]n1,'>',99500.0,nM,,0.593,1.293,,,100.0,Falls Outside The Dose Series,314.31,1.04,0,Replicase polyprotein 1ab
CHEMBL5441840,Cc1csc(NC(=O)CSC[C@@H](NC(=O)c2ncnc3[nH]ccc23)C(=O)O)n1,'>',99500.0,nM,,0.695,7.922,,,100.0,Falls Outside The Dose Series,420.48,1.28,0,Replicase polyprotein 1ab
CHEMBL5442011,Cc1[nH]c2ncnc(NC(=O)C3CC(C(F)(F)F)C3)c2c1C,'>',99500.0,nM,,0.101,0.5,,,100.0,Falls Outside The Dose Series,312.3,3.1,0,Replicase polyprotein 1ab
CHEMBL5441912,O=C(Nc1ccc(C(=O)Nc2c(C(=O)O)sc3cnccc23)cc1)NC1CC1,'>',99500.0,nM,,,,,,,Falls Outside The Dose Series,396.43,3.53,0,Replicase polyprotein 1ab
CHEMBL5441770,C=CCn1c(Sc2ncnc3[nH]ccc23)nc2sccc2c1=O,'>',99500.0,nM,,,,,,,Falls Outside The Dose Series,341.42,3.07,0,Replicase polyprotein 1ab
CHEMBL5441616,Cc1nc(C)c(CC(=O)Nc2cnc3[nH]ncc3c2)c(=O)[nH]1,'>',99500.0,nM,,,,,,,Falls Outside The Dose Series,298.31,0.84,0,Replicase polyprotein 1ab
CHEMBL5442101,Cn1ncc2c(NCc3ncccc3O)ncnc21,'>',124375.0,nM,,,,,,,Falls Outside The Dose Series,256.27,1.08,0,Replicase polyprotein 1ab
CHEMBL5441494,OC[C@@]1(Cc2ccc(F)cc2)CCN(c2ncnc3[nH]ccc23)C1,'>',99500.0,nM,,0.555,0.606,,,100.0,Falls Outside The Dose Series,326.38,2.53,0,Replicase polyprotein 1ab
CHEMBL5441622,O=C(O)c1sccc1C(=O)N1CCC(c2ccn3ncc(C(=O)N4CCCCC4)c3c2)CC1,'=',37984.0,nM,4.42,0.616,1.136,19.64,73.44,100.0,,466.56,3.74,0,Replicase polyprotein 1ab
CHEMBL5441806,Cc1nccc(C(=O)N2CCC(c3ccn4ncc(C(=O)N5CCCCC5)c4c3)CC2)n1,'>',99500.0,nM,,0.849,1.109,,,100.0,Falls Outside The Dose Series,432.53,3.08,0,Replicase polyprotein 1ab
CHEMBL5441644,O=C(c1cn2ncccc2n1)N1CCC(c2ccn3ncc(C(=O)N4CCCCC4)c3c2)CC1,'>',99500.0,nM,,0.942,1.258,,,100.0,Falls Outside The Dose Series,457.54,3.02,0,Replicase polyprotein 1ab
CHEMBL5441581,O=C(N[C@@H](C(=O)O)C1Cc2ccccc2C1)c1ncnc2[nH]ccc12,'>',99500.0,nM,,0.53,1.666,,,100.0,Falls Outside The Dose Series,336.35,1.56,0,Replicase polyprotein 1ab
CHEMBL5441688,C[C@@H](Cc1ccc(Cl)s1)Nc1ccc([C@@H](CC(=O)O)NC(=O)c2ncnc3[nH]ccc23)cc1,'=',46659.0,nM,4.33,0.968,1.971,40.81,53.34,100.0,,483.98,4.66,0,Replicase polyprotein 1ab
CHEMBL5441565,CS(=O)(=O)NC1CCC(Nc2ccc([C@@H](CC(=O)O)NC(=O)c3c[nH]c4ncncc34)cc2)CC1,'>',99500.0,nM,,0.901,1.19,,,100.0,Falls Outside The Dose Series,500.58,2.18,1,Replicase polyprotein 1ab
CHEMBL5441861,O=C(O)C[C@@H](NC(=O)c1ncnc2[nH]ccc12)c1ccncc1,'=',34497.0,nM,4.46,0.97,1.018,28.77,41.37,100.0,,311.3,1.3,0,Replicase polyprotein 1ab
CHEMBL5441699,O=C(Nc1ccccc1)Nc1ccc(C(=O)NC2c3cccc(O)c3CC2C(=O)O)cc1,'=',650.0,nM,6.19,0.992,1.451,0.592,0.713,100.0,,431.45,3.76,0,Replicase polyprotein 1ab
CHEMBL5441699,O=C(Nc1ccccc1)Nc1ccc(C(=O)NC2c3cccc(O)c3CC2C(=O)O)cc1,'=',430.0,nM,6.37,0.996,1.222,0.391,0.472,100.0,,431.45,3.76,0,Replicase polyprotein 1ab
CHEMBL5442014,CCN(Cc1nnc(C)o1)C(=O)c1cnn2ccc(C3CCN(C(=O)c4ccccc4)CC3)cc12,,,,,,,,,,,472.55,3.71,0,Replicase polyprotein 1ab
CHEMBL5441907,O=C(c1cccnc1S)N1CCC(c2ccn3ncc(C(=O)N4CCCCC4)c3c2)CC1,'=',61559.0,nM,4.21,0.947,1.027,49.07,77.23,100.0,,449.58,3.66,0,Replicase polyprotein 1ab
CHEMBL5441698,O=C(N[C@@H](C(=O)O)c1ccc2c(c1)CCO2)c1ncnc2[nH]ccc12,'=',74635.0,nM,4.13,0.974,1.439,66.74,83.46,100.0,,338.32,1.45,0,Replicase polyprotein 1ab
CHEMBL5441551,CS(=O)(=O)NC1CCC(Nc2ccc([C@@H](CC(=O)O)NC(=O)c3ncnc4[nH]ccc34)cc2)CC1,'=',86018.0,nM,4.07,0.952,1.141,71.18,103.95,100.0,,500.58,2.18,1,Replicase polyprotein 1ab
CHEMBL5441921,O=C(N[C@@H]1CCC[C@@H]1C(=O)O)c1cnn2ccc(C3CCN(C(=O)c4ccc(Cl)cc4)CC3)cc12,'=',24495.0,nM,4.61,0.981,1.397,21.26,28.22,100.0,,494.98,3.99,0,Replicase polyprotein 1ab
CHEMBL5441631,Cc1[nH]c2ncnc(NC(=O)c3ccc(-n4cccn4)nc3)c2c1C,'>',99500.0,nM,,,,,,,Falls Outside The Dose Series,333.36,2.41,0,Replicase polyprotein 1ab
CHEMBL5441699,O=C(Nc1ccccc1)Nc1ccc(C(=O)NC2c3cccc(O)c3CC2C(=O)O)cc1,'=',462.0,nM,6.33,0.985,1.147,0.378,0.564,100.0,,431.45,3.76,0,Replicase polyprotein 1ab
CHEMBL5441699,O=C(Nc1ccccc1)Nc1ccc(C(=O)NC2c3cccc(O)c3CC2C(=O)O)cc1,'=',599.0,nM,6.22,0.516,2.594,0.137,2.623,100.0,,431.45,3.76,0,Replicase polyprotein 1ab
CHEMBL5441673,O=C(NCc1cc2n(n1)CCCC2)c1cc2cncnc2[nH]1,'>',124375.0,nM,,,,,,,Falls Outside The Dose Series,296.33,1.42,0,Replicase polyprotein 1ab
CHEMBL5441775,O=C(NCc1ccccc1F)c1ncnc2[nH]ccc12,'>',99500.0,nM,,,,,,,Falls Outside The Dose Series,270.27,2.03,0,Replicase polyprotein 1ab
CHEMBL5441637,CC(C)[C@H]1N(c2ncnc3[nH]ccc23)CC12CCOCC2,'>',99500.0,nM,,0.902,1.28,,,100.0,Falls Outside The Dose Series,286.38,2.6,0,Replicase polyprotein 1ab
CHEMBL5441640,Cc1ncnc2c1C[C@@H](C(=O)N(C)CC[C@@H](Nc1ncnc3[nH]ccc13)C(C)C)CC2,'>',99500.0,nM,,0.419,2.973,,,100.0,Falls Outside The Dose Series,421.55,3.15,0,Replicase polyprotein 1ab
CHEMBL5441684,O=C(O)C[C@@H](NC(=O)c1ncnc2[nH]ccc12)c1ccc(Nc2nnc(C3CC3)o2)cc1,'=',3778.0,nM,5.42,0.989,1.292,3.21,4.445,100.0,,433.43,2.91,0,Replicase polyprotein 1ab
CHEMBL5441684,O=C(O)C[C@@H](NC(=O)c1ncnc2[nH]ccc12)c1ccc(Nc2nnc(C3CC3)o2)cc1,'=',4547.0,nM,5.34,0.989,1.601,3.894,5.31,100.0,,433.43,2.91,0,Replicase polyprotein 1ab
CHEMBL5442130,CC(C)[C@@H](CN1CCCCC1)Nc1ncnc2[nH]ccc12,'>',99500.0,nM,,,,,,,Falls Outside The Dose Series,287.41,2.88,0,Replicase polyprotein 1ab
CHEMBL5442026,Cc1[nH]c2ncnc(NC(=O)c3ccc(Cl)cn3)c2c1C,'>',99500.0,nM,,,,,,,Falls Outside The Dose Series,301.74,2.88,0,Replicase polyprotein 1ab
CHEMBL5441590,Cc1[nH]c2ncnc(NC(=O)c3ccc(Cl)nn3)c2c1C,'>',99500.0,nM,,,,,,,Falls Outside The Dose Series,302.73,2.27,0,Replicase polyprotein 1ab
CHEMBL5442135,O=C(N[C@@H]1CCC[C@@H]1C(=O)O)c1cnn2ccc(C3CCN(C(=O)c4ccc(Cl)c(Cl)c4)CC3)cc12,'=',38017.0,nM,4.42,0.979,1.34,33.28,43.42,100.0,,529.42,4.64,1,Replicase polyprotein 1ab
CHEMBL5441991,CC(C)[C@@H](Nc1ncnc2[nH]c(C3=CCS(=O)(=O)C3)cc12)c1ccc2c(c1)S(=O)(=O)CCC2,'=',171.0,nM,6.77,0.966,1.583,0.133,0.219,100.0,,486.62,3.3,0,Replicase polyprotein 1ab
CHEMBL5441394,CC(C)[C@H](Nc1ncnc2[nH]c(-c3cnn(CC(N)=O)c3)cc12)c1ccc2c(c1)S(=O)(=O)CCC2,'=',31.0,nM,7.51,0.991,1.508,0.028,0.034,100.0,,493.59,2.84,0,Replicase polyprotein 1ab
CHEMBL5441838,CCNC(=O)c1cc2c(N[C@@H](c3ccc4c(c3)S(=O)(=O)CCC4)C3CC3)ncnc2[nH]1,'=',261.0,nM,6.58,0.997,1.215,0.241,0.283,100.0,,439.54,2.99,0,Replicase polyprotein 1ab
CHEMBL5441596,CCNC(=O)c1cc2c(N[C@@H](c3ccc4c(n3)NC(=O)CO4)C(C)C)ncnc2[nH]1,'=',574.0,nM,6.24,0.996,1.109,0.522,0.632,100.0,,409.45,2.24,0,Replicase polyprotein 1ab
CHEMBL5441395,Cc1nn(C)cc1-c1cc2c(N[C@H](c3ccc4c(c3)S(=O)(=O)CCC4)C(C)C)ncnc2[nH]1,'=',28.0,nM,7.55,0.994,2.106,0.026,0.03,100.0,,464.6,4.2,0,Replicase polyprotein 1ab
CHEMBL5441395,Cc1nn(C)cc1-c1cc2c(N[C@H](c3ccc4c(c3)S(=O)(=O)CCC4)C(C)C)ncnc2[nH]1,'=',24.0,nM,7.62,0.985,1.606,0.022,0.027,100.0,,464.6,4.2,0,Replicase polyprotein 1ab
CHEMBL5441395,Cc1nn(C)cc1-c1cc2c(N[C@H](c3ccc4c(c3)S(=O)(=O)CCC4)C(C)C)ncnc2[nH]1,'=',36.0,nM,7.44,0.982,2.289,0.025,0.051,100.0,,464.6,4.2,0,Replicase polyprotein 1ab
CHEMBL5441422,CC(C)[C@@H](Nc1ncnc2[nH]c(-c3cnn(CC(N)=O)c3)cc12)c1ccc2c(n1)OCCO2,'=',134.0,nM,6.87,0.995,1.275,0.118,0.152,100.0,,448.49,2.28,0,Replicase polyprotein 1ab
CHEMBL5441426,CC(C)[C@@H](Nc1ncnc2[nH]c(-c3cncc(S(C)(=O)=O)c3)cc12)c1ccc2c(c1)S(=O)(=O)CCC2,'=',79.0,nM,7.1,0.988,1.446,0.069,0.09,100.0,,525.66,3.95,1,Replicase polyprotein 1ab
CHEMBL5441420,CC(C)[C@@H](Nc1ncnc2[nH]c(-c3cnn(C)c3)cc12)c1ccc2c(c1)S(=O)(=O)CCC2,'=',17.0,nM,7.77,0.979,1.344,0.015,0.019,100.0,,450.57,3.89,0,Replicase polyprotein 1ab
CHEMBL5441402,CC(C)(C)[C@H](Nc1ncnc2[nH]c(-c3cnn(CC(N)=O)c3)cc12)c1ccc2c(c1)OCCO2,'=',122.0,nM,6.91,0.991,1.068,0.106,0.141,100.0,,461.53,3.28,0,Replicase polyprotein 1ab
CHEMBL5441390,CCNC(=O)c1cc2c(N[C@@H](c3ccc4c(c3)S(=O)(=O)CCC4)C(C)C)ncnc2[nH]1,'=',20.0,nM,7.7,0.995,1.399,0.019,0.022,100.0,,441.56,3.24,0,Replicase polyprotein 1ab
CHEMBL5441390,CCNC(=O)c1cc2c(N[C@@H](c3ccc4c(c3)S(=O)(=O)CCC4)C(C)C)ncnc2[nH]1,'=',34.0,nM,7.47,0.98,1.492,0.029,0.039,100.0,,441.56,3.24,0,Replicase polyprotein 1ab
CHEMBL5441473,CC(C)[C@@H](Nc1ncnc2[nH]c(-c3ccc(S(=O)(=O)NCCO)cc3)cc12)c1ccc2c(c1)S(=O)(=O)CCC2,'=',100.0,nM,7.0,0.992,1.445,0.089,0.113,100.0,,569.71,3.42,1,Replicase polyprotein 1ab
CHEMBL5441871,CC(C)[C@@H](Nc1ncnc2[nH]c(-c3ccc(=O)n(C)c3)cc12)c1ccc2c(c1)S(=O)(=O)CCC2,'=',50.0,nM,7.3,0.965,1.766,0.041,0.062,100.0,,477.59,3.85,0,Replicase polyprotein 1ab
CHEMBL5441871,CC(C)[C@@H](Nc1ncnc2[nH]c(-c3ccc(=O)n(C)c3)cc12)c1ccc2c(c1)S(=O)(=O)CCC2,'=',46.0,nM,7.34,0.994,2.158,0.043,0.05,100.0,,477.59,3.85,0,Replicase polyprotein 1ab
CHEMBL5442054,CC(C)[C@@H](Nc1ncnc2[nH]c(-c3cn[nH]c3)cc12)c1ccc2c(c1)S(=O)(=O)CCC2,'=',58.0,nM,7.24,0.996,1.794,0.054,0.063,100.0,,436.54,3.88,0,Replicase polyprotein 1ab
CHEMBL5442055,Cc1nnn(C)c1-c1cc2c(N[C@@H](c3ccc4c(c3)S(=O)(=O)CCC4)C(C)C)ncnc2[nH]1,'=',414.0,nM,6.38,0.941,0.973,0.288,0.595,100.0,,465.58,3.59,0,Replicase polyprotein 1ab
CHEMBL5442045,CC(C)[C@@H](Nc1ncnc2[nH]c(C(=O)NCCC3CN(C)C3)cc12)c1ccc2c(c1)OCCO2,'=',894.0,nM,6.05,0.996,1.194,0.816,0.98,100.0,,464.57,3.22,0,Replicase polyprotein 1ab
CHEMBL5441865,O=C(O)C[C@@H](NC(=O)c1ccc(NC(=O)NC2CC2)cc1)c1cccc(C(F)F)c1,'=',72299.0,nM,4.14,0.939,1.158,58.18,89.84,100.0,,417.41,3.85,0,Replicase polyprotein 1ab
CHEMBL5441703,O=C(O)[C@@H]1[C@@H](c2ccccc2)CCN1c1ncnc2[nH]ccc12,'>',99500.0,nM,,0.928,1.084,,,100.0,Falls Outside The Dose Series,308.34,2.4,0,Replicase polyprotein 1ab
CHEMBL5441401,CNCc1cc(-c2cc3c(N[C@@H](c4ccc5c(c4)S(=O)(=O)CCC5)C(C)C)ncnc3[nH]2)co1,'=',19.0,nM,7.72,0.992,1.341,0.017,0.02,100.0,,479.61,4.47,0,Replicase polyprotein 1ab
CHEMBL5442076,Cc1cc(-c2cc3c(N[C@@H](c4ccc5c(c4)OCCO5)C(C)C)ncnc3[nH]2)c[nH]1,'=',10248.0,nM,4.99,0.991,0.959,8.94,11.75,100.0,,403.49,4.84,0,Replicase polyprotein 1ab
CHEMBL5441822,CC(C)[C@@H](Nc1ncnc2[nH]c(-c3cnc4c(c3)CC(=O)N4)cc12)c1ccc2c(c1)OCCO2,'=',1505.0,nM,5.82,0.991,0.919,1.298,1.745,100.0,,456.51,4.09,0,Replicase polyprotein 1ab
CHEMBL5441548,CC(C)[C@@H](Nc1ncnc2[nH]ccc12)c1ccc2cn[nH]c2c1,'>',99500.0,nM,,,,,,,Falls Outside The Dose Series,306.37,3.64,0,Replicase polyprotein 1ab
CHEMBL5441938,CC(C)[C@@H](Nc1ncnc2[nH]c(-c3cnn(C4CCC4)c3)cc12)c1ccc2c(c1)OCCO2,'=',1518.0,nM,5.82,0.99,1.213,1.317,1.75,100.0,,444.54,5.13,1,Replicase polyprotein 1ab
CHEMBL5441664,Cc1occc1-c1cc2c(N[C@@H](c3ccc4c(c3)OCCO4)C(C)C)ncnc2[nH]1,'=',8537.0,nM,5.07,0.962,1.03,6.478,11.25,100.0,,404.47,5.11,1,Replicase polyprotein 1ab
CHEMBL5441823,CC(C)[C@@H](Nc1ncnc2[nH]c(-c3cnn(CC(N)=O)c3)cc12)c1ccc2c(c1)NC(=O)CO2,'=',230.0,nM,6.64,0.979,1.09,0.184,0.288,100.0,,460.5,2.45,0,Replicase polyprotein 1ab
CHEMBL5441505,CC(C)[C@H](Nc1ccnc2[nH]ccc12)c1ccc2c(c1)S(=O)(=O)CCC2,'>',99500.0,nM,,0.947,1.313,,,100.0,Falls Outside The Dose Series,369.49,4.09,0,Replicase polyprotein 1ab
CHEMBL5441949,CCNC(=O)c1cc2c(NC3(c4ccc5c(c4)S(=O)(=O)CCC5)CCC3)ncnc2[nH]1,'=',3053.0,nM,5.51,0.996,1.178,2.758,3.38,100.0,,439.54,2.92,0,Replicase polyprotein 1ab
CHEMBL5442054,CC(C)[C@@H](Nc1ncnc2[nH]c(-c3cn[nH]c3)cc12)c1ccc2c(c1)S(=O)(=O)CCC2,'=',52.0,nM,7.28,0.998,1.822,0.049,0.055,100.0,,436.54,3.88,0,Replicase polyprotein 1ab
CHEMBL5441856,CC(C)[C@@H](Nc1ncnc2[nH]c(-c3cc4c(cc3F)NC(=O)CC4)cc12)c1ccc2c(c1)S(=O)(=O)CCC2,'=',345.0,nM,6.46,0.99,1.273,0.298,0.399,100.0,,533.63,5.18,2,Replicase polyprotein 1ab
CHEMBL5441439,CCNC(=O)c1cc2c(N[C@H](c3ccc4c(c3)OCCO4)C(C)C)ncnc2[nH]1,'=',46826.0,nM,4.33,0.968,0.97,39.22,55.91,100.0,,395.46,3.29,0,Replicase polyprotein 1ab
CHEMBL5442133,CC(C)[C@@H](Nc1ccncn1)c1ccc2c(c1)S(=O)(=O)CCC2,'>',99500.0,nM,,0.811,1.27,,,100.0,Falls Outside The Dose Series,331.44,3.01,0,Replicase polyprotein 1ab
CHEMBL5441786,CC(C)[C@H](Nc1ncnc(-n2cccn2)n1)c1ccc2c(c1)S(=O)(=O)CCC2,'>',99500.0,nM,,,,,,,Falls Outside The Dose Series,398.49,2.59,0,Replicase polyprotein 1ab
CHEMBL5442069,CC(C)[C@@H](Nc1cc(NCC(F)(F)F)ncn1)c1ccc2c(c1)S(=O)(=O)CCC2,'=',2245.0,nM,5.65,0.994,1.159,2.002,2.517,100.0,,428.48,3.98,0,Replicase polyprotein 1ab
CHEMBL5441438,C[C@@H](C(=O)O)[C@H](NC(=O)c1ncnc2[nH]ccc12)c1ccc(Br)cc1,'=',1030.0,nM,5.99,0.992,1.131,0.894,1.186,100.0,,403.24,2.91,0,Replicase polyprotein 1ab
CHEMBL5441401,CNCc1cc(-c2cc3c(N[C@@H](c4ccc5c(c4)S(=O)(=O)CCC5)C(C)C)ncnc3[nH]2)co1,'=',12.0,nM,7.92,0.762,1.96,0.007,0.018,100.0,,479.61,4.47,0,Replicase polyprotein 1ab
CHEMBL5441991,CC(C)[C@@H](Nc1ncnc2[nH]c(C3=CCS(=O)(=O)C3)cc12)c1ccc2c(c1)S(=O)(=O)CCC2,'=',107.0,nM,6.97,0.997,1.345,0.099,0.115,100.0,,486.62,3.3,0,Replicase polyprotein 1ab
CHEMBL5441615,Cc1[nH]c2ncnc(NC(=O)c3ccncc3)c2c1C,'>',99500.0,nM,,0.609,0.777,,,100.0,Falls Outside The Dose Series,267.29,2.22,0,Replicase polyprotein 1ab
CHEMBL5442090,C[C@@H](Nc1ncnc2[nH]ccc12)[C@@H]1CCS(=O)(=O)C1,'>',99500.0,nM,,0.599,3.031,,,100.0,Falls Outside The Dose Series,280.35,1.19,0,Replicase polyprotein 1ab
CHEMBL5441592,COc1ccc(CN(c2ncnc3[nH]ccc23)C(C)C)cc1OC,'>',99500.0,nM,,,,,,,Falls Outside The Dose Series,326.4,3.39,0,Replicase polyprotein 1ab
CHEMBL5441771,CC(C)[C@@H](Nc1ncnc2[nH]c(C(=O)NCCC(F)F)cc12)c1ccc2c(c1)OCCO2,'=',1336.0,nM,5.87,0.995,1.39,1.209,1.477,100.0,,445.47,3.92,0,Replicase polyprotein 1ab
CHEMBL5441714,CC(C)[C@@H](Nc1ncnc2[nH]c([C@@]3(O)CCOC3)cc12)c1ccc2c(c1)OCCO2,'=',22962.0,nM,4.64,0.943,1.318,17.38,30.34,100.0,,410.47,3.15,0,Replicase polyprotein 1ab
CHEMBL5441707,CCNC(=O)c1cc2c(N[C@@H](c3cc4c(cc3Cl)OCO4)C(C)C)ncnc2[nH]1,'=',6222.0,nM,5.21,0.961,1.149,4.684,8.264,100.0,,415.88,3.9,0,Replicase polyprotein 1ab
CHEMBL5441754,CC(C)[C@@H](Nc1ncnc2[nH]c(C(=O)NC[C@@H]3CCOC3)cc12)c1ccc2c(c1)OCCO2,'=',580.0,nM,6.24,0.991,1.227,0.506,0.665,100.0,,451.53,3.3,0,Replicase polyprotein 1ab
CHEMBL5441893,CC(C)[C@@H](Nc1ncnc2[nH]c(C(=O)NCC3=NCCCN3)cc12)c1ccc2c(c1)OCCO2,'=',7822.0,nM,5.11,0.975,1.172,6.154,9.943,100.0,,463.54,2.66,0,Replicase polyprotein 1ab
CHEMBL5441714,CC(C)[C@@H](Nc1ncnc2[nH]c([C@@]3(O)CCOC3)cc12)c1ccc2c(c1)OCCO2,'=',9980.0,nM,5.0,0.981,1.179,8.295,12.01,100.0,,410.47,3.15,0,Replicase polyprotein 1ab
CHEMBL5441400,CC(C)[C@H](Nc1ncnc2[nH]c(-c3cnn(C)c3C#N)cc12)c1ccc2c(c1)S(=O)(=O)CCC2,'=',15.0,nM,7.82,0.981,1.673,0.013,0.017,100.0,,475.58,3.76,0,Replicase polyprotein 1ab
CHEMBL5441413,CNC(=O)Cn1cc(-c2cc3c(N[C@@H](c4ccc5c(c4)S(=O)(=O)CCC5)C(C)C)ncnc3[nH]2)cn1,'=',15.0,nM,7.82,0.975,1.373,0.013,0.017,100.0,,507.62,3.1,1,Replicase polyprotein 1ab
CHEMBL5441605,CC(=O)Nc1ccc([C@@H](CC(=O)O)NC(=O)c2ncnc3[nH]ccc23)cc1,'=',14574.0,nM,4.84,0.97,0.993,11.54,18.41,100.0,,367.37,1.86,0,Replicase polyprotein 1ab
CHEMBL5441703,O=C(O)[C@@H]1[C@@H](c2ccccc2)CCN1c1ncnc2[nH]ccc12,'>',99500.0,nM,,0.928,1.106,,,100.0,Falls Outside The Dose Series,308.34,2.4,0,Replicase polyprotein 1ab
CHEMBL5442075,CC(C)[C@@H](Nc1ncnc2[nH]ccc12)C(=O)O,'=',15356.0,nM,4.81,0.991,1.245,13.7,17.21,100.0,,234.26,1.48,0,Replicase polyprotein 1ab
CHEMBL5441950,CC(=O)N1CC(NC(=O)c2cc3c(N[C@@H](c4ccc5c(c4)OCCO5)C(C)C)ncnc3[nH]2)C1,'=',2001.0,nM,5.7,0.952,0.954,1.373,2.916,100.0,,464.53,2.5,0,Replicase polyprotein 1ab
CHEMBL5441575,CC(C)[C@@H](Nc1ncnc2[nH]c(C(=O)NCC(C)(C)C#N)cc12)c1ccc2c(c1)OCCO2,'=',2104.0,nM,5.68,0.994,1.076,1.855,2.385,100.0,,448.53,3.82,0,Replicase polyprotein 1ab
CHEMBL5442000,CC(C)[C@@H](Nc1cnc2[nH]cnc2c1)c1ccc2c(c1)S(=O)(=O)CCC2,'>',99500.0,nM,,,,,,,Falls Outside The Dose Series,370.48,3.49,0,Replicase polyprotein 1ab
CHEMBL5441513,CC(C)[C@@H](Nc1ncnc2[nH]c(C(=O)Nc3cn(C)nc3O)cc12)c1ccc2c(c1)OCCO2,'=',611.0,nM,6.21,0.989,1.247,0.523,0.714,100.0,,463.5,3.23,0,Replicase polyprotein 1ab
CHEMBL5441603,CNCc1cc(-c2cc3c(N[C@@H](c4ccc5c(c4)NC(=O)CO5)C(C)C)ncnc3[nH]2)co1,'=',313.0,nM,6.5,0.979,1.324,0.251,0.39,100.0,,446.51,4.08,0,Replicase polyprotein 1ab
CHEMBL5441569,O=C(O)C[C@@H](NC(=O)c1cccc2cc[nH]c12)c1ccc(Br)cc1,'>',99500.0,nM,,0.85,3.963,,,100.0,Falls Outside The Dose Series,387.23,3.88,0,Replicase polyprotein 1ab
CHEMBL5441543,Cn1cc([C@@H](NC(=O)c2c[nH]c3c(NC(=O)NC4CC4)cccc23)C2CCC2)cn1,'>',99500.0,nM,,,,,,,Falls Outside The Dose Series,406.49,3.46,0,Replicase polyprotein 1ab
CHEMBL5441955,O=C(N[C@@H](Cc1ccc(Br)cc1)C(=O)O)c1ncnc2[nH]ccc12,'>',99500.0,nM,,0.723,2.396,,,100.0,Falls Outside The Dose Series,389.21,2.15,0,Replicase polyprotein 1ab
CHEMBL5441475,O=C(O)C[C@@H](NC(=O)c1ncnc2[nH]ccc12)c1ccccc1,'=',4201.0,nM,5.38,0.994,1.328,3.747,4.709,100.0,,310.31,1.9,0,Replicase polyprotein 1ab
CHEMBL5441713,CC(C)[C@@H](NC(=O)c1c[nH]c2c(NC(=O)NC3CC3)cccc12)C(F)F,'>',99500.0,nM,,,,,,,Falls Outside The Dose Series,364.4,3.47,0,Replicase polyprotein 1ab
CHEMBL5441831,Cc1[nH]c2ncnc(NC(=O)[C@@H]3Cc4ccccc4CO3)c2c1C,'>',99500.0,nM,,0.832,0.773,,,100.0,Falls Outside The Dose Series,322.37,2.65,0,Replicase polyprotein 1ab
CHEMBL5441867,Cc1[nH]c2ncnc(NC(=O)[C@@H](CC(F)F)C3CCC3)c2c1C,'=',8223.0,nM,5.08,0.978,0.937,6.647,10.17,100.0,,322.36,3.58,0,Replicase polyprotein 1ab
CHEMBL5442063,c1nc(N2CCC[C@@H](Nc3ccc4c(c3)OCCO4)C2)c2cc[nH]c2n1,'>',99500.0,nM,,,,,,,Falls Outside The Dose Series,351.41,2.81,0,Replicase polyprotein 1ab
CHEMBL5441836,CNS(=O)(=O)C[C@@H](NC(=O)c1ncnc2[nH]ccc12)c1ccc(Br)cc1,'>',99500.0,nM,,,,,,,Falls Outside The Dose Series,438.31,1.74,0,Replicase polyprotein 1ab
CHEMBL5442157,O=C(O)[C@@H](Nc1ncnc2[nH]ccc12)C1CC(F)(F)C1,'>',99500.0,nM,,0.94,1.046,,,100.0,Falls Outside The Dose Series,282.25,1.87,0,Replicase polyprotein 1ab
CHEMBL5441648,Cc1nnc(Nc2ccc(C(=O)N[C@@H]3c4cccc(O)c4C[C@H]3C(=O)O)cc2)o1,'=',25967.0,nM,4.59,0.976,1.308,22.12,30.48,100.0,,394.39,2.56,0,Replicase polyprotein 1ab
CHEMBL5441409,COc1ccc([C@@H](Cc2nnn[nH]2)NC(=O)c2ncnc3[nH]ccc23)cc1,'=',610.0,nM,6.21,0.998,1.236,0.566,0.657,100.0,,364.37,1.19,0,Replicase polyprotein 1ab
CHEMBL5442116,CC(C)[C@@H](Nc1ncnc2[nH]cc(Br)c12)c1ccc2c(c1)OCCO2,'=',10072.0,nM,5.0,0.97,1.078,7.847,12.93,100.0,,403.28,4.3,0,Replicase polyprotein 1ab
CHEMBL5441538,Cc1nc(C(=O)N[C@@H](CC(=O)O)c2ccc(Br)cc2)c2cc[nH]c2n1,'=',2589.0,nM,5.59,0.995,1.204,2.329,2.879,100.0,,403.24,2.97,0,Replicase polyprotein 1ab
CHEMBL5441538,Cc1nc(C(=O)N[C@@H](CC(=O)O)c2ccc(Br)cc2)c2cc[nH]c2n1,'=',3177.0,nM,5.5,0.99,1.277,2.746,3.675,100.0,,403.24,2.97,0,Replicase polyprotein 1ab
CHEMBL5442121,Cn1ccc2c(C(=O)N[C@@H](CC(=O)O)c3ccc(Br)cc3)ccnc21,'=',33224.0,nM,4.48,0.975,1.001,28.01,39.41,100.0,,402.25,3.28,0,Replicase polyprotein 1ab
CHEMBL5441873,O=C(O)C[C@@H](NC(=O)c1cccc2[nH]ncc12)c1ccc(Br)cc1,'>',99500.0,nM,,0.946,0.995,,,100.0,Falls Outside The Dose Series,388.22,3.27,0,Replicase polyprotein 1ab
CHEMBL5442106,O=C(O)C[C@@H](NC(=O)c1nccc2cc[nH]c12)c1ccc(Br)cc1,'=',29582.0,nM,4.53,0.991,1.547,27.07,32.32,100.0,,388.22,3.27,0,Replicase polyprotein 1ab
CHEMBL5441970,Cc1nc2c(C(=O)N[C@@H](CC(=O)O)c3ccc(Br)cc3)ccnc2[nH]1,'=',20218.0,nM,4.69,0.983,1.071,17.29,23.65,100.0,,403.24,2.97,0,Replicase polyprotein 1ab
CHEMBL5441796,O=C(O)C[C@@H](NC(=O)c1ccnc(-n2cccc2)c1)c1ccc(Br)cc1,'>',99500.0,nM,,0.91,1.602,,,100.0,Falls Outside The Dose Series,414.26,3.58,0,Replicase polyprotein 1ab
CHEMBL5442089,O=C(N[C@@H](C(=O)O)c1ccc(Br)cc1)c1ncnc2[nH]ccc12,'=',62896.0,nM,4.2,0.962,1.071,52.69,75.09,100.0,,375.18,2.28,0,Replicase polyprotein 1ab
CHEMBL5441880,Cc1[nH]c2ncnc(NC(=O)c3ncccc3Cl)c2c1C,'=',49309.0,nM,4.31,0.566,0.5,14.48,167.85,100.0,,301.74,2.88,0,Replicase polyprotein 1ab
CHEMBL5441998,COC[C@@H]1C[C@@H]1CNc1ccc([C@@H](CC(=O)O)NC(=O)c2c[nH]c3ncncc23)cc1,'>',99500.0,nM,,0.869,1.518,,,100.0,Falls Outside The Dose Series,423.47,2.6,0,Replicase polyprotein 1ab
CHEMBL5442005,O=C(Nc1ncnc2c(C(=O)N[C@@H](c3cccs3)C3CCCC3)csc12)NC1CC1,'>',99500.0,nM,,,,,,,Falls Outside The Dose Series,441.58,4.7,0,Replicase polyprotein 1ab
CHEMBL5441711,O=C(O)C[C@@H](NC(=O)c1cccc2[nH]cnc12)c1ccc(Br)cc1,'=',39188.0,nM,4.41,0.933,1.352,30.43,50.47,100.0,,388.22,3.27,0,Replicase polyprotein 1ab
CHEMBL5441711,O=C(O)C[C@@H](NC(=O)c1cccc2[nH]cnc12)c1ccc(Br)cc1,'=',40323.0,nM,4.39,0.964,1.232,33.66,48.3,100.0,,388.22,3.27,0,Replicase polyprotein 1ab
CHEMBL5441685,O=C(O)C[C@@H](NC(=O)c1ncnc2[nH]ccc12)c1ccccn1,'=',18188.0,nM,4.74,0.975,1.333,15.17,21.8,100.0,,311.3,1.3,0,Replicase polyprotein 1ab
CHEMBL5441629,CCn1ccc(-c2cc3c(N[C@@H](c4ccc5c(c4)OCCO5)C(C)C)ncnc3[nH]2)n1,'=',1530.0,nM,5.82,0.975,1.0,1.193,1.963,100.0,,418.5,4.42,0,Replicase polyprotein 1ab
CHEMBL5441765,CC(C)[C@@H](Nc1ncnc2[nH]c(-c3ccn(C(C)C)n3)cc12)c1ccc2c(c1)OCCO2,'=',2272.0,nM,5.64,0.951,0.962,1.609,3.208,100.0,,432.53,4.98,0,Replicase polyprotein 1ab
CHEMBL5441847,CC(C)c1n[nH]cc1-c1cc2c(N[C@@H](c3ccc4c(c3)OCCO4)C(C)C)ncnc2[nH]1,'=',2065.0,nM,5.68,0.99,1.313,1.786,2.388,100.0,,432.53,5.05,1,Replicase polyprotein 1ab
CHEMBL5442042,COc1nn(C)cc1-c1cc2c(N[C@@H](c3ccc4c(c3)OCCO4)C(C)C)ncnc2[nH]1,'=',1905.0,nM,5.72,0.998,1.237,1.773,2.047,100.0,,434.5,3.95,0,Replicase polyprotein 1ab
CHEMBL5442039,CC(C)[C@@H](Nc1ncnc2[nH]c(-c3ccc4[nH]ncc4c3)cc12)c1ccc2c(c1)OCCO2,'=',19662.0,nM,4.71,0.965,0.975,15.76,24.54,100.0,,440.51,5.08,1,Replicase polyprotein 1ab
CHEMBL5441657,CC(C)[C@@H](Nc1ncnc2[nH]c(-c3cccc(CN4CCCS4(=O)=O)c3)cc12)c1ccc2c(c1)OCCO2,'>',99500.0,nM,,,,,,,Falls Outside The Dose Series,533.65,4.74,1,Replicase polyprotein 1ab
CHEMBL5442027,CC(C)[C@@H](Nc1ncnc2[nH]c(-c3ccc4nccn4c3)cc12)c1ccc2c(c1)OCCO2,'=',1136.0,nM,5.95,0.956,1.12,0.832,1.55,100.0,,440.51,4.85,0,Replicase polyprotein 1ab
CHEMBL5442153,CC(C)[C@@H](Nc1ncnc2[nH]c(-c3cnn(C(C)C)n3)cc12)c1ccc2c(c1)OCCO2,'=',1697.0,nM,5.77,0.995,1.186,1.529,1.885,100.0,,433.52,4.38,0,Replicase polyprotein 1ab
CHEMBL5441724,CC(C)[C@@H](Nc1ncnc2[nH]c(-c3cncc(C(=O)N(C)C)c3)cc12)c1ccc2c(c1)OCCO2,'=',746.0,nM,6.13,0.993,1.238,0.655,0.848,100.0,,472.55,4.3,0,Replicase polyprotein 1ab
CHEMBL5441724,CC(C)[C@@H](Nc1ncnc2[nH]c(-c3cncc(C(=O)N(C)C)c3)cc12)c1ccc2c(c1)OCCO2,'=',819.0,nM,6.09,0.991,1.213,0.713,0.94,100.0,,472.55,4.3,0,Replicase polyprotein 1ab
CHEMBL5441587,CC(C)[C@@H](Nc1ncnc2[nH]c(-c3cc[nH]c3)cc12)c1ccc2c(c1)OCCO2,'=',5342.0,nM,5.27,0.972,1.351,4.183,6.821,100.0,,389.46,4.53,0,Replicase polyprotein 1ab
CHEMBL5441869,CNC(=O)c1cc2c(N[C@@H](c3ccc4c(c3)NC(=O)CO4)C(C)C)ncnc2[nH]1,'=',164.0,nM,6.79,0.973,1.22,0.128,0.211,100.0,,394.44,2.46,0,Replicase polyprotein 1ab
CHEMBL5441625,Cc1noc2ncc(-c3cc4c(N[C@@H](c5ccc6c(c5)OCCO6)C(C)C)ncnc4[nH]3)cc12,'=',3732.0,nM,5.43,0.981,0.999,3.065,4.545,100.0,,456.51,5.05,1,Replicase polyprotein 1ab
CHEMBL5441878,CC(C)[C@@H](Nc1ncnc2[nH]ccc12)c1ccc2c(n1)NC(=O)CO2,'=',2612.0,nM,5.58,0.993,1.226,2.307,2.957,100.0,,338.37,2.49,0,Replicase polyprotein 1ab
CHEMBL5442051,Cc1nn(C)cc1-c1cc2c(N[C@@H](c3ccc4c(c3)OCCO4)C(C)C)ncnc2[nH]1,'=',469.0,nM,6.33,0.994,1.145,0.418,0.526,100.0,,418.5,4.25,0,Replicase polyprotein 1ab
CHEMBL5441958,Cc1cn[nH]c1-c1cc2c(N[C@@H](c3ccc4c(c3)OCCO4)C(C)C)ncnc2[nH]1,'=',8836.0,nM,5.05,0.994,1.27,7.94,9.833,100.0,,404.47,4.24,0,Replicase polyprotein 1ab
CHEMBL5441749,CCn1nccc1-c1cc2c(N[C@@H](c3ccc4c(c3)OCCO4)C(C)C)ncnc2[nH]1,'=',892.0,nM,6.05,0.985,1.119,0.738,1.079,100.0,,418.5,4.42,0,Replicase polyprotein 1ab
CHEMBL5441508,CC(C)[C@@H](Nc1ncnc2[nH]c(-c3cnn(C4(C(N)=O)CC4)c3)cc12)c1ccc2c(c1)OCCO2,'=',1310.0,nM,5.88,0.997,1.176,1.205,1.424,100.0,,473.54,3.38,0,Replicase polyprotein 1ab
CHEMBL5441427,CC(C)(C)[C@@H](Nc1ncnc2[nH]c(-c3cnn(CC(N)=O)c3)cc12)c1ccc2c(n1)OCCO2,'=',82.0,nM,7.09,0.943,1.255,0.061,0.111,100.0,,462.51,2.67,0,Replicase polyprotein 1ab
CHEMBL5441841,O=C(N[C@@H](Cc1nn[nH]n1)c1ccc(Br)cc1)c1ncnc2[nH]ccc12,'=',1921.0,nM,5.72,0.994,1.143,1.715,2.152,100.0,,413.24,1.95,0,Replicase polyprotein 1ab
CHEMBL5441513,CC(C)[C@@H](Nc1ncnc2[nH]c(C(=O)Nc3cn(C)nc3O)cc12)c1ccc2c(c1)OCCO2,'=',678.0,nM,6.17,0.987,1.264,0.573,0.803,100.0,,463.5,3.23,0,Replicase polyprotein 1ab
CHEMBL5441495,CC(C)[C@@H](Nc1ncnc2[nH]c(C(=O)NCc3ccno3)cc12)c1ccc2c(c1)OCCO2,'=',792.0,nM,6.1,0.996,1.229,0.72,0.871,100.0,,448.48,3.46,0,Replicase polyprotein 1ab
CHEMBL5442161,CNC(=O)c1cc2c(N[C@H](c3ccc4c(c3)NC(=O)CO4)C(C)C)ncnc2[nH]1,'=',1077.0,nM,5.97,0.998,1.362,1.011,1.148,100.0,,394.44,2.46,0,Replicase polyprotein 1ab
CHEMBL5441615,Cc1[nH]c2ncnc(NC(=O)c3ccncc3)c2c1C,'>',99500.0,nM,,0.564,1.363,,,100.0,Falls Outside The Dose Series,267.29,2.22,0,Replicase polyprotein 1ab
CHEMBL5441578,COc1cccc([C@@H](CC(=O)O)NC(=O)c2ncnc3[nH]ccc23)c1,'=',21720.0,nM,4.66,0.932,1.118,15.9,29.67,100.0,,340.34,1.91,0,Replicase polyprotein 1ab
CHEMBL5441502,CNC(=O)c1ccc([C@@H](CC(=O)O)NC(=O)c2ncnc3[nH]ccc23)cc1,'=',13392.0,nM,4.87,0.847,1.058,7.864,22.81,100.0,,367.37,1.26,0,Replicase polyprotein 1ab
CHEMBL5442074,O[C@H]1CCCC[C@@H]1Nc1ncnc2[nH]ccc12,'=',55365.0,nM,4.26,0.957,1.366,46.57,65.83,100.0,,232.29,1.67,0,Replicase polyprotein 1ab
CHEMBL5441638,Cc1[nH]c2ncnc(NC(=O)Cc3ccc(Cl)nc3)c2c1C,'>',99500.0,nM,,,,,,,Falls Outside The Dose Series,315.76,2.8,0,Replicase polyprotein 1ab
CHEMBL5441928,Cc1[nH]c2ncnc(NC(=O)[C@@H]3CCc4c(Cl)cccc43)c2c1C,'>',99500.0,nM,,,,,,,Falls Outside The Dose Series,340.81,3.9,0,Replicase polyprotein 1ab
CHEMBL5441747,O=C(NCSC[C@@H](NC(=O)c1ncnc2[nH]ccc12)C(=O)O)c1ccccc1,'>',99500.0,nM,,,,,,,Falls Outside The Dose Series,399.43,1.26,0,Replicase polyprotein 1ab
CHEMBL5442078,CCc1coc(Nc2ccc([C@@H](CC(=O)O)NC(=O)c3ncnc4[nH]ccc34)cc2)n1,'=',13886.0,nM,4.86,0.988,1.278,12.1,15.93,100.0,,420.43,3.2,0,Replicase polyprotein 1ab
CHEMBL5441690,Cc1cc(-c2cc3c(N[C@@H](c4ccc5c(c4)OCCO5)C(C)C)ncnc3[nH]2)[nH]n1,'=',2562.0,nM,5.59,0.988,1.262,2.174,3.019,100.0,,404.47,4.24,0,Replicase polyprotein 1ab
CHEMBL5441576,CC(C)[C@@H](Nc1ncnc2[nH]c(-c3cccc4c3CN(C)C4=O)cc12)c1ccc2c(c1)OCCO2,'=',2151.0,nM,5.67,0.974,1.043,1.687,2.744,100.0,,469.55,4.79,0,Replicase polyprotein 1ab
CHEMBL5441467,CCn1ncc(-c2cc3c(N[C@@H](c4ccc5c(c4)OCCO5)C(C)C)ncnc3[nH]2)c1C,'=',905.0,nM,6.04,0.992,1.254,0.79,1.036,100.0,,432.53,4.73,0,Replicase polyprotein 1ab
CHEMBL5441952,CC(C)[C@@H](Nc1ncnc2[nH]c(-c3cnn(C4CCC4)n3)cc12)c1ccc2c(c1)OCCO2,'=',3916.0,nM,5.41,0.941,0.891,2.691,5.701,100.0,,445.53,4.52,0,Replicase polyprotein 1ab
CHEMBL5442033,CC(C)[C@@H](Nc1ncnc2ccccc12)c1ccc2c(c1)OCCO2,'=',58260.0,nM,4.24,0.925,1.257,45.63,74.38,100.0,,335.41,4.21,0,Replicase polyprotein 1ab
CHEMBL5441388,CCNC(=O)c1cc2c(N[C@@H](c3ccc4c(c3)S(=O)(=O)CCO4)C(C)C)ncnc2[nH]1,'=',64.0,nM,7.19,0.995,1.355,0.058,0.07,100.0,,443.53,2.68,0,Replicase polyprotein 1ab
CHEMBL5441388,CCNC(=O)c1cc2c(N[C@@H](c3ccc4c(c3)S(=O)(=O)CCO4)C(C)C)ncnc2[nH]1,'=',52.0,nM,7.28,0.995,1.527,0.048,0.057,100.0,,443.53,2.68,0,Replicase polyprotein 1ab
CHEMBL5441539,CC(C)(C)[C@@H](Nc1ncnc2[nH]c(-c3cnn(CC(N)=O)c3)cc12)c1ccc2c(c1)OCCO2,'=',75560.0,nM,4.12,0.953,1.365,64.73,88.2,100.0,,461.53,3.28,0,Replicase polyprotein 1ab
CHEMBL5441430,CNC(=O)c1cc2c(N[C@@H](c3ccc4c(c3)S(=O)(=O)CCC4)C(C)C)ncnc2[nH]1,'=',24.0,nM,7.62,0.999,1.428,0.023,0.025,100.0,,427.53,2.85,0,Replicase polyprotein 1ab
CHEMBL5441430,CNC(=O)c1cc2c(N[C@@H](c3ccc4c(c3)S(=O)(=O)CCC4)C(C)C)ncnc2[nH]1,'=',48.0,nM,7.32,0.995,1.45,0.044,0.052,100.0,,427.53,2.85,0,Replicase polyprotein 1ab
CHEMBL5441835,CC(C)[C@@H](Nc1ncnc2[nH]c(C(=O)NC3CCN(C)CC3)cc12)c1ccc2c(c1)S(=O)(=O)CCC2,'=',208.0,nM,6.68,0.987,1.102,0.175,0.248,100.0,,510.66,3.31,1,Replicase polyprotein 1ab
CHEMBL5442049,CC(C)[C@@H](Nc1ncnc2[nH]c(C(=O)NC3CN(C)C3)cc12)c1ccc2c(c1)S(=O)(=O)CCC2,'=',189.0,nM,6.72,0.991,1.163,0.163,0.219,100.0,,482.61,2.53,0,Replicase polyprotein 1ab
CHEMBL5441689,CC(C)[C@@H](Nc1ncnc2[nH]c(-c3cnc(N)nc3)cc12)c1ccc2c(c1)S(=O)(=O)CCC2,'=',62.0,nM,7.21,0.996,1.635,0.057,0.067,100.0,,463.57,3.53,0,Replicase polyprotein 1ab
CHEMBL5441696,CC(C)[C@@H](Nc1ncnc2[nH]c(-c3cncnc3)cc12)c1ccc2c(c1)S(=O)(=O)CCC2,'=',538.0,nM,6.27,0.99,1.041,0.46,0.63,100.0,,448.55,3.94,0,Replicase polyprotein 1ab
CHEMBL5441406,CC(C)[C@@H](Nc1ncnc2[nH]ccc12)c1ccc2c(c1)S(=O)(=O)CCO2,'=',181.0,nM,6.74,0.964,1.019,0.133,0.245,100.0,,372.45,2.93,0,Replicase polyprotein 1ab
CHEMBL5441433,CC(C)[C@@H](Nc1ncnc2[nH]c(-c3cnn(CC(=O)N(C)C)c3)cc12)c1ccc2c(c1)S(=O)(=O)CCC2,'=',45.0,nM,7.35,0.97,1.271,0.037,0.055,100.0,,521.65,3.44,1,Replicase polyprotein 1ab
CHEMBL5441819,CC(C)[C@@H](Nc1ncnc(N)c1Cl)c1ccc2c(c1)S(=O)(=O)CCC2,'>',99500.0,nM,,0.189,0.5,,,100.0,Falls Outside The Dose Series,380.9,3.24,0,Replicase polyprotein 1ab
CHEMBL5441564,CC(C)[C@@H](Nc1ncnc(N2CCCC2)n1)c1ccc2c(c1)S(=O)(=O)CCC2,'>',99500.0,nM,,,,,,,Falls Outside The Dose Series,401.54,3.0,0,Replicase polyprotein 1ab
CHEMBL5442034,CC(C)[C@@H](Nc1cc(N2CCC[C@H]2C(=O)O)ncn1)c1ccc2c(c1)S(=O)(=O)CCC2,'>',99500.0,nM,,,,,,,Falls Outside The Dose Series,444.56,3.06,0,Replicase polyprotein 1ab
CHEMBL5441916,CC(C)[C@H](Nc1cc(-n2ccnn2)ncn1)c1ccc2c(c1)S(=O)(=O)CCC2,'>',99500.0,nM,,,,,,,Falls Outside The Dose Series,398.49,2.59,0,Replicase polyprotein 1ab
CHEMBL5442145,CC(C)[C@H](Nc1ncncc1N1CCNCC1)c1ccc2c(c1)S(=O)(=O)CCC2,'>',99500.0,nM,,,,,,,Falls Outside The Dose Series,415.56,2.42,0,Replicase polyprotein 1ab
CHEMBL5441398,COc1ccc([C@H](Cc2nnn[nH]2)NC(=O)c2ncnc3[nH]ccc23)cc1,'=',349.0,nM,6.46,0.993,1.031,0.306,0.397,100.0,,364.37,1.19,0,Replicase polyprotein 1ab
CHEMBL5441476,CC(C)[C@@H](Nc1ncnc2[nH]cnc12)c1ccc2c(c1)S(=O)(=O)CCC2,'>',99500.0,nM,,0.97,1.206,,,100.0,Falls Outside The Dose Series,371.47,2.88,0,Replicase polyprotein 1ab
CHEMBL5441630,CC(C)[C@@H](Nc1ncnc2[nH]c(-c3ccnn3CC3CC3)cc12)c1ccc2c(c1)OCCO2,'=',3905.0,nM,5.41,0.988,1.242,3.324,4.587,100.0,,444.54,4.81,0,Replicase polyprotein 1ab
CHEMBL5441515,CC(C)[C@@H](Nc1ncnc2[nH]c(-c3ccnn3C3CCC3)cc12)c1ccc2c(c1)OCCO2,'=',5595.0,nM,5.25,0.988,1.13,4.839,6.47,100.0,,444.54,5.13,1,Replicase polyprotein 1ab
CHEMBL5441880,Cc1[nH]c2ncnc(NC(=O)c3ncccc3Cl)c2c1C,'=',60336.0,nM,4.22,0.504,0.5,14.56,250.09,100.0,,301.74,2.88,0,Replicase polyprotein 1ab
CHEMBL2004515,c1nc(-c2ccc3c(c2)OCO3)c2cc[nH]c2n1,'>',99500.0,nM,,,,,,,Falls Outside The Dose Series,239.23,2.35,0,Replicase polyprotein 1ab
CHEMBL5442137,CC(C)[C@@H](NCc1cccc2[nH]ccc12)c1ccc2c(c1)OCCO2,'>',99500.0,nM,,,,,,,Falls Outside The Dose Series,336.44,4.43,0,Replicase polyprotein 1ab
CHEMBL5441763,FC(F)[C@@H](Nc1ncnc2[nH]ccc12)c1ccc2c(c1)OCCO2,'=',22754.0,nM,4.64,0.913,1.217,16.19,31.97,100.0,,332.31,3.15,0,Replicase polyprotein 1ab
CHEMBL5441676,CC(C)[C@@H](Nc1ncnc2[nH]ccc12)c1cccc(C(F)(F)F)c1,'=',77592.0,nM,4.11,0.944,1.38,65.42,92.03,100.0,,334.35,4.79,0,Replicase polyprotein 1ab
CHEMBL5441604,CC(C)[C@@H](Nc1ncnc2[nH]ccc12)c1ccc2c(c1)CCCS2(=O)=O,'=',2637.0,nM,5.58,0.991,1.279,2.29,3.036,100.0,,370.48,3.49,0,Replicase polyprotein 1ab
CHEMBL5442127,CCC[C@H](Nc1ncnc2[nH]ccc12)C(=O)O,'>',99500.0,nM,,0.812,1.342,,,100.0,Falls Outside The Dose Series,234.26,1.62,0,Replicase polyprotein 1ab
CHEMBL5442139,O=C(O)[C@@H]1C[C@@H](O)CN1c1ncnc2[nH]ccc12,'>',99500.0,nM,,0.901,1.264,,,100.0,Falls Outside The Dose Series,248.24,-0.02,0,Replicase polyprotein 1ab
CHEMBL5441863,CC(C)[C@@H](Nc1ncnc2[nH]ccc12)c1ccc2c(c1)CCNC2=O,'=',14959.0,nM,4.83,0.989,1.228,13.13,17.04,100.0,,335.41,3.05,0,Replicase polyprotein 1ab
CHEMBL5442052,c1nc(N[C@@H](c2ccc3c(c2)OCCO3)C2CNC2)c2cc[nH]c2n1,'>',99500.0,nM,,,,,,,Falls Outside The Dose Series,337.38,2.1,0,Replicase polyprotein 1ab
CHEMBL5442044,O=C(O)[C@H](CC1CC1)Nc1ncnc2[nH]ccc12,'>',99500.0,nM,,0.112,0.955,,,100.0,Falls Outside The Dose Series,246.27,1.62,0,Replicase polyprotein 1ab
CHEMBL5441656,O=C(O)[C@@H](Nc1ncnc2[nH]ccc12)C1CC1,'=',72010.0,nM,4.14,0.659,1.096,37.49,138.32,100.0,,232.24,1.23,0,Replicase polyprotein 1ab
CHEMBL5442023,N#Cc1ccc(C(=O)Nc2ccc(C(=O)N[C@@H]3c4ccccc4C[C@@H]3C(=O)O)cc2)cc1,'>',99500.0,nM,,,,,,,Falls Outside The Dose Series,425.44,3.54,0,Replicase polyprotein 1ab
CHEMBL5441428,CC(C)[C@@H](Nc1ncnc2[nH]c(C(N)=O)cc12)c1ccc2c(c1)OCCO2,'=',466.0,nM,6.33,0.992,1.046,0.403,0.539,100.0,,367.41,2.64,0,Replicase polyprotein 1ab
CHEMBL5441608,CC(C)[C@H](Nc1ncnc2[nH]c(-c3cnn(CC(N)=O)c3)cc12)c1ccc2c(c1)OCCO2,'=',90037.0,nM,4.05,0.954,1.279,76.05,106.59,100.0,,447.5,2.89,0,Replicase polyprotein 1ab
CHEMBL5441788,CC(C)[C@@H](Nc1ncnc2[nH]cc(S(=O)(=O)N(C)C)c12)c1ccc2c(c1)OCCO2,'=',3981.0,nM,5.4,0.905,0.79,2.426,6.531,100.0,,431.52,2.79,0,Replicase polyprotein 1ab
CHEMBL5441423,CC(C)[C@@H](Nc1ncnc2[nH]c(-c3cnn(CCC(N)=O)c3)cc12)c1ccc2c(c1)OCCO2,'=',274.0,nM,6.56,0.974,1.293,0.219,0.345,100.0,,461.53,3.28,0,Replicase polyprotein 1ab
CHEMBL5441591,COC(=O)c1coc(-c2cc3c(N[C@@H](c4ccc5c(c4)OCCO5)C(C)C)ncnc3[nH]2)c1,'=',10116.0,nM,5.0,0.975,0.956,8.038,12.73,100.0,,448.48,4.58,0,Replicase polyprotein 1ab
CHEMBL5441664,Cc1occc1-c1cc2c(N[C@@H](c3ccc4c(c3)OCCO4)C(C)C)ncnc2[nH]1,'=',9514.0,nM,5.02,0.984,1.16,8.037,11.26,100.0,,404.47,5.11,1,Replicase polyprotein 1ab
CHEMBL5442019,Cc1cc(-c2cc3c(N[C@@H](c4ccc5c(c4)OCCO5)C(C)C)ncnc3[nH]2)co1,'=',17040.0,nM,4.77,0.987,1.203,14.46,20.09,100.0,,404.47,5.11,1,Replicase polyprotein 1ab
CHEMBL5441699,O=C(Nc1ccccc1)Nc1ccc(C(=O)NC2c3cccc(O)c3CC2C(=O)O)cc1,'=',701.0,nM,6.15,0.981,1.21,0.561,0.875,100.0,,431.45,3.76,0,Replicase polyprotein 1ab
CHEMBL5441699,O=C(Nc1ccccc1)Nc1ccc(C(=O)NC2c3cccc(O)c3CC2C(=O)O)cc1,'=',440.0,nM,6.36,0.96,0.987,0.303,0.639,100.0,,431.45,3.76,0,Replicase polyprotein 1ab
CHEMBL5441699,O=C(Nc1ccccc1)Nc1ccc(C(=O)NC2c3cccc(O)c3CC2C(=O)O)cc1,'=',461.0,nM,6.34,0.985,1.124,0.381,0.556,100.0,,431.45,3.76,0,Replicase polyprotein 1ab
CHEMBL5441699,O=C(Nc1ccccc1)Nc1ccc(C(=O)NC2c3cccc(O)c3CC2C(=O)O)cc1,'=',1102.0,nM,5.96,0.985,0.999,0.904,1.344,100.0,,431.45,3.76,0,Replicase polyprotein 1ab
CHEMBL5441699,O=C(Nc1ccccc1)Nc1ccc(C(=O)NC2c3cccc(O)c3CC2C(=O)O)cc1,'=',516.0,nM,6.29,0.995,1.168,0.481,0.553,100.0,,431.45,3.76,0,Replicase polyprotein 1ab
CHEMBL5441699,O=C(Nc1ccccc1)Nc1ccc(C(=O)NC2c3cccc(O)c3CC2C(=O)O)cc1,'=',374.0,nM,6.43,0.997,1.213,0.343,0.408,100.0,,431.45,3.76,0,Replicase polyprotein 1ab
CHEMBL5441417,CC(C)[C@H](Nc1ncnc2[nH]ccc12)c1ccc2c(c1)S(=O)(=O)CCC2,'=',93.0,nM,7.03,0.997,1.195,0.085,0.101,100.0,,370.48,3.49,0,Replicase polyprotein 1ab
CHEMBL5441417,CC(C)[C@H](Nc1ncnc2[nH]ccc12)c1ccc2c(c1)S(=O)(=O)CCC2,'=',138.0,nM,6.86,0.992,1.228,0.121,0.157,100.0,,370.48,3.49,0,Replicase polyprotein 1ab
CHEMBL5441420,CC(C)[C@@H](Nc1ncnc2[nH]c(-c3cnn(C)c3)cc12)c1ccc2c(c1)S(=O)(=O)CCC2,'=',36.0,nM,7.44,0.983,1.408,0.031,0.041,100.0,,450.57,3.89,0,Replicase polyprotein 1ab
CHEMBL5441672,CC(C)[C@@H](Nc1ncnc2[nH]c(C(=O)Nc3cnccc3O)cc12)c1ccc2c(c1)OCCO2,'=',17943.0,nM,4.75,0.993,1.166,16.22,19.85,100.0,,460.49,3.89,0,Replicase polyprotein 1ab
CHEMBL5441771,CC(C)[C@@H](Nc1ncnc2[nH]c(C(=O)NCCC(F)F)cc12)c1ccc2c(c1)OCCO2,'=',837.0,nM,6.08,0.996,1.225,0.758,0.925,100.0,,445.47,3.92,0,Replicase polyprotein 1ab
CHEMBL5441950,CC(=O)N1CC(NC(=O)c2cc3c(N[C@@H](c4ccc5c(c4)OCCO5)C(C)C)ncnc3[nH]2)C1,'=',793.0,nM,6.1,0.993,1.134,0.696,0.905,100.0,,464.53,2.5,0,Replicase polyprotein 1ab
CHEMBL5441626,CC(C)[C@@H](Nc1ncnc2[nH]c(C(=O)NCCc3cnco3)cc12)c1ccc2c(c1)OCCO2,'=',1914.0,nM,5.72,0.988,1.084,1.617,2.267,100.0,,462.51,3.5,0,Replicase polyprotein 1ab
CHEMBL5441913,CC(C)[C@@H](Nc1ncnc2[nH]c(C(=O)Nc3cnoc3)cc12)c1ccc2c(c1)OCCO2,'=',5692.0,nM,5.25,0.958,0.857,4.123,7.859,100.0,,434.46,3.78,0,Replicase polyprotein 1ab
CHEMBL5442087,CC(C)[C@@H](Nc1ncnc2[nH]c(C(=O)NC3CN(C)C3)cc12)c1ccc2c(c1)OCCO2,'=',1445.0,nM,5.84,0.995,1.38,1.31,1.593,100.0,,436.52,2.58,0,Replicase polyprotein 1ab
CHEMBL5441868,O=C1NCCc2ccc(CNc3ncnc4[nH]ccc34)cc21,'>',99500.0,nM,,0.89,1.536,,,100.0,Falls Outside The Dose Series,293.33,1.86,0,Replicase polyprotein 1ab
CHEMBL5441414,CC(C)[C@@H](Nc1ncnc2[nH]c(-c3cnn(C)c3C#N)cc12)c1ccc2c(n1)OCCO2,'=',29.0,nM,7.54,0.956,1.182,0.023,0.036,100.0,,430.47,3.21,0,Replicase polyprotein 1ab
CHEMBL5442017,CC(C)[C@@H](Nc1ncnc2[nH]c(C(=O)Nc3ncco3)cc12)c1ccc2c(c1)OCCO2,'=',5891.0,nM,5.23,0.982,1.171,4.8,7.23,100.0,,434.46,3.78,0,Replicase polyprotein 1ab
CHEMBL5441495,CC(C)[C@@H](Nc1ncnc2[nH]c(C(=O)NCc3ccno3)cc12)c1ccc2c(c1)OCCO2,'=',829.0,nM,6.08,0.995,1.385,0.751,0.915,100.0,,448.48,3.46,0,Replicase polyprotein 1ab
CHEMBL5441977,CC(C)[C@@H](Nc1ncnc2[nH]c(C(=O)NCCc3c[nH]nn3)cc12)c1ccc2c(c1)OCCO2,'=',1291.0,nM,5.89,0.996,1.265,1.181,1.411,100.0,,462.51,2.63,0,Replicase polyprotein 1ab
CHEMBL5441748,CCc1[nH]nnc1NC(=O)c1cc2c(N[C@@H](c3ccc4c(c3)OCCO4)C(C)C)ncnc2[nH]1,'=',4281.0,nM,5.37,0.995,1.215,3.846,4.764,100.0,,462.51,3.47,0,Replicase polyprotein 1ab
CHEMBL5441401,CNCc1cc(-c2cc3c(N[C@@H](c4ccc5c(c4)S(=O)(=O)CCC5)C(C)C)ncnc3[nH]2)co1,'=',25.0,nM,7.6,0.988,1.38,0.023,0.028,100.0,,479.61,4.47,0,Replicase polyprotein 1ab
CHEMBL5441735,CNc1nccc(N[C@@H](c2ccc3c(c2)S(=O)(=O)CCC3)C(C)C)n1,'>',99500.0,nM,,,,,,,Falls Outside The Dose Series,360.48,3.05,0,Replicase polyprotein 1ab
CHEMBL5441482,CC(C)[C@@H](Nc1ncnc2[nH]ccc12)c1ccc2c(c1)S(=O)(=O)CO2,'=',3623.0,nM,5.44,0.978,1.004,2.859,4.592,100.0,,358.42,2.89,0,Replicase polyprotein 1ab
CHEMBL5442140,CCNC(=O)c1cc2c(N[C@@H](CC(=O)Nc3cnn(C(C)C)c3)C(C)C)ncnc2[nH]1,'=',23521.0,nM,4.63,0.99,1.209,21.19,26.11,100.0,,426.53,2.95,0,Replicase polyprotein 1ab
CHEMBL5441707,CCNC(=O)c1cc2c(N[C@@H](c3cc4c(cc3Cl)OCO4)C(C)C)ncnc2[nH]1,'=',4918.0,nM,5.31,0.989,1.115,4.224,5.725,100.0,,415.88,3.9,0,Replicase polyprotein 1ab
CHEMBL5441993,Cn1ncc(-c2cc3c(N[C@H](c4ccc5c(n4)OCCO5)C(C)(C)C)ncnc3[nH]2)c1C#N,'=',2327.0,nM,5.63,0.98,0.993,1.863,2.907,100.0,,444.5,3.6,0,Replicase polyprotein 1ab
CHEMBL5441993,Cn1ncc(-c2cc3c(N[C@H](c4ccc5c(n4)OCCO5)C(C)(C)C)ncnc3[nH]2)c1C#N,'=',2416.0,nM,5.62,0.997,1.527,2.249,2.597,100.0,,444.5,3.6,0,Replicase polyprotein 1ab
CHEMBL5441403,CNCc1cc(-c2cc3c(N[C@H](c4ccc5c(c4)S(=O)(=O)CCC5)C(C)C)ncnc3[nH]2)co1,'=',1913.0,nM,5.72,0.996,1.499,1.751,2.089,100.0,,479.61,4.47,0,Replicase polyprotein 1ab
CHEMBL5441401,CNCc1cc(-c2cc3c(N[C@@H](c4ccc5c(c4)S(=O)(=O)CCC5)C(C)C)ncnc3[nH]2)co1,'=',19.0,nM,7.72,0.978,1.261,0.016,0.022,100.0,,479.61,4.47,0,Replicase polyprotein 1ab
CHEMBL5441404,CC(C)[C@H](Nc1ncnc2[nH]c(-c3cnn(C)c3C#N)cc12)c1ccc2c(n1)NC(=O)CO2,'=',101.0,nM,7.0,0.995,1.188,0.092,0.111,100.0,,443.47,2.77,0,Replicase polyprotein 1ab
CHEMBL5441413,CNC(=O)Cn1cc(-c2cc3c(N[C@@H](c4ccc5c(c4)S(=O)(=O)CCC5)C(C)C)ncnc3[nH]2)cn1,'=',16.0,nM,7.8,0.993,1.549,0.015,0.017,100.0,,507.62,3.1,1,Replicase polyprotein 1ab
CHEMBL5441397,CC(C)[C@@H](Nc1ncnc2[nH]c(-c3cnn(C)c3)cc12)c1ccc2c(c1)S(=O)(=O)NCC2,'=',57.0,nM,7.24,0.997,1.227,0.054,0.061,100.0,,451.56,3.0,0,Replicase polyprotein 1ab
CHEMBL5441787,COC(=O)c1cc2c(N[C@@H](c3ccc4c(c3)CCN4)C(C)C)ncnc2[nH]1,'=',28794.0,nM,4.54,0.989,1.385,26.03,31.85,100.0,,365.44,3.52,0,Replicase polyprotein 1ab
CHEMBL5441391,Cn1ncc(-c2cc3c(N[C@@H](c4ccc5c(n4)OCCO5)C(C)(C)C)ncnc3[nH]2)c1C#N,'=',30.0,nM,7.52,0.997,1.442,0.028,0.032,100.0,,444.5,3.6,0,Replicase polyprotein 1ab
CHEMBL5441405,CNCc1cc(-c2cc3c(N[C@@H](c4ccc5c(c4)S(=O)(=O)NCC5)C(C)C)ncnc3[nH]2)co1,'=',70.0,nM,7.16,0.966,1.474,0.055,0.089,100.0,,480.59,3.58,0,Replicase polyprotein 1ab
CHEMBL5441824,CC(C)[C@H](Nc1ncnc2[nH]cc(C(=O)NC3CC3)c12)c1ccc2c(c1)S(=O)(=O)CCC2,'=',3902.0,nM,5.41,0.997,1.232,3.589,4.242,100.0,,453.57,3.38,0,Replicase polyprotein 1ab
CHEMBL5441847,CC(C)c1n[nH]cc1-c1cc2c(N[C@@H](c3ccc4c(c3)OCCO4)C(C)C)ncnc2[nH]1,'=',2010.0,nM,5.7,0.993,1.08,1.754,2.305,100.0,,432.53,5.05,1,Replicase polyprotein 1ab
CHEMBL5441882,CC(C)[C@@H](Nc1ncnc2[nH]c(-c3cn(C)nc3C#N)cc12)c1ccc2c(c1)OCCO2,'=',871.0,nM,6.06,0.993,1.23,0.767,0.989,100.0,,429.48,3.81,0,Replicase polyprotein 1ab
CHEMBL5441882,CC(C)[C@@H](Nc1ncnc2[nH]c(-c3cn(C)nc3C#N)cc12)c1ccc2c(c1)OCCO2,'=',843.0,nM,6.07,0.99,1.23,0.723,0.983,100.0,,429.48,3.81,0,Replicase polyprotein 1ab
CHEMBL5441759,CC(C)[C@H](Oc1cc(N)ncn1)c1ccc2c(c1)S(=O)(=O)CCC2,'=',59840.0,nM,4.22,0.971,1.175,51.56,69.44,100.0,,347.44,2.55,0,Replicase polyprotein 1ab
CHEMBL5441503,CC(C)[C@H](Nc1ncnc2ccoc12)c1ccc2c(c1)S(=O)(=O)CCC2,'>',99500.0,nM,,0.437,0.993,,,100.0,Falls Outside The Dose Series,371.46,3.75,0,Replicase polyprotein 1ab
CHEMBL5441824,CC(C)[C@H](Nc1ncnc2[nH]cc(C(=O)NC3CC3)c12)c1ccc2c(c1)S(=O)(=O)CCC2,'=',4275.0,nM,5.37,0.992,1.273,3.748,4.877,100.0,,453.57,3.38,0,Replicase polyprotein 1ab
CHEMBL5441394,CC(C)[C@H](Nc1ncnc2[nH]c(-c3cnn(CC(N)=O)c3)cc12)c1ccc2c(c1)S(=O)(=O)CCC2,'=',23.0,nM,7.64,0.994,1.588,0.021,0.025,100.0,,493.59,2.84,0,Replicase polyprotein 1ab
CHEMBL5441420,CC(C)[C@@H](Nc1ncnc2[nH]c(-c3cnn(C)c3)cc12)c1ccc2c(c1)S(=O)(=O)CCC2,'=',19.0,nM,7.72,0.99,1.452,0.017,0.021,100.0,,450.57,3.89,0,Replicase polyprotein 1ab
CHEMBL5441387,CC(C)[C@@H](Nc1ncnc2[nH]c(C(=O)N[C@H]3CCN(C)C3)cc12)c1ccc2c(c1)S(=O)(=O)CCC2,'=',54.0,nM,7.27,0.997,1.254,0.05,0.058,100.0,,496.64,2.92,0,Replicase polyprotein 1ab
CHEMBL5441430,CNC(=O)c1cc2c(N[C@@H](c3ccc4c(c3)S(=O)(=O)CCC4)C(C)C)ncnc2[nH]1,'=',60.0,nM,7.22,0.948,1.235,0.044,0.083,100.0,,427.53,2.85,0,Replicase polyprotein 1ab
CHEMBL5441459,CC(C)[C@@H](Nc1ncnc2[nH]c(-c3cccc(-n4cnnn4)c3)cc12)c1ccc2c(c1)S(=O)(=O)CCC2,'=',241.0,nM,6.62,0.994,1.229,0.216,0.269,100.0,,514.62,4.13,1,Replicase polyprotein 1ab
CHEMBL5442158,CC(C)[C@@H](Nc1ncnc2[nH]c(-c3ccnc(OCCN(C)C)c3)cc12)c1ccc2c(c1)S(=O)(=O)CCC2,'=',114.0,nM,6.94,0.974,1.633,0.092,0.141,100.0,,534.69,4.49,1,Replicase polyprotein 1ab
CHEMBL5442054,CC(C)[C@@H](Nc1ncnc2[nH]c(-c3cn[nH]c3)cc12)c1ccc2c(c1)S(=O)(=O)CCC2,'=',63.0,nM,7.2,0.985,1.449,0.054,0.074,100.0,,436.54,3.88,0,Replicase polyprotein 1ab
CHEMBL5441697,CCNC(=O)c1cc2c(N[C@H](c3ccccc3N(C)S(C)(=O)=O)C(C)C)ncnc2[nH]1,'>',99500.0,nM,,0.367,0.555,,,100.0,Falls Outside The Dose Series,444.56,2.91,0,Replicase polyprotein 1ab
CHEMBL5441791,CC(=O)N1CCN(Cc2cccc(-c3cc4c(N[C@@H](c5ccc6c(c5)S(=O)(=O)CCC6)C(C)C)ncnc4[nH]3)c2)CC1,'=',325.0,nM,6.49,0.989,1.358,0.279,0.378,100.0,,586.76,4.82,1,Replicase polyprotein 1ab
CHEMBL5441987,CC(C)[C@@H](Nc1ncnc2[nH]c(-c3cnc4c(c3)nnn4C)cc12)c1ccc2c(c1)S(=O)(=O)CCC2,'=',131.0,nM,6.88,0.996,1.247,0.119,0.144,100.0,,502.6,3.83,1,Replicase polyprotein 1ab
CHEMBL5441510,CC(=O)Nc1ccc(-c2cc3c(N[C@@H](c4ccc5c(c4)S(=O)(=O)CCC5)C(C)C)ncnc3[nH]2)cc1F,'=',120.0,nM,6.92,0.89,1.321,0.078,0.185,100.0,,521.62,5.25,2,Replicase polyprotein 1ab
CHEMBL5441510,CC(=O)Nc1ccc(-c2cc3c(N[C@@H](c4ccc5c(c4)S(=O)(=O)CCC5)C(C)C)ncnc3[nH]2)cc1F,'=',206.0,nM,6.69,0.891,0.971,0.127,0.334,100.0,,521.62,5.25,2,Replicase polyprotein 1ab
CHEMBL5441855,CC(C)[C@H](Nc1ncnc2c1CNCC2)c1ccc2c(c1)S(=O)(=O)CCC2,'>',99500.0,nM,,0.4,0.5,,,100.0,Falls Outside The Dose Series,386.52,2.65,0,Replicase polyprotein 1ab
CHEMBL5441563,CC(C)[C@@H](Nc1cc(N)ncn1)c1ccc2c(c1)S(=O)(=O)CCC2,'=',43824.0,nM,4.36,0.938,1.019,34.52,55.64,100.0,,346.46,2.59,0,Replicase polyprotein 1ab
CHEMBL5441982,CC(C)[C@@H](Nc1ncnc2[nH]c(-c3cnn(C)c3)cc12)c1ccc2c(c1)S(=O)(=O)CCO2,'=',51.0,nM,7.29,0.996,1.735,0.047,0.055,100.0,,452.54,3.33,0,Replicase polyprotein 1ab
CHEMBL5441408,C[C@H](C(=O)O)[C@@H](NC(=O)c1ncnc2[nH]ccc12)c1ccc(Br)cc1,'=',794.0,nM,6.1,0.884,0.932,0.443,1.425,100.0,,403.24,2.91,0,Replicase polyprotein 1ab
CHEMBL5441769,CC(C)[C@H](Nc1ncncc1-n1cncn1)c1ccc2c(c1)S(=O)(=O)CCC2,'>',99500.0,nM,,,,,,,Falls Outside The Dose Series,398.49,2.59,0,Replicase polyprotein 1ab
CHEMBL5441414,CC(C)[C@@H](Nc1ncnc2[nH]c(-c3cnn(C)c3C#N)cc12)c1ccc2c(n1)OCCO2,'=',67.0,nM,7.17,0.989,1.343,0.059,0.076,100.0,,430.47,3.21,0,Replicase polyprotein 1ab
CHEMBL5441415,CC(C)[C@H](Nc1ncnc2[nH]c(-c3cnn(C)c3C#N)cc12)c1ccc2c(n1)OCCO2,'=',18970.0,nM,4.72,0.977,1.006,15.84,22.73,100.0,,430.47,3.21,0,Replicase polyprotein 1ab
CHEMBL5441396,CC(C)[C@@H](Nc1ncnc2[nH]c(C(=O)N[C@@H]3CCN(C)C3)cc12)c1ccc2c(c1)S(=O)(=O)CCC2,'=',58.0,nM,7.24,0.999,1.402,0.056,0.061,100.0,,496.64,2.92,0,Replicase polyprotein 1ab
CHEMBL5441781,CC(C)[C@@H](Nc1ncnc2[nH]c(-c3ccnn3C3CC3)cc12)c1ccc2c(c1)OCCO2,'=',1079.0,nM,5.97,0.983,1.016,0.884,1.318,100.0,,430.51,4.74,0,Replicase polyprotein 1ab
CHEMBL5441878,CC(C)[C@@H](Nc1ncnc2[nH]ccc12)c1ccc2c(n1)NC(=O)CO2,'=',2710.0,nM,5.57,0.996,1.297,2.459,2.987,100.0,,338.37,2.49,0,Replicase polyprotein 1ab
CHEMBL5442121,Cn1ccc2c(C(=O)N[C@@H](CC(=O)O)c3ccc(Br)cc3)ccnc21,'=',36636.0,nM,4.44,0.954,1.052,29.48,45.54,100.0,,402.25,3.28,0,Replicase polyprotein 1ab
CHEMBL5441483,O=C(Nc1cccc2c(C(=O)N[C@@H](C(=O)O)c3ccc4c(c3)OCCO4)c[nH]c12)NC1CC1,'>',99500.0,nM,,0.935,1.341,,,100.0,Falls Outside The Dose Series,450.45,2.78,0,Replicase polyprotein 1ab
CHEMBL5441800,COc1cc(Nc2ccc([C@@H](CC(=O)O)NC(=O)c3ncnc4[nH]ccc34)cc2)n[nH]1,'=',7569.0,nM,5.12,0.965,1.236,5.742,9.977,100.0,,421.42,2.38,0,Replicase polyprotein 1ab
CHEMBL5441964,CC(=O)Nc1ccc(C(=O)Nc2ncnc3[nH]c(C)c(C)c23)cc1Cl,'>',99500.0,nM,,0.449,0.728,,,100.0,Falls Outside The Dose Series,357.8,3.44,0,Replicase polyprotein 1ab
CHEMBL5441831,Cc1[nH]c2ncnc(NC(=O)[C@@H]3Cc4ccccc4CO3)c2c1C,'>',99500.0,nM,,0.901,0.903,,,100.0,Falls Outside The Dose Series,322.37,2.65,0,Replicase polyprotein 1ab
CHEMBL5442115,CC(C)[C@@H](NC(=O)c1ccnc(-n2ccnc2)c1)c1ccc2c(c1)OCCO2,'>',99500.0,nM,,,,,,,Falls Outside The Dose Series,378.43,3.17,0,Replicase polyprotein 1ab
CHEMBL5442151,N#CC[C@@H](NC(=O)c1ncnc2[nH]ccc12)c1ccc(Br)cc1,'>',99500.0,nM,,,,,,,Falls Outside The Dose Series,370.21,3.11,0,Replicase polyprotein 1ab
CHEMBL5442024,CC(C)[C@@H](Nc1cc(-n2nccn2)ncn1)c1ccc2c(c1)S(=O)(=O)CCC2,'>',99500.0,nM,,,,,,,Falls Outside The Dose Series,398.49,2.59,0,Replicase polyprotein 1ab
CHEMBL5441774,O=C(Nc1cccc2c(C(=O)Nc3cc4c(cc3C(=O)O)OCCO4)c[nH]c12)NC1CC1,'>',99500.0,nM,,,,,,,Falls Outside The Dose Series,436.42,3.17,0,Replicase polyprotein 1ab
CHEMBL5441965,O=C(O)C[C@@H](NC(=O)c1c[nH]c2ncncc12)c1ccc(NCC2=NO[C@@H]3COC[C@H]23)cc1,'>',99500.0,nM,,,,,,,Falls Outside The Dose Series,450.46,1.72,0,Replicase polyprotein 1ab
CHEMBL5441511,CC(C)[C@@H](Nc1ncnc2[nH]c3cc(F)ccc3c12)c1ccc2c(c1)OCCO2,'=',8537.0,nM,5.07,0.99,1.318,7.394,9.856,100.0,,392.43,4.83,0,Replicase polyprotein 1ab
CHEMBL5441744,COc1ccc([C@@H](Nc2ncnc3[nH]ccc23)C(C)C)cc1OC,'>',99500.0,nM,,0.771,1.636,,,100.0,Falls Outside The Dose Series,326.4,3.78,0,Replicase polyprotein 1ab
CHEMBL5441948,O=C(O)C[C@@H](NC(=O)c1ccc(NC(=O)NC2CC2)cc1)C1CCOCC1,'>',99500.0,nM,,0.347,2.389,,,100.0,Falls Outside The Dose Series,375.43,1.97,0,Replicase polyprotein 1ab
CHEMBL5441677,C[C@@H](Nc1ncnc2[nH]ccc12)[C@@H]1CCCCO1,'>',99500.0,nM,,0.14,2.878,,,100.0,Falls Outside The Dose Series,246.31,2.33,0,Replicase polyprotein 1ab
CHEMBL5441502,CNC(=O)c1ccc([C@@H](CC(=O)O)NC(=O)c2ncnc3[nH]ccc23)cc1,'=',9067.0,nM,5.04,0.967,1.097,6.862,11.98,100.0,,367.37,1.26,0,Replicase polyprotein 1ab
CHEMBL5441807,CC(C)[C@@H](Nc1ncc2c(n1)CCCC2)c1ccc2c(c1)OCCO2,'>',99500.0,nM,,,,,,,Falls Outside The Dose Series,339.44,3.94,0,Replicase polyprotein 1ab
CHEMBL5441940,c1nc(N[C@@H](C2CC2)[C@@H]2CCCOC2)c2cc[nH]c2n1,'>',99500.0,nM,,0.72,1.048,,,100.0,Falls Outside The Dose Series,272.35,2.58,0,Replicase polyprotein 1ab
CHEMBL5442074,O[C@H]1CCCC[C@@H]1Nc1ncnc2[nH]ccc12,'=',64688.0,nM,4.19,0.762,1.342,41.65,100.48,100.0,,232.29,1.67,0,Replicase polyprotein 1ab
CHEMBL5442126,COc1ccc([C@H](CC(=O)O)NC(=O)c2ccc(NC(=O)NC3CC3)cc2)cc1,'=',51166.0,nM,4.29,0.977,1.134,42.99,60.9,100.0,,397.43,2.92,0,Replicase polyprotein 1ab
CHEMBL5442126,COc1ccc([C@H](CC(=O)O)NC(=O)c2ccc(NC(=O)NC3CC3)cc2)cc1,'=',38113.0,nM,4.42,0.986,1.043,33.87,42.89,100.0,,397.43,2.92,0,Replicase polyprotein 1ab
CHEMBL5441602,CS(=O)(=O)Nc1cccc([C@@H](CC(=O)O)NC(=O)c2ncnc3[nH]ccc23)c1,'=',38643.0,nM,4.41,0.968,1.263,32.4,46.1,100.0,,403.42,1.28,0,Replicase polyprotein 1ab
CHEMBL5441935,CC(=O)Nc1cccc([C@@H](CC(=O)O)NC(=O)c2ncnc3[nH]ccc23)c1,'=',20661.0,nM,4.68,0.984,1.079,17.85,23.92,100.0,,367.37,1.86,0,Replicase polyprotein 1ab
CHEMBL5442142,CC(C)[C@@H](Nc1ncnc2[nH]ccc12)c1ccc(C(F)(F)F)cc1,'=',46186.0,nM,4.33,0.978,1.152,39.99,53.34,100.0,,334.35,4.79,0,Replicase polyprotein 1ab
CHEMBL5442142,CC(C)[C@@H](Nc1ncnc2[nH]ccc12)c1ccc(C(F)(F)F)cc1,'=',37198.0,nM,4.43,0.962,1.41,31.15,44.42,100.0,,334.35,4.79,0,Replicase polyprotein 1ab
CHEMBL5441407,CC(C)[C@@H](Nc1ncnc2[nH]ccc12)c1ccc2c(c1)NC(=O)CO2,'=',700.0,nM,6.16,0.992,1.132,0.606,0.809,100.0,,337.38,3.1,0,Replicase polyprotein 1ab
CHEMBL5441394,CC(C)[C@H](Nc1ncnc2[nH]c(-c3cnn(CC(N)=O)c3)cc12)c1ccc2c(c1)S(=O)(=O)CCC2,'=',31.0,nM,7.51,0.992,2.072,0.028,0.033,100.0,,493.59,2.84,0,Replicase polyprotein 1ab
CHEMBL5441429,CC(C)[C@@H](Nc1ncnc2[nH]c(-c3cnn(CC(N)=O)c3)cc12)c1ccc2c(c1)S(=O)(=O)CCC2,'=',7011.0,nM,5.15,0.935,1.581,4.742,10.37,100.0,,493.59,2.84,0,Replicase polyprotein 1ab
CHEMBL5441395,Cc1nn(C)cc1-c1cc2c(N[C@H](c3ccc4c(c3)S(=O)(=O)CCC4)C(C)C)ncnc2[nH]1,'=',14.0,nM,7.85,0.975,2.002,0.013,0.016,100.0,,464.6,4.2,0,Replicase polyprotein 1ab
CHEMBL5441395,Cc1nn(C)cc1-c1cc2c(N[C@H](c3ccc4c(c3)S(=O)(=O)CCC4)C(C)C)ncnc2[nH]1,'=',28.0,nM,7.55,0.987,1.762,0.025,0.031,100.0,,464.6,4.2,0,Replicase polyprotein 1ab
CHEMBL5441388,CCNC(=O)c1cc2c(N[C@@H](c3ccc4c(c3)S(=O)(=O)CCO4)C(C)C)ncnc2[nH]1,'=',90.0,nM,7.05,0.991,1.29,0.079,0.103,100.0,,443.53,2.68,0,Replicase polyprotein 1ab
CHEMBL5441426,CC(C)[C@@H](Nc1ncnc2[nH]c(-c3cncc(S(C)(=O)=O)c3)cc12)c1ccc2c(c1)S(=O)(=O)CCC2,'=',57.0,nM,7.24,0.981,1.44,0.048,0.067,100.0,,525.66,3.95,1,Replicase polyprotein 1ab
CHEMBL5441776,CC(C)[C@@H](Nc1ncnc2[nH]c(C3=CCOC3)cc12)c1ccc2c(c1)S(=O)(=O)CCC2,'=',114.0,nM,6.94,0.996,1.648,0.105,0.124,100.0,,438.55,3.9,0,Replicase polyprotein 1ab
CHEMBL5441829,CC(C)[C@@H](Nc1ncnc2[nH]c(-c3ccc(S(C)(=O)=O)nc3)cc12)c1ccc2c(c1)S(=O)(=O)CCC2,'=',49.0,nM,7.31,0.969,1.142,0.039,0.062,100.0,,525.66,3.95,1,Replicase polyprotein 1ab
CHEMBL5441829,CC(C)[C@@H](Nc1ncnc2[nH]c(-c3ccc(S(C)(=O)=O)nc3)cc12)c1ccc2c(c1)S(=O)(=O)CCC2,'=',94.0,nM,7.03,0.869,1.341,0.06,0.148,100.0,,525.66,3.95,1,Replicase polyprotein 1ab
CHEMBL5441902,CCNC(=O)c1cc2c(N[C@H](c3ccc4c(c3)NS(=O)(=O)CO4)C(C)C)ncnc2[nH]1,'=',29.0,nM,7.54,0.99,1.757,0.027,0.032,100.0,,444.52,2.61,0,Replicase polyprotein 1ab
CHEMBL5441717,CC(C)[C@H](Nc1ncnc(O)c1Cl)c1ccc2c(c1)S(=O)(=O)CCC2,'>',99500.0,nM,,,,,,,Falls Outside The Dose Series,381.89,3.36,0,Replicase polyprotein 1ab
CHEMBL5441544,COCc1noc(C)c1-c1cc2c(N[C@@H](c3ccc4c(c3)OCCO4)C(C)C)ncnc2[nH]1,'>',99500.0,nM,,0.78,0.639,,,100.0,Falls Outside The Dose Series,449.51,4.65,0,Replicase polyprotein 1ab
CHEMBL5441777,CNC(=O)c1cccc([C@@H](CC(=O)O)NC(=O)c2ncnc3[nH]ccc23)c1,'=',18677.0,nM,4.73,0.976,1.204,15.58,22.39,100.0,,367.37,1.26,0,Replicase polyprotein 1ab
CHEMBL5442081,CC(C)[C@@H](Nc1ncnc2n[nH]cc12)c1cnn(C)c1,'=',43056.0,nM,4.37,0.971,1.228,36.17,51.26,100.0,,271.33,1.9,0,Replicase polyprotein 1ab
CHEMBL5442071,c1cc(-c2nnc(Sc3ncnc4[nH]ccc34)[nH]2)ccn1,'>',124375.0,nM,,0.608,0.548,,,100.0,Falls Outside The Dose Series,295.33,2.29,0,Replicase polyprotein 1ab
CHEMBL5442098,Cc1ccc(-c2n[nH]cc2CNc2cnc3[nH]ncc3c2)o1,'>',124375.0,nM,,,,,,,Falls Outside The Dose Series,294.32,2.86,0,Replicase polyprotein 1ab
CHEMBL5441885,Cc1n[nH]c(C)c1C(=O)N1CCC(c2ccn3ncc(C(=O)N4CCCCC4)c3c2)CC1,'>',99500.0,nM,,0.592,0.881,,,100.0,Falls Outside The Dose Series,434.54,3.32,0,Replicase polyprotein 1ab
CHEMBL5442031,O=C(O)c1ccsc1C(=O)N1CCC(c2ccn3ncc(C(=O)N4CCCCC4)c3c2)CC1,'=',58909.0,nM,4.23,0.986,1.094,53.01,65.47,100.0,,466.56,3.74,0,Replicase polyprotein 1ab
CHEMBL5442092,Cn1nc(C(=O)O)cc1C(=O)N1CCC(c2ccn3ncc(C(=O)N4CCCCC4)c3c2)CC1,'>',99500.0,nM,,0.895,1.187,,,100.0,Falls Outside The Dose Series,464.53,2.41,0,Replicase polyprotein 1ab
CHEMBL5442111,CC(C)[C@@H](CCN(C)C(=O)c1nn(C)c2ccc(F)cc12)Nc1ncnc2[nH]ccc12,'>',99500.0,nM,,,,,,,Falls Outside The Dose Series,423.5,3.58,0,Replicase polyprotein 1ab
CHEMBL5441667,Cc1nc2ccc(C(=O)N(C)CC[C@@H](Nc3ncnc4[nH]ccc34)C(C)C)cc2s1,'>',99500.0,nM,,0.279,1.471,,,100.0,Falls Outside The Dose Series,422.56,4.47,0,Replicase polyprotein 1ab
CHEMBL5441667,Cc1nc2ccc(C(=O)N(C)CC[C@@H](Nc3ncnc4[nH]ccc34)C(C)C)cc2s1,'>',99500.0,nM,,0.661,0.969,,,100.0,Falls Outside The Dose Series,422.56,4.47,0,Replicase polyprotein 1ab
CHEMBL5441618,Cc1ccc2snc(C(=O)N(C)CC[C@@H](Nc3ncnc4[nH]ccc34)C(C)C)c2c1,'>',99500.0,nM,,,,,,,Falls Outside The Dose Series,422.56,4.47,0,Replicase polyprotein 1ab
CHEMBL5441840,Cc1csc(NC(=O)CSC[C@@H](NC(=O)c2ncnc3[nH]ccc23)C(=O)O)n1,'>',99500.0,nM,,0.635,1.29,,,100.0,Falls Outside The Dose Series,420.48,1.28,0,Replicase polyprotein 1ab
CHEMBL5441799,CC(C)[C@@H](CCN(C)C(=O)c1cccc2cc(F)ccc12)Nc1ncnc2[nH]ccc12,'>',99500.0,nM,,,,,,,Falls Outside The Dose Series,419.5,4.85,0,Replicase polyprotein 1ab
CHEMBL5441904,C[C@H]1C[C@H]1c1nnc(Nc2ccc([C@@H](CC(=O)O)NC(=O)c3ncnc4[nH]ccc34)cc2)o1,'=',6043.0,nM,5.22,0.995,1.62,5.435,6.719,100.0,,447.46,3.15,0,Replicase polyprotein 1ab
CHEMBL5441671,Cn1cc([C@@H](Nc2ncnc3[nH]ccc23)c2ccc(F)cc2)cn1,'>',99500.0,nM,,0.872,1.102,,,100.0,Falls Outside The Dose Series,322.35,3.03,0,Replicase polyprotein 1ab
CHEMBL5441499,O=C(Nc1ncnc2c(C(=O)NC3(c4ccccc4F)CCCCC3)csc12)NC1CC1,'>',99500.0,nM,,,,,,,Falls Outside The Dose Series,453.54,4.7,0,Replicase polyprotein 1ab
CHEMBL5442084,CCc1coc(Nc2ccc([C@@H](CC(=O)O)NC(=O)c3c[nH]c4ncncc34)cc2)n1,'=',76080.0,nM,4.12,0.953,1.457,65.48,88.39,100.0,,420.43,3.2,0,Replicase polyprotein 1ab
CHEMBL5441536,CC(=O)c1ccc(S(=O)(=O)Nc2cnc3[nH]ccc3c2)cc1,'>',99500.0,nM,,0.246,1.991,,,100.0,Falls Outside The Dose Series,315.35,2.57,0,Replicase polyprotein 1ab
CHEMBL5441762,N#CCc1cccc(S(=O)(=O)Nc2cnc3[nH]ccc3c2)c1,'>',99500.0,nM,,0.058,0.504,,,100.0,Falls Outside The Dose Series,312.35,2.43,0,Replicase polyprotein 1ab
CHEMBL5442131,C[C@@H](c1ccc(F)c(F)c1)N(C)C(=O)c1ncnc2[nH]ccc12,'>',99500.0,nM,,,,,,,Falls Outside The Dose Series,316.31,3.07,0,Replicase polyprotein 1ab
CHEMBL5441895,O=C(Nc1cccc2c(C(=O)N[C@@H](c3ccccc3)C(F)F)c[nH]c12)NC1CC1,'>',99500.0,nM,,,,,,,Falls Outside The Dose Series,398.41,4.19,0,Replicase polyprotein 1ab
CHEMBL5442022,NC(=O)C[C@H](NC(=O)c1ncnc2[nH]ccc12)c1ccc(Cl)cc1,'>',99500.0,nM,,0.285,1.439,,,100.0,Falls Outside The Dose Series,343.77,1.96,0,Replicase polyprotein 1ab
CHEMBL5441925,COc1ccc([C@@H](CC(=O)O)NC(=O)c2ncnc3[nH]ccc23)cc1,'=',2066.0,nM,5.68,0.993,1.171,1.826,2.337,100.0,,340.34,1.91,0,Replicase polyprotein 1ab
CHEMBL5441827,COc1ccc(C(=O)Nc2ncnc3[nH]c(C)c(C)c23)cn1,'>',99500.0,nM,,0.458,0.5,,,100.0,Falls Outside The Dose Series,297.32,2.23,0,Replicase polyprotein 1ab
CHEMBL5441438,C[C@@H](C(=O)O)[C@H](NC(=O)c1ncnc2[nH]ccc12)c1ccc(Br)cc1,'=',2849.0,nM,5.54,0.888,0.956,1.588,5.11,100.0,,403.24,2.91,0,Replicase polyprotein 1ab
CHEMBL5442147,CC(C)[C@H](Nc1nccc2[nH]ccc12)c1ccc2c(c1)S(=O)(=O)CCC2,'>',99500.0,nM,,,,,,,Falls Outside The Dose Series,369.49,4.09,0,Replicase polyprotein 1ab
CHEMBL5442003,CC(C)[C@H](Nc1ncnc2[nH]nnc12)c1ccc2c(c1)S(=O)(=O)CCC2,'>',99500.0,nM,,0.782,0.856,,,100.0,Falls Outside The Dose Series,372.45,2.28,0,Replicase polyprotein 1ab
CHEMBL5442086,CCn1cc(-c2cc3c(N[C@@H](c4ccc5c(c4)OCCO5)C(C)C)ncnc3[nH]2)cn1,'=',626.0,nM,6.2,0.983,1.275,0.517,0.758,100.0,,418.5,4.42,0,Replicase polyprotein 1ab
CHEMBL5441612,CO[C@@H]1CCC[C@H]1NC(=O)c1cc2c(N[C@@H](c3ccc4c(c3)OCCO4)C(C)C)ncnc2[nH]1,'=',1014.0,nM,5.99,0.996,1.157,0.918,1.121,100.0,,465.55,3.84,0,Replicase polyprotein 1ab
CHEMBL5442107,CC(C)[C@@H](Nc1ncnc2[nH]c(C(=O)NC34CC(C#N)(C3)C4)cc12)c1ccc2c(c1)OCCO2,'=',1928.0,nM,5.71,0.989,1.156,1.642,2.263,100.0,,458.52,3.71,0,Replicase polyprotein 1ab
CHEMBL5441893,CC(C)[C@@H](Nc1ncnc2[nH]c(C(=O)NCC3=NCCCN3)cc12)c1ccc2c(c1)OCCO2,'=',3681.0,nM,5.43,0.991,1.124,3.161,4.285,100.0,,463.54,2.66,0,Replicase polyprotein 1ab
CHEMBL5441575,CC(C)[C@@H](Nc1ncnc2[nH]c(C(=O)NCC(C)(C)C#N)cc12)c1ccc2c(c1)OCCO2,'=',4225.0,nM,5.37,0.975,1.189,3.26,5.475,100.0,,448.53,3.82,0,Replicase polyprotein 1ab
CHEMBL5441490,CC(C)[C@@H](Nc1ncnc2n[nH]cc12)c1ccc2c(c1)S(=O)(=O)CCC2,'=',815.0,nM,6.09,0.997,1.1,0.747,0.89,100.0,,371.47,2.88,0,Replicase polyprotein 1ab
CHEMBL5441627,CC(C)[C@@H](Nc1ncnc2[nH]c(C(=O)N[C@H]3[C@@H]4COC[C@@H]43)cc12)c1ccc2c(c1)OCCO2,'=',629.0,nM,6.2,0.997,1.291,0.577,0.685,100.0,,449.51,2.91,0,Replicase polyprotein 1ab
CHEMBL5441983,CC(C)[C@@H](Nc1ncnc2[nH]c(C(=O)NCc3nncn3C)cc12)c1ccc2c(c1)OCCO2,'=',1391.0,nM,5.86,0.997,1.142,1.284,1.506,100.0,,462.51,2.6,0,Replicase polyprotein 1ab
CHEMBL5441983,CC(C)[C@@H](Nc1ncnc2[nH]c(C(=O)NCc3nncn3C)cc12)c1ccc2c(c1)OCCO2,'=',1234.0,nM,5.91,0.991,1.157,1.061,1.435,100.0,,462.51,2.6,0,Replicase polyprotein 1ab
CHEMBL5442070,CC(C)[C@@H](Nc1ncnc2[nH]c(C(=O)NCc3ccn(C)n3)cc12)c1ccc2c(c1)OCCO2,'=',1044.0,nM,5.98,0.996,1.25,0.949,1.149,100.0,,461.53,3.2,0,Replicase polyprotein 1ab
CHEMBL5441923,COc1ccc([C@@H](NC(=O)c2[nH]cnc3nccc2-3)C(C)c2nnn[nH]2)cc1,'=',633.0,nM,6.2,0.981,1.247,0.515,0.779,100.0,,378.4,1.71,0,Replicase polyprotein 1ab
CHEMBL5441923,COc1ccc([C@@H](NC(=O)c2[nH]cnc3nccc2-3)C(C)c2nnn[nH]2)cc1,'=',594.0,nM,6.23,0.985,1.094,0.488,0.724,100.0,,378.4,1.71,0,Replicase polyprotein 1ab
CHEMBL5441719,CC(C)[C@@H](Nc1ncnc2[nH]ccc12)c1ccc(F)c(C#N)c1,'=',16597.0,nM,4.78,0.953,1.042,12.59,21.88,100.0,,309.35,3.78,0,Replicase polyprotein 1ab
CHEMBL5441416,CC(C)[C@@H](Nc1ncnc2[nH]c(-c3cnn(C)c3C#N)cc12)c1ccc2c(c1)OCCO2,'>',99500.0,nM,,0.144,1.486,,,100.0,Falls Outside The Dose Series,429.48,3.81,0,Replicase polyprotein 1ab
CHEMBL5441642,CCNC(=O)c1cc2c(N[C@@H](c3cccc(-c4ccc(OC)nc4)c3)C(C)C)ncnc2[nH]1,'=',20892.0,nM,4.68,0.929,0.932,14.97,29.15,100.0,,444.54,4.59,0,Replicase polyprotein 1ab
CHEMBL5441917,CCNC(=O)c1cc2c(N[C@@H](c3cccnc3OCC(F)(F)F)C(C)C)ncnc2[nH]1,'>',99500.0,nM,,0.889,0.641,,,100.0,Falls Outside The Dose Series,436.44,3.85,0,Replicase polyprotein 1ab
CHEMBL5441436,CNC(=O)c1c[nH]c2ncnc(N[C@H](c3ccc4c(c3)S(=O)(=O)CCC4)C(C)C)c12,'=',110.0,nM,6.96,0.994,1.082,0.099,0.123,100.0,,427.53,2.85,0,Replicase polyprotein 1ab
CHEMBL5441427,CC(C)(C)[C@@H](Nc1ncnc2[nH]c(-c3cnn(CC(N)=O)c3)cc12)c1ccc2c(n1)OCCO2,'=',54.0,nM,7.27,0.998,1.213,0.051,0.057,100.0,,462.51,2.67,0,Replicase polyprotein 1ab
CHEMBL5441413,CNC(=O)Cn1cc(-c2cc3c(N[C@@H](c4ccc5c(c4)S(=O)(=O)CCC5)C(C)C)ncnc3[nH]2)cn1,'=',18.0,nM,7.75,0.996,1.615,0.017,0.019,100.0,,507.62,3.1,1,Replicase polyprotein 1ab
CHEMBL5441962,CC(C)[C@H](Nc1ncnc2[nH]c(C(=O)N[C@@H]3CCN(C)C3)cc12)c1ccc2c(c1)S(=O)(=O)CCC2,'=',3156.0,nM,5.5,0.995,1.353,2.849,3.498,100.0,,496.64,2.92,0,Replicase polyprotein 1ab
CHEMBL5441418,CC(C)[C@@H](Nc1ncnc2[nH]cc(C(=O)NC3CC3)c12)c1ccc2c(c1)S(=O)(=O)CCC2,'=',150.0,nM,6.82,0.999,1.216,0.142,0.157,100.0,,453.57,3.38,0,Replicase polyprotein 1ab
CHEMBL5483082,CC(C)[C@@H](Nc1ncnc2[nH]ccc12)c1ccc2c(c1)[S+]([O-])CCO2,'=',628.0,nM,6.2,0.996,1.184,0.571,0.691,100.0,,356.45,3.27,0,Replicase polyprotein 1ab
CHEMBL5441391,Cn1ncc(-c2cc3c(N[C@@H](c4ccc5c(n4)OCCO5)C(C)(C)C)ncnc3[nH]2)c1C#N,'=',30.0,nM,7.52,0.997,1.347,0.028,0.032,100.0,,444.5,3.6,0,Replicase polyprotein 1ab
CHEMBL5441956,CC(C)[C@@H](Nc1ncnc2[nH]c(-c3ccnc(C#N)c3)cc12)c1ccc2c(c1)OCCO2,'=',2093.0,nM,5.68,0.943,0.698,1.393,3.144,100.0,,426.48,4.47,0,Replicase polyprotein 1ab
CHEMBL5442075,CC(C)[C@@H](Nc1ncnc2[nH]ccc12)C(=O)O,'=',20926.0,nM,4.68,0.991,1.216,18.8,23.29,100.0,,234.26,1.48,0,Replicase polyprotein 1ab
CHEMBL5442122,CC(C)[C@@H](Nc1nc(C2CC2)nc2[nH]ccc12)c1ccc2c(c1)OCCO2,'>',99500.0,nM,,,,,,,Falls Outside The Dose Series,364.45,4.42,0,Replicase polyprotein 1ab
CHEMBL5441613,CC(C)[C@@H](Nc1ncnc2[nH]cc(C(N)=O)c12)c1ccc2c(c1)OCCO2,'=',865.0,nM,6.06,0.962,1.859,0.669,1.12,100.0,,367.41,2.64,0,Replicase polyprotein 1ab
CHEMBL5441609,CC(C)[C@@H](Nc1ncnc2[nH]c(-c3cncn3C)cc12)c1ccc2c(c1)OCCO2,'=',7415.0,nM,5.13,0.991,1.291,6.458,8.514,100.0,,404.47,3.94,0,Replicase polyprotein 1ab
CHEMBL5441706,CCCn1nccc1-c1cc2c(N[C@@H](c3ccc4c(c3)OCCO4)C(C)C)ncnc2[nH]1,'=',2187.0,nM,5.66,0.992,1.128,1.903,2.513,100.0,,432.53,4.81,0,Replicase polyprotein 1ab
CHEMBL5441569,O=C(O)C[C@@H](NC(=O)c1cccc2cc[nH]c12)c1ccc(Br)cc1,'>',99500.0,nM,,0.756,7.644,,,100.0,Falls Outside The Dose Series,387.23,3.88,0,Replicase polyprotein 1ab
CHEMBL5441434,CC(C)[C@@H](Nc1ncnc2[nH]c(-c3cnn(C)c3C#N)cc12)c1ccc2c(n1)NC(=O)CO2,'=',128.0,nM,6.89,0.957,1.317,0.096,0.17,100.0,,443.47,2.77,0,Replicase polyprotein 1ab
CHEMBL5441964,CC(=O)Nc1ccc(C(=O)Nc2ncnc3[nH]c(C)c(C)c23)cc1Cl,'>',99500.0,nM,,0.364,0.5,,,100.0,Falls Outside The Dose Series,357.8,3.44,0,Replicase polyprotein 1ab
CHEMBL5441699,O=C(Nc1ccccc1)Nc1ccc(C(=O)NC2c3cccc(O)c3CC2C(=O)O)cc1,'=',439.0,nM,6.36,0.997,1.122,0.401,0.481,100.0,,431.45,3.76,0,Replicase polyprotein 1ab
CHEMBL5441975,O=C(O)C[C@@H](NC(=O)c1cncc2[nH]ccc12)c1ccc(Br)cc1,'=',35815.0,nM,4.45,0.976,1.226,30.79,41.66,100.0,,388.22,3.27,0,Replicase polyprotein 1ab
CHEMBL5441699,O=C(Nc1ccccc1)Nc1ccc(C(=O)NC2c3cccc(O)c3CC2C(=O)O)cc1,'=',353.0,nM,6.45,0.999,1.222,0.336,0.371,100.0,,431.45,3.76,0,Replicase polyprotein 1ab
CHEMBL5441699,O=C(Nc1ccccc1)Nc1ccc(C(=O)NC2c3cccc(O)c3CC2C(=O)O)cc1,'=',406.0,nM,6.39,0.997,1.093,0.376,0.439,100.0,,431.45,3.76,0,Replicase polyprotein 1ab
CHEMBL5441699,O=C(Nc1ccccc1)Nc1ccc(C(=O)NC2c3cccc(O)c3CC2C(=O)O)cc1,'=',384.0,nM,6.42,0.995,1.173,0.345,0.427,100.0,,431.45,3.76,0,Replicase polyprotein 1ab
CHEMBL5441699,O=C(Nc1ccccc1)Nc1ccc(C(=O)NC2c3cccc(O)c3CC2C(=O)O)cc1,'=',506.0,nM,6.3,0.99,1.012,0.433,0.592,100.0,,431.45,3.76,0,Replicase polyprotein 1ab
CHEMBL5441487,Cc1ccc2c(NC(=O)c3ccc(NC(=O)NC4CC4)cc3)c(C(=O)O)sc2n1,'>',99500.0,nM,,,,,,,Falls Outside The Dose Series,410.46,3.84,0,Replicase polyprotein 1ab
CHEMBL5442099,O=C(Nc1cccc2c(C(=O)Nc3ccccc3C(=O)O)c[nH]c12)NC1CC1,'=',19870.0,nM,4.7,0.989,1.372,17.73,22.26,100.0,,378.39,3.4,0,Replicase polyprotein 1ab
CHEMBL5442159,O=C(O)C[C@@H](NC(=O)c1ncnc2[nH]ccc12)c1ccc(NCc2ccno2)cc1,'=',13102.0,nM,4.88,0.983,1.219,11.07,15.51,100.0,,406.4,2.5,0,Replicase polyprotein 1ab
CHEMBL5441981,O=C(O)[C@@H](Nc1ncnc2[nH]ccc12)c1ccc2c(c1)OCCO2,'=',7953.0,nM,5.1,0.985,1.038,6.631,9.54,100.0,,326.31,1.97,0,Replicase polyprotein 1ab
CHEMBL5441744,COc1ccc([C@@H](Nc2ncnc3[nH]ccc23)C(C)C)cc1OC,'>',99500.0,nM,,0.914,1.226,,,100.0,Falls Outside The Dose Series,326.4,3.78,0,Replicase polyprotein 1ab
CHEMBL5441763,FC(F)[C@@H](Nc1ncnc2[nH]ccc12)c1ccc2c(c1)OCCO2,'=',15952.0,nM,4.8,0.983,1.016,13.48,18.88,100.0,,332.31,3.15,0,Replicase polyprotein 1ab
CHEMBL5441901,O=C(O)C[C@H](NC(=O)c1ccc(NC(=O)NC2CC2)cc1)c1cccnc1,'=',50132.0,nM,4.3,0.956,1.188,41.39,60.73,100.0,,368.39,2.31,0,Replicase polyprotein 1ab
CHEMBL5441832,O=C(O)C[C@@H](NC(=O)c1ccc(NC(=O)NC2CC2)cc1)c1cccnc1,'=',68167.0,nM,4.17,0.857,1.647,51.4,90.4,100.0,,368.39,2.31,0,Replicase polyprotein 1ab
CHEMBL5441943,CNC(=O)Cn1cc(-c2cc3c(N[C@H](c4ccc5c(c4)OCCO5)C(C)C)ncnc3[nH]2)cn1,'=',224.0,nM,6.65,0.997,1.123,0.206,0.244,100.0,,461.53,3.15,0,Replicase polyprotein 1ab
CHEMBL5441424,CNC(=O)Cn1cc(-c2cc3c(N[C@H](c4ccc5c(c4)S(=O)(=O)CCC5)C(C)C)ncnc3[nH]2)cn1,'=',5614.0,nM,5.25,0.991,1.354,4.927,6.397,100.0,,507.62,3.1,1,Replicase polyprotein 1ab
CHEMBL5441396,CC(C)[C@@H](Nc1ncnc2[nH]c(C(=O)N[C@@H]3CCN(C)C3)cc12)c1ccc2c(c1)S(=O)(=O)CCC2,'=',66.0,nM,7.18,0.997,1.229,0.062,0.07,100.0,,496.64,2.92,0,Replicase polyprotein 1ab
CHEMBL5441425,CC(C)[C@@H](Nc1ncnc2[nH]c(-c3ccc4cncn4c3)cc12)c1ccc2c(c1)S(=O)(=O)CCC2,'=',95.0,nM,7.02,0.993,1.261,0.085,0.106,100.0,,486.6,4.8,0,Replicase polyprotein 1ab
CHEMBL5441869,CNC(=O)c1cc2c(N[C@@H](c3ccc4c(c3)NC(=O)CO4)C(C)C)ncnc2[nH]1,'=',154.0,nM,6.81,0.996,1.144,0.139,0.17,100.0,,394.44,2.46,0,Replicase polyprotein 1ab
CHEMBL5441845,CCNC(=O)c1cc2c(N[C@@H](c3ccc4c(c3)CCN4C(=O)C3CC3)C(C)C)ncnc2[nH]1,'=',24584.0,nM,4.61,0.955,0.956,19.22,31.44,100.0,,446.56,3.82,0,Replicase polyprotein 1ab
CHEMBL5441405,CNCc1cc(-c2cc3c(N[C@@H](c4ccc5c(c4)S(=O)(=O)NCC5)C(C)C)ncnc3[nH]2)co1,'=',65.0,nM,7.19,0.999,1.458,0.063,0.068,100.0,,480.59,3.58,0,Replicase polyprotein 1ab
CHEMBL5441824,CC(C)[C@H](Nc1ncnc2[nH]cc(C(=O)NC3CC3)c12)c1ccc2c(c1)S(=O)(=O)CCC2,'=',6457.0,nM,5.19,0.898,1.268,3.951,10.55,100.0,,453.57,3.38,0,Replicase polyprotein 1ab
CHEMBL5441486,CC(C)[C@@H](Nc1ncnc2[nH]c(C(=O)NC3(CF)COC3)cc12)c1ccc2c(c1)OCCO2,'=',1251.0,nM,5.9,0.993,1.25,1.098,1.425,100.0,,455.49,3.01,0,Replicase polyprotein 1ab
CHEMBL5441719,CC(C)[C@@H](Nc1ncnc2[nH]ccc12)c1ccc(F)c(C#N)c1,'=',4146.0,nM,5.38,0.99,1.188,3.545,4.847,100.0,,309.35,3.78,0,Replicase polyprotein 1ab
CHEMBL5441985,COc1ccc([C@@H](NC(=O)c2ncnc3[nH]ccc23)C(C)(C)c2nnn[nH]2)cc1,'=',1687.0,nM,5.77,0.995,1.285,1.518,1.876,100.0,,392.42,1.93,0,Replicase polyprotein 1ab
CHEMBL5442140,CCNC(=O)c1cc2c(N[C@@H](CC(=O)Nc3cnn(C(C)C)c3)C(C)C)ncnc2[nH]1,'=',27708.0,nM,4.56,0.991,1.161,25.13,30.55,100.0,,426.53,2.95,0,Replicase polyprotein 1ab
CHEMBL5441411,CCNC(=O)c1cc2c(N[C@@H](c3ccc4c(c3)S(=O)(=O)NCC4)C(C)C)ncnc2[nH]1,'=',117.0,nM,6.93,0.997,1.238,0.109,0.127,100.0,,442.55,2.35,0,Replicase polyprotein 1ab
CHEMBL5441485,Cc1ccc(C(=O)Nc2ncnc3[nH]c(C)c(C)c23)cn1,'>',99500.0,nM,,0.405,1.389,,,100.0,Falls Outside The Dose Series,281.32,2.53,0,Replicase polyprotein 1ab
CHEMBL5441463,O=C(OCc1ccc(Cl)nc1)c1ncnc2[nH]ccc12,'>',99500.0,nM,,0.09,6.424,,,100.0,Falls Outside The Dose Series,288.69,2.36,0,Replicase polyprotein 1ab
CHEMBL5441699,O=C(Nc1ccccc1)Nc1ccc(C(=O)NC2c3cccc(O)c3CC2C(=O)O)cc1,'=',653.0,nM,6.18,0.996,1.302,0.59,0.722,100.0,,431.45,3.76,0,Replicase polyprotein 1ab
CHEMBL5442091,O=C(c1cccc(Br)c1)N1CCC(c2ccn3ncc(C(=O)N4CCCCC4)c3c2)CC1,'>',124375.0,nM,,0.946,0.907,,,100.0,Falls Outside The Dose Series,495.42,4.74,0,Replicase polyprotein 1ab
CHEMBL5441409,COc1ccc([C@@H](Cc2nnn[nH]2)NC(=O)c2ncnc3[nH]ccc23)cc1,'=',8119.0,nM,5.09,0.991,1.023,7.099,9.285,100.0,,364.37,1.19,0,Replicase polyprotein 1ab
CHEMBL5441886,COc1cc(Nc2ccc(C(=O)N[C@@H]3c4cccc(O)c4C[C@@H]3C(=O)O)cc2)[nH]n1,'=',2708.0,nM,5.57,0.985,1.228,2.24,3.273,100.0,,408.41,2.6,0,Replicase polyprotein 1ab
CHEMBL5442094,COC(=O)c1c[nH]c(-c2cc3c(N[C@@H](c4ccc5c(c4)OCCO5)C(C)C)ncnc3[nH]2)c1,'=',3583.0,nM,5.45,0.985,1.211,2.996,4.285,100.0,,447.5,4.32,0,Replicase polyprotein 1ab
CHEMBL5441516,CC(C)[C@@H](Nc1ncnc2[nH]c([C@@H]3CCOC3)cc12)c1ccc2c(c1)OCCO2,'=',1858.0,nM,5.73,0.981,1.161,1.484,2.327,100.0,,394.48,4.04,0,Replicase polyprotein 1ab
CHEMBL5441516,CC(C)[C@@H](Nc1ncnc2[nH]c([C@@H]3CCOC3)cc12)c1ccc2c(c1)OCCO2,'=',1954.0,nM,5.71,0.97,1.324,1.501,2.543,100.0,,394.48,4.04,0,Replicase polyprotein 1ab
CHEMBL5441997,Cc1coc(-c2cc3c(N[C@@H](c4ccc5c(c4)OCCO5)C(C)C)ncnc3[nH]2)c1,'>',99500.0,nM,,0.816,0.607,,,100.0,Falls Outside The Dose Series,404.47,5.11,1,Replicase polyprotein 1ab
CHEMBL5441609,CC(C)[C@@H](Nc1ncnc2[nH]c(-c3cncn3C)cc12)c1ccc2c(c1)OCCO2,'=',5769.0,nM,5.24,0.983,0.989,4.685,7.105,100.0,,404.47,3.94,0,Replicase polyprotein 1ab
CHEMBL5441573,CNCc1cc(-c2cc3c(N[C@@H](c4ccc5c(c4)OCCO5)C(C)C)ncnc3[nH]2)co1,'=',383.0,nM,6.42,0.996,1.414,0.349,0.42,100.0,,433.51,4.52,0,Replicase polyprotein 1ab
CHEMBL5441988,CNC(=O)c1cccc(-c2cc3c(N[C@@H](c4ccc5c(c4)OCCO5)C(C)C)ncnc3[nH]2)c1,'=',416.0,nM,6.38,0.94,1.308,0.294,0.588,100.0,,457.53,4.56,0,Replicase polyprotein 1ab
CHEMBL5441706,CCCn1nccc1-c1cc2c(N[C@@H](c3ccc4c(c3)OCCO4)C(C)C)ncnc2[nH]1,'=',2619.0,nM,5.58,0.991,1.199,2.263,3.031,100.0,,432.53,4.81,0,Replicase polyprotein 1ab
CHEMBL5441591,COC(=O)c1coc(-c2cc3c(N[C@@H](c4ccc5c(c4)OCCO5)C(C)C)ncnc3[nH]2)c1,'=',10723.0,nM,4.97,0.965,1.147,8.267,13.91,100.0,,448.48,4.58,0,Replicase polyprotein 1ab
CHEMBL5441725,CC(C)[C@@H](Nc1ncnc2[nH]c(-c3cccc(CN4CCS(=O)(=O)CC4)c3)cc12)c1ccc2c(c1)OCCO2,'=',3449.0,nM,5.46,0.935,0.99,2.331,5.103,100.0,,547.68,4.44,1,Replicase polyprotein 1ab
CHEMBL5441924,Cc1ncc(-c2cc3c(N[C@@H](c4ccc5c(c4)OCCO5)C(C)C)ncnc3[nH]2)o1,'=',1347.0,nM,5.87,0.97,1.169,1.018,1.782,100.0,,405.46,4.5,0,Replicase polyprotein 1ab
CHEMBL5441699,O=C(Nc1ccccc1)Nc1ccc(C(=O)NC2c3cccc(O)c3CC2C(=O)O)cc1,'=',435.0,nM,6.36,0.996,1.131,0.396,0.479,100.0,,431.45,3.76,0,Replicase polyprotein 1ab
CHEMBL5441699,O=C(Nc1ccccc1)Nc1ccc(C(=O)NC2c3cccc(O)c3CC2C(=O)O)cc1,'=',338.0,nM,6.47,0.998,1.225,0.318,0.36,100.0,,431.45,3.76,0,Replicase polyprotein 1ab
CHEMBL5441699,O=C(Nc1ccccc1)Nc1ccc(C(=O)NC2c3cccc(O)c3CC2C(=O)O)cc1,'=',649.0,nM,6.19,0.988,1.006,0.545,0.774,100.0,,431.45,3.76,0,Replicase polyprotein 1ab
CHEMBL5442072,CC(C)[C@@H](Nc1ncnc2[nH]c(C(=O)NC3COC3)cc12)c1ccc2c(c1)OCCO2,'=',743.0,nM,6.13,0.991,1.207,0.647,0.853,100.0,,423.47,2.67,0,Replicase polyprotein 1ab
CHEMBL5442072,CC(C)[C@@H](Nc1ncnc2[nH]c(C(=O)NC3COC3)cc12)c1ccc2c(c1)OCCO2,'=',1537.0,nM,5.81,0.994,1.245,1.374,1.721,100.0,,423.47,2.67,0,Replicase polyprotein 1ab
CHEMBL5441612,CO[C@@H]1CCC[C@H]1NC(=O)c1cc2c(N[C@@H](c3ccc4c(c3)OCCO4)C(C)C)ncnc2[nH]1,'=',1335.0,nM,5.88,0.995,1.227,1.195,1.49,100.0,,465.55,3.84,0,Replicase polyprotein 1ab
CHEMBL5442107,CC(C)[C@@H](Nc1ncnc2[nH]c(C(=O)NC34CC(C#N)(C3)C4)cc12)c1ccc2c(c1)OCCO2,'=',1357.0,nM,5.87,0.994,1.206,1.21,1.521,100.0,,458.52,3.71,0,Replicase polyprotein 1ab
CHEMBL5441400,CC(C)[C@H](Nc1ncnc2[nH]c(-c3cnn(C)c3C#N)cc12)c1ccc2c(c1)S(=O)(=O)CCC2,'=',18.0,nM,7.75,0.987,1.892,0.017,0.02,100.0,,475.58,3.76,0,Replicase polyprotein 1ab
CHEMBL5441787,COC(=O)c1cc2c(N[C@@H](c3ccc4c(c3)CCN4)C(C)C)ncnc2[nH]1,'=',37604.0,nM,4.42,0.774,1.093,23.31,60.67,100.0,,365.44,3.52,0,Replicase polyprotein 1ab
CHEMBL5442161,CNC(=O)c1cc2c(N[C@H](c3ccc4c(c3)NC(=O)CO4)C(C)C)ncnc2[nH]1,'=',961.0,nM,6.02,0.994,1.282,0.857,1.078,100.0,,394.44,2.46,0,Replicase polyprotein 1ab
CHEMBL5441405,CNCc1cc(-c2cc3c(N[C@@H](c4ccc5c(c4)S(=O)(=O)NCC5)C(C)C)ncnc3[nH]2)co1,'=',108.0,nM,6.97,0.997,1.247,0.101,0.117,100.0,,480.59,3.58,0,Replicase polyprotein 1ab
CHEMBL5441974,CC(C)[C@@H](NCc1ncc[nH]1)c1ccc2c(c1)OCCO2,'>',99500.0,nM,,,,,,,Falls Outside The Dose Series,287.36,2.67,0,Replicase polyprotein 1ab
CHEMBL5441945,C[C@@H]1Oc2ccc(Nc3ncnc4[nH]ccc34)cc2NC1=O,'>',99500.0,nM,,,,,,,Falls Outside The Dose Series,295.3,2.42,0,Replicase polyprotein 1ab
CHEMBL5441704,COc1ccc(Nc2ncnc3[nH]ccc23)cc1OC,'>',99500.0,nM,,,,,,,Falls Outside The Dose Series,270.29,2.72,0,Replicase polyprotein 1ab
CHEMBL5442096,c1ccc2c(c1)OCC[C@@H]2Nc1ncnc2[nH]ccc12,'>',99500.0,nM,,0.87,1.345,,,100.0,Falls Outside The Dose Series,266.3,2.89,0,Replicase polyprotein 1ab
CHEMBL5441484,CNc1ccc([C@@H](CC(=O)O)NC(=O)c2ncnc3[nH]ccc23)cc1,'=',28881.0,nM,4.54,0.978,1.297,24.96,33.42,100.0,,339.36,1.95,0,Replicase polyprotein 1ab
CHEMBL5441602,CS(=O)(=O)Nc1cccc([C@@H](CC(=O)O)NC(=O)c2ncnc3[nH]ccc23)c1,'=',39459.0,nM,4.4,0.972,1.18,33.52,46.45,100.0,,403.42,1.28,0,Replicase polyprotein 1ab
CHEMBL5441471,CC(C)(C)[C@@H](Nc1ncnc2[nH]ccc12)c1ccc2c(c1)OCCO2,'=',1226.0,nM,5.91,0.962,1.437,0.91,1.651,100.0,,338.41,3.93,0,Replicase polyprotein 1ab
CHEMBL5441818,Cc1nnc(Nc2ccc(C(=O)N[C@@H]3c4cccc(O)c4C[C@@H]3C(=O)O)cc2)o1,'=',7384.0,nM,5.13,0.988,1.195,6.316,8.631,100.0,,394.39,2.56,0,Replicase polyprotein 1ab
CHEMBL5441941,Cc1nnc(Nc2ccc(C(=O)N[C@H]3c4cccc(O)c4C[C@@H]3C(=O)O)cc2)o1,'>',99500.0,nM,,0.595,0.98,,,100.0,Falls Outside The Dose Series,394.39,2.56,0,Replicase polyprotein 1ab
CHEMBL5442075,CC(C)[C@@H](Nc1ncnc2[nH]ccc12)C(=O)O,'=',20592.0,nM,4.69,0.973,1.164,17.04,24.88,100.0,,234.26,1.48,0,Replicase polyprotein 1ab
CHEMBL5441462,CC(C)C[C@@H](Nc1ncnc2[nH]ccc12)C(=O)O,'>',99500.0,nM,,0.68,1.514,,,100.0,Falls Outside The Dose Series,248.29,1.87,0,Replicase polyprotein 1ab
CHEMBL5441746,CC(C)[C@@H](Nc1ncnc2[nH]cc(C#N)c12)c1ccc2c(c1)OCCO2,'=',3816.0,nM,5.42,0.936,1.231,2.531,5.756,100.0,,349.39,3.41,0,Replicase polyprotein 1ab
CHEMBL5441709,CNc1nc(N[C@@H](c2ccc3c(c2)OCCO3)C(C)C)c2cc[nH]c2n1,'>',99500.0,nM,,,,,,,Falls Outside The Dose Series,353.43,3.58,0,Replicase polyprotein 1ab
CHEMBL5441722,CC(C)[C@@H](Nc1nc(N(C)C)nc2[nH]ccc12)c1ccc2c(c1)OCCO2,'>',99500.0,nM,,,,,,,Falls Outside The Dose Series,367.45,3.6,0,Replicase polyprotein 1ab
CHEMBL5441751,COC(=O)c1cc2c(N[C@@H](c3ccc4c(c3)OCCO4)C(C)C)ncnc2[nH]1,'=',5312.0,nM,5.28,0.988,1.116,4.507,6.259,100.0,,382.42,3.32,0,Replicase polyprotein 1ab
CHEMBL5441600,O=C(O)[C@@H]1CC2(CCCCC2)CN1c1ncnc2[nH]ccc12,'>',99500.0,nM,,0.075,8.076,,,100.0,Falls Outside The Dose Series,300.36,2.57,0,Replicase polyprotein 1ab
CHEMBL5441877,O=C(Nc1ccc(C(=O)N[C@@H]2c3ccccc3C[C@@H]2C(=O)O)cc1)c1ccc(C(=O)NC2CC2)cc1,'>',99500.0,nM,,0.275,7.039,,,100.0,Falls Outside The Dose Series,483.52,3.56,0,Replicase polyprotein 1ab
CHEMBL5441789,O=C(O)[C@H](CC1CCCCC1)Nc1ncnc2[nH]ccc12,'=',91831.0,nM,4.04,0.51,1.328,42.74,197.29,100.0,,288.35,2.79,0,Replicase polyprotein 1ab
CHEMBL5441881,CC(C)[C@H](Nc1ncnc2[nH]ccc12)c1ccc2c(c1)NC(=O)CO2,'>',99500.0,nM,,,,,,,Falls Outside The Dose Series,337.38,3.1,0,Replicase polyprotein 1ab
CHEMBL5441428,CC(C)[C@@H](Nc1ncnc2[nH]c(C(N)=O)cc12)c1ccc2c(c1)OCCO2,'=',453.0,nM,6.34,0.996,1.136,0.41,0.5,100.0,,367.41,2.64,0,Replicase polyprotein 1ab
CHEMBL5441528,C[C@@H](C(=O)O)[C@@H](NC(=O)c1ncnc2[nH]ccc12)c1ccc(Br)cc1,'=',532.0,nM,6.27,0.997,1.123,0.486,0.583,100.0,,403.24,2.91,0,Replicase polyprotein 1ab
CHEMBL5441608,CC(C)[C@H](Nc1ncnc2[nH]c(-c3cnn(CC(N)=O)c3)cc12)c1ccc2c(c1)OCCO2,'=',93525.0,nM,4.03,0.948,1.191,77.52,112.84,100.0,,447.5,2.89,0,Replicase polyprotein 1ab
CHEMBL5442110,CC(C)[C@@H](Nc1ncnc2[nH]c(-c3ccoc3)cc12)c1ccc2c(c1)OCCO2,'=',1637.0,nM,5.79,0.993,1.181,1.441,1.86,100.0,,390.44,4.8,0,Replicase polyprotein 1ab
CHEMBL5442050,CC(C)[C@@H](Nc1ncnc2[nH]c(-c3cccc(C#N)c3)cc12)c1ccc2c(c1)OCCO2,'=',22124.0,nM,4.66,0.963,0.57,16.64,29.42,100.0,,425.49,5.08,1,Replicase polyprotein 1ab
CHEMBL5441809,CC(C)[C@@H](Nc1ncnc2[nH]c(-c3ccc(C4(C#N)CC4)cc3)cc12)c1ccc2c(c1)OCCO2,'>',99500.0,nM,,0.858,0.581,,,100.0,Falls Outside The Dose Series,465.56,5.76,1,Replicase polyprotein 1ab
CHEMBL5441788,CC(C)[C@@H](Nc1ncnc2[nH]cc(S(=O)(=O)N(C)C)c12)c1ccc2c(c1)OCCO2,'=',3453.0,nM,5.46,0.941,0.969,2.41,4.946,100.0,,431.52,2.79,0,Replicase polyprotein 1ab
CHEMBL5441951,COc1ccc([C@@](C)(CC(=O)O)NC(=O)c2ncnc3[nH]ccc23)cc1,'=',19314.0,nM,4.71,0.979,1.024,16.13,23.13,100.0,,354.37,2.09,0,Replicase polyprotein 1ab
CHEMBL5441432,CC(C)[C@@H](Nc1ncnc2[nH]c(-c3cnn(CC(=O)N(C)C)c3)cc12)c1ccc2c(c1)OCCO2,'=',253.0,nM,6.6,0.99,1.18,0.219,0.292,100.0,,475.55,3.49,0,Replicase polyprotein 1ab
CHEMBL5441480,O=C(O)[C@@H](CC1CCCCC1)Nc1ncnc2[nH]ccc12,'=',74645.0,nM,4.13,0.908,1.336,59.24,94.06,100.0,,288.35,2.79,0,Replicase polyprotein 1ab
CHEMBL5441429,CC(C)[C@@H](Nc1ncnc2[nH]c(-c3cnn(CC(N)=O)c3)cc12)c1ccc2c(c1)S(=O)(=O)CCC2,'=',4478.0,nM,5.35,0.997,1.573,4.136,4.849,100.0,,493.59,2.84,0,Replicase polyprotein 1ab
CHEMBL5442029,CCn1cc(-c2cc3c(N[C@@H](c4ccc5c(c4)OCCO5)C(C)C)ncnc3[nH]2)c(C)n1,'=',473.0,nM,6.33,0.994,1.218,0.42,0.532,100.0,,432.53,4.73,0,Replicase polyprotein 1ab
CHEMBL5441467,CCn1ncc(-c2cc3c(N[C@@H](c4ccc5c(c4)OCCO5)C(C)C)ncnc3[nH]2)c1C,'=',1062.0,nM,5.97,0.985,1.194,0.885,1.274,100.0,,432.53,4.73,0,Replicase polyprotein 1ab
CHEMBL5441812,CC(C)[C@@H](Nc1ncnc2[nH]c(-c3ccnc(N4CCCC4)c3)cc12)c1ccc2c(c1)OCCO2,'=',17219.0,nM,4.76,0.887,0.837,10.89,27.22,100.0,,470.58,5.2,1,Replicase polyprotein 1ab
CHEMBL5442018,Cc1cn(C)nc1-c1cc2c(N[C@@H](c3ccc4c(c3)OCCO4)C(C)C)ncnc2[nH]1,'>',99500.0,nM,,0.344,0.676,,,100.0,Falls Outside The Dose Series,418.5,4.25,0,Replicase polyprotein 1ab
CHEMBL5441794,CC(C)[C@@H](Nc1ncnc2[nH]c(-c3ccc(C#N)nc3)cc12)c1ccc2c(c1)OCCO2,'=',1851.0,nM,5.73,0.951,0.658,1.268,2.703,100.0,,426.48,4.47,0,Replicase polyprotein 1ab
CHEMBL5441723,Cc1ccoc1-c1cc2c(N[C@@H](c3ccc4c(c3)OCCO4)C(C)C)ncnc2[nH]1,'=',39730.0,nM,4.4,0.949,0.772,30.39,51.94,100.0,,404.47,5.11,1,Replicase polyprotein 1ab
CHEMBL5441705,CC(C)[C@@H](Nc1ncnc2[nH]c(-c3ccco3)cc12)c1ccc2c(c1)OCCO2,'=',6096.0,nM,5.21,0.965,0.948,4.648,7.993,100.0,,390.44,4.8,0,Replicase polyprotein 1ab
CHEMBL5441851,CC(C)[C@@H](Nc1ncnc2[nH]c(-c3cn[nH]c3)cc12)c1ccc2c(c1)OCCO2,'=',737.0,nM,6.13,0.995,1.073,0.661,0.821,100.0,,390.45,3.93,0,Replicase polyprotein 1ab
CHEMBL5441980,COCCn1cc(-c2cc3c(N[C@@H](c4ccc5c(c4)OCCO5)C(C)C)ncnc3[nH]2)c(C#N)n1,'=',868.0,nM,6.06,0.948,0.911,0.591,1.274,100.0,,473.54,3.92,0,Replicase polyprotein 1ab
CHEMBL5441728,CN(C)c1ccc(C(=O)N[C@@H](CC(=O)O)c2ccc(Br)cc2)nc1,'>',99500.0,nM,,0.934,1.26,,,100.0,Falls Outside The Dose Series,392.25,2.86,0,Replicase polyprotein 1ab
CHEMBL5441577,COCc1cc(CNc2ccc([C@@H](CC(=O)O)NC(=O)c3ncnc4[nH]ccc34)cc2)on1,'=',10641.0,nM,4.97,0.986,1.376,9.067,12.49,100.0,,450.46,2.65,0,Replicase polyprotein 1ab
CHEMBL5441955,O=C(N[C@@H](Cc1ccc(Br)cc1)C(=O)O)c1ncnc2[nH]ccc12,'>',99500.0,nM,,0.794,3.323,,,100.0,Falls Outside The Dose Series,389.21,2.15,0,Replicase polyprotein 1ab
CHEMBL5442132,CC(C)[C@@H](Nc1cc(N2CCNCC2)ncn1)c1ccc2c(c1)S(=O)(=O)CCC2,'>',99500.0,nM,,,,,,,Falls Outside The Dose Series,415.56,2.42,0,Replicase polyprotein 1ab
CHEMBL5442150,c1ccc2c(N[C@@H](c3ccc4c(c3)OCCO4)C3CC3)ncnc2c1,'>',99500.0,nM,,0.837,0.971,,,100.0,Falls Outside The Dose Series,333.39,3.96,0,Replicase polyprotein 1ab
CHEMBL5442148,CC(C)[C@H](Nc1ncnc2nccnc12)c1ccc2c(c1)S(=O)(=O)CCC2,'>',99500.0,nM,,,,,,,Falls Outside The Dose Series,383.48,2.95,0,Replicase polyprotein 1ab
CHEMBL5441408,C[C@H](C(=O)O)[C@@H](NC(=O)c1ncnc2[nH]ccc12)c1ccc(Br)cc1,'=',340.0,nM,6.47,0.933,1.378,0.219,0.529,100.0,,403.24,2.91,0,Replicase polyprotein 1ab
CHEMBL5441417,CC(C)[C@H](Nc1ncnc2[nH]ccc12)c1ccc2c(c1)S(=O)(=O)CCC2,'=',85.0,nM,7.07,0.916,1.638,0.055,0.131,100.0,,370.48,3.49,0,Replicase polyprotein 1ab
CHEMBL5441883,CC(C)[C@@H](Nc1ncnc2[nH]c(-c3cc[nH]n3)cc12)c1ccc2c(c1)OCCO2,'=',1882.0,nM,5.72,0.948,1.143,1.336,2.652,100.0,,390.45,3.93,0,Replicase polyprotein 1ab
CHEMBL5442128,c1nc(N[C@@H](c2ccc3c(c2)OCCO3)[C@@H]2CCN2)c2cc[nH]c2n1,'>',99500.0,nM,,,,,,,Falls Outside The Dose Series,337.38,2.24,0,Replicase polyprotein 1ab
CHEMBL5441464,CC(C)[C@@H](Nc1ncnc2[nH]ccc12)c1ccc2c(c1)OCC(=O)N2,'=',24164.0,nM,4.62,0.962,1.068,19.18,30.45,100.0,,337.38,3.1,0,Replicase polyprotein 1ab
CHEMBL5441805,Cc1nc(N[C@@H](c2ccc3c(c2)OCCO3)C(C)C)c2cc[nH]c2n1,'>',99500.0,nM,,0.66,1.668,,,100.0,Falls Outside The Dose Series,338.41,3.85,0,Replicase polyprotein 1ab
CHEMBL5441537,O=C(O)[C@@H](CC1CC1)Nc1ncnc2[nH]ccc12,'>',99500.0,nM,,0.86,1.265,,,100.0,Falls Outside The Dose Series,246.27,1.62,0,Replicase polyprotein 1ab
CHEMBL5441767,COc1ccc([C@@H](Cc2nn[nH]n2)NC(=O)c2nc(C)nc3[nH]ccc23)cc1,'=',1841.0,nM,5.74,0.994,1.755,1.662,2.039,100.0,,378.4,1.5,0,Replicase polyprotein 1ab
CHEMBL5441535,O=C(O)[C@@H]1C[C@H](F)CN1c1ncnc2[nH]ccc12,'>',99500.0,nM,,0.76,0.954,,,100.0,Falls Outside The Dose Series,250.23,0.96,0,Replicase polyprotein 1ab
CHEMBL5441614,CN1CC[C@@H]1[C@@H](Nc1ncnc2[nH]ccc12)c1ccc2c(c1)OCCO2,'>',99500.0,nM,,0.956,1.456,,,100.0,Falls Outside The Dose Series,351.41,2.59,0,Replicase polyprotein 1ab
CHEMBL5441656,O=C(O)[C@@H](Nc1ncnc2[nH]ccc12)C1CC1,'=',72165.0,nM,4.14,0.951,1.098,58.95,88.34,100.0,,232.24,1.23,0,Replicase polyprotein 1ab
CHEMBL5441649,COc1nc(N[C@@H](c2ccc3c(c2)OCCO3)C(C)C)c2cc[nH]c2n1,'>',99500.0,nM,,,,,,,Falls Outside The Dose Series,354.41,3.55,0,Replicase polyprotein 1ab
CHEMBL5441702,CC(C)[C@@H](Nc1ncnc2[nH]cc(Cl)c12)c1ccc2c(c1)OCCO2,'=',7923.0,nM,5.1,0.95,1.376,5.661,11.09,100.0,,358.83,4.19,0,Replicase polyprotein 1ab
CHEMBL5441613,CC(C)[C@@H](Nc1ncnc2[nH]cc(C(N)=O)c12)c1ccc2c(c1)OCCO2,'=',786.0,nM,6.11,0.998,1.208,0.735,0.84,100.0,,367.41,2.64,0,Replicase polyprotein 1ab
CHEMBL5441708,CC(C)[C@@H](Nc1ncnc2[nH]cc(C(=O)N(C)C)c12)c1ccc2c(c1)OCCO2,'=',1966.0,nM,5.71,0.88,1.715,1.225,3.158,100.0,,395.46,3.24,0,Replicase polyprotein 1ab
CHEMBL5441662,O=C(O)[C@H]1C[C@H](O)CN1c1ncnc2[nH]ccc12,'>',99500.0,nM,,,,,,,Falls Outside The Dose Series,248.24,-0.02,0,Replicase polyprotein 1ab
CHEMBL5441407,CC(C)[C@@H](Nc1ncnc2[nH]ccc12)c1ccc2c(c1)NC(=O)CO2,'=',396.0,nM,6.4,0.998,1.231,0.368,0.426,100.0,,337.38,3.1,0,Replicase polyprotein 1ab
CHEMBL5441407,CC(C)[C@@H](Nc1ncnc2[nH]ccc12)c1ccc2c(c1)NC(=O)CO2,'=',378.0,nM,6.42,0.998,1.241,0.356,0.4,100.0,,337.38,3.1,0,Replicase polyprotein 1ab
CHEMBL5441686,COc1ccc([C@@H]2CN(C(=O)c3ncnc4[nH]ccc34)C[C@H]2C(=O)O)cc1,'>',99500.0,nM,,0.011,0.71,,,100.0,Falls Outside The Dose Series,366.38,1.91,0,Replicase polyprotein 1ab
CHEMBL5441617,COC(=O)c1c[nH]c2ncnc(N[C@@H](c3ccc4c(c3)OCCO4)C(C)C)c12,'=',3114.0,nM,5.51,0.993,1.487,2.757,3.517,100.0,,382.42,3.32,0,Replicase polyprotein 1ab
CHEMBL5441545,CC(C)[C@@H](Nc1ncnc2[nH]ccc12)c1ccc2c(c1)OCCO2,'=',1072.0,nM,5.97,0.984,1.4,0.902,1.276,100.0,,324.38,3.54,0,Replicase polyprotein 1ab
CHEMBL5441990,CC(C)[C@@H](Nc1ncnc2[nH]c(C(=O)N(C)C)cc12)c1ccc2c(c1)OCCO2,'=',18851.0,nM,4.72,0.93,1.098,13.45,26.42,100.0,,395.46,3.24,0,Replicase polyprotein 1ab
CHEMBL5441886,COc1cc(Nc2ccc(C(=O)N[C@@H]3c4cccc(O)c4C[C@@H]3C(=O)O)cc2)[nH]n1,'=',2676.0,nM,5.57,0.985,1.246,2.241,3.196,100.0,,408.41,2.6,0,Replicase polyprotein 1ab
CHEMBL5441900,COCCn1ncc(-c2cc3c(N[C@@H](c4ccc5c(c4)OCCO5)C(C)C)ncnc3[nH]2)c1C#N,'=',449.0,nM,6.35,0.981,1.132,0.365,0.554,100.0,,473.54,3.92,0,Replicase polyprotein 1ab
CHEMBL5441520,Cc1c(C#N)cncc1-c1cc2c(N[C@@H](c3ccc4c(c3)OCCO4)C(C)C)ncnc2[nH]1,'=',16269.0,nM,4.79,0.865,0.571,9.295,28.48,100.0,,440.51,4.78,0,Replicase polyprotein 1ab
CHEMBL5442100,CC(C)[C@@H](Nc1ncnc2[nH]c(-c3cnn(CC4CC4)c3)cc12)c1ccc2c(c1)OCCO2,'=',853.0,nM,6.07,0.99,1.246,0.734,0.991,100.0,,444.54,4.81,0,Replicase polyprotein 1ab
CHEMBL5441781,CC(C)[C@@H](Nc1ncnc2[nH]c(-c3ccnn3C3CC3)cc12)c1ccc2c(c1)OCCO2,'=',1228.0,nM,5.91,0.983,1.21,1.013,1.489,100.0,,430.51,4.74,0,Replicase polyprotein 1ab
CHEMBL5441508,CC(C)[C@@H](Nc1ncnc2[nH]c(-c3cnn(C4(C(N)=O)CC4)c3)cc12)c1ccc2c(c1)OCCO2,'=',1382.0,nM,5.86,0.992,1.201,1.208,1.581,100.0,,473.54,3.38,0,Replicase polyprotein 1ab
CHEMBL5441699,O=C(Nc1ccccc1)Nc1ccc(C(=O)NC2c3cccc(O)c3CC2C(=O)O)cc1,'=',644.0,nM,6.19,0.995,1.279,0.58,0.714,100.0,,431.45,3.76,0,Replicase polyprotein 1ab
CHEMBL5441677,C[C@@H](Nc1ncnc2[nH]ccc12)[C@@H]1CCCCO1,'>',99500.0,nM,,0.659,0.881,,,100.0,Falls Outside The Dose Series,246.31,2.33,0,Replicase polyprotein 1ab
CHEMBL5441566,CC(C)[C@@H]1C[C@H](Nc2[nH]cnc3nccc2-3)CCO1,'>',99500.0,nM,,,,,,,Falls Outside The Dose Series,260.34,2.53,0,Replicase polyprotein 1ab
CHEMBL5441568,CC(C)[C@@H]1C[C@@H](Nc2ncnc3[nH]ccc23)CCO1,'>',99500.0,nM,,0.04,6.884,,,100.0,Falls Outside The Dose Series,260.34,2.57,0,Replicase polyprotein 1ab
CHEMBL5441940,c1nc(N[C@@H](C2CC2)[C@@H]2CCCOC2)c2cc[nH]c2n1,'>',99500.0,nM,,0.846,1.36,,,100.0,Falls Outside The Dose Series,272.35,2.58,0,Replicase polyprotein 1ab
CHEMBL5441489,CC(C)[C@@H](Nc1ncnc2[nH]ccc12)c1ccc2c(n1)OCCO2,'=',1165.0,nM,5.93,0.993,1.235,1.026,1.324,100.0,,325.37,2.93,0,Replicase polyprotein 1ab
CHEMBL5442126,COc1ccc([C@H](CC(=O)O)NC(=O)c2ccc(NC(=O)NC3CC3)cc2)cc1,'=',54100.0,nM,4.27,0.859,1.81,39.91,73.34,100.0,,397.43,2.92,0,Replicase polyprotein 1ab
CHEMBL5441935,CC(=O)Nc1cccc([C@@H](CC(=O)O)NC(=O)c2ncnc3[nH]ccc23)c1,'>',12440.0,nM,,0.982,2.058,,,100.0,Falls Outside The Dose Series,367.37,1.86,0,Replicase polyprotein 1ab
CHEMBL5441842,CNc1cccc([C@@H](CC(=O)O)NC(=O)c2ncnc3[nH]ccc23)c1,'=',25682.0,nM,4.59,0.975,1.115,21.09,31.28,100.0,,339.36,1.95,0,Replicase polyprotein 1ab
CHEMBL5441816,CC(C)[C@@H](Nc1cc(-c2cc[nH]n2)ncn1)c1ccc2c(c1)OCCO2,'>',99500.0,nM,,,,,,,Falls Outside The Dose Series,351.41,3.45,0,Replicase polyprotein 1ab
CHEMBL5441805,Cc1nc(N[C@@H](c2ccc3c(c2)OCCO3)C(C)C)c2cc[nH]c2n1,'>',99500.0,nM,,0.786,1.884,,,100.0,Falls Outside The Dose Series,338.41,3.85,0,Replicase polyprotein 1ab
CHEMBL5441515,CC(C)[C@@H](Nc1ncnc2[nH]c(-c3ccnn3C3CCC3)cc12)c1ccc2c(c1)OCCO2,'=',8760.0,nM,5.06,0.8,0.652,4.201,18.27,100.0,,444.54,5.13,1,Replicase polyprotein 1ab
CHEMBL5441634,CC(C)[C@@H](Nc1ncnc2[nH]c(-c3cnn(C4CC4)c3)cc12)c1ccc2c(c1)OCCO2,'=',1124.0,nM,5.95,0.979,1.207,0.894,1.413,100.0,,430.51,4.74,0,Replicase polyprotein 1ab
CHEMBL5441764,CC(C)[C@@H](Nc1ncnc2[nH]c(-c3cnn([C@@H](C)C(N)=O)c3)cc12)c1ccc2c(c1)OCCO2,'=',498.0,nM,6.3,0.992,1.137,0.437,0.568,100.0,,461.53,3.45,0,Replicase polyprotein 1ab
CHEMBL5441550,Cc1cc(CNC(=O)c2cc3c(N[C@@H](c4ccc5c(c4)OCCO5)C(C)C)ncnc3[nH]2)[nH]n1,'=',1197.0,nM,5.92,0.985,1.2,0.991,1.445,100.0,,461.53,3.5,0,Replicase polyprotein 1ab
CHEMBL5441929,CC(C)[C@@H](CCN(C)C(=O)c1cc2nccnc2cc1F)Nc1ncnc2[nH]ccc12,'>',99500.0,nM,,,,,,,Falls Outside The Dose Series,421.48,3.64,0,Replicase polyprotein 1ab
CHEMBL5441904,C[C@H]1C[C@H]1c1nnc(Nc2ccc([C@@H](CC(=O)O)NC(=O)c3ncnc4[nH]ccc34)cc2)o1,'=',7859.0,nM,5.11,0.987,1.722,6.722,9.188,100.0,,447.46,3.15,0,Replicase polyprotein 1ab
CHEMBL5441919,O=C(Nc1ncnc2c(C(=O)Nc3ccccc3C(=O)N3CCCC3)csc12)NC1CC1,'>',99500.0,nM,,,,,,,Falls Outside The Dose Series,450.52,3.46,0,Replicase polyprotein 1ab
CHEMBL5441795,CCc1cnn(C)c1NC(=O)c1ncnc2[nH]ccc12,'>',99500.0,nM,,,,,,,Falls Outside The Dose Series,270.3,1.51,0,Replicase polyprotein 1ab
CHEMBL5441694,COc1ccc(S(=O)(=O)Nc2cnc3[nH]ccc3c2)cc1C(N)=O,'>',99500.0,nM,,0.139,2.778,,,100.0,Falls Outside The Dose Series,346.37,1.47,0,Replicase polyprotein 1ab
CHEMBL5441572,O=C(NCc1nc(-c2cc3c(N4CCCC5(CC5)C4)ncnc3[nH]2)c[nH]1)c1ccc(F)nc1,'=',20790.0,nM,4.68,0.96,0.852,16.1,26.84,100.0,,446.49,3.19,0,Replicase polyprotein 1ab
CHEMBL5441912,O=C(Nc1ccc(C(=O)Nc2c(C(=O)O)sc3cnccc23)cc1)NC1CC1,'>',99500.0,nM,,0.282,0.5,,,100.0,Falls Outside The Dose Series,396.43,3.53,0,Replicase polyprotein 1ab
CHEMBL5442022,NC(=O)C[C@H](NC(=O)c1ncnc2[nH]ccc12)c1ccc(Cl)cc1,'>',99500.0,nM,,,,,,,Falls Outside The Dose Series,343.77,1.96,0,Replicase polyprotein 1ab
CHEMBL5441915,NC(=O)[C@@H](NC(=O)c1ncnc2[nH]ccc12)c1ccc(F)cc1,'>',99500.0,nM,,0.261,0.867,,,100.0,Falls Outside The Dose Series,313.29,1.05,0,Replicase polyprotein 1ab
CHEMBL5442129,Cc1[nH]c2ncnc(NC(=O)c3cc(Cl)ccn3)c2c1C,'>',99500.0,nM,,,,,,,Falls Outside The Dose Series,301.74,2.88,0,Replicase polyprotein 1ab
CHEMBL5441827,COc1ccc(C(=O)Nc2ncnc3[nH]c(C)c(C)c23)cn1,'>',99500.0,nM,,0.171,0.5,,,100.0,Falls Outside The Dose Series,297.32,2.23,0,Replicase polyprotein 1ab
CHEMBL5441621,Cc1[nH]c2ncnc(NC(=O)c3cccnn3)c2c1C,'>',99500.0,nM,,0.363,0.965,,,100.0,Falls Outside The Dose Series,268.28,1.62,0,Replicase polyprotein 1ab
CHEMBL5441750,CC(C)[C@H](Nc1cc(-c2nc[nH]n2)ncn1)c1ccc2c(c1)S(=O)(=O)CCC2,'>',99500.0,nM,,,,,,,Falls Outside The Dose Series,398.49,2.79,0,Replicase polyprotein 1ab
CHEMBL5441431,CNC(=O)c1cccc(-c2cc3c(N[C@H](c4ccc5c(c4)S(=O)(=O)CCC5)C(C)C)ncnc3[nH]2)c1,'=',10.0,nM,8.0,0.859,1.513,0.008,0.013,100.0,,503.63,4.51,1,Replicase polyprotein 1ab
CHEMBL5441431,CNC(=O)c1cccc(-c2cc3c(N[C@H](c4ccc5c(c4)S(=O)(=O)CCC5)C(C)C)ncnc3[nH]2)c1,'=',20.0,nM,7.7,0.984,1.742,0.018,0.022,100.0,,503.63,4.51,1,Replicase polyprotein 1ab
CHEMBL5441701,CNC(=O)c1cc2c(N[C@H](c3ccc4c(c3)S(=O)(=O)CCC4)C(C)C)ncnc2[nH]1,'=',1788.0,nM,5.75,0.999,1.491,1.696,1.885,100.0,,427.53,2.85,0,Replicase polyprotein 1ab
CHEMBL5441390,CCNC(=O)c1cc2c(N[C@@H](c3ccc4c(c3)S(=O)(=O)CCC4)C(C)C)ncnc2[nH]1,'=',33.0,nM,7.48,0.995,1.519,0.031,0.036,100.0,,441.56,3.24,0,Replicase polyprotein 1ab
CHEMBL5441390,CCNC(=O)c1cc2c(N[C@@H](c3ccc4c(c3)S(=O)(=O)CCC4)C(C)C)ncnc2[nH]1,'=',32.0,nM,7.5,0.996,1.393,0.03,0.034,100.0,,441.56,3.24,0,Replicase polyprotein 1ab
CHEMBL5441410,CC(C)[C@H](Nc1ncnc2[nH]c(-c3cnn(C)c3C#N)cc12)c1ccc2c(c1)NC(=O)CO2,'=',176.0,nM,6.75,0.966,1.067,0.132,0.235,100.0,,442.48,3.37,0,Replicase polyprotein 1ab
CHEMBL5441473,CC(C)[C@@H](Nc1ncnc2[nH]c(-c3ccc(S(=O)(=O)NCCO)cc3)cc12)c1ccc2c(c1)S(=O)(=O)CCC2,'=',156.0,nM,6.81,0.97,1.109,0.122,0.2,100.0,,569.71,3.42,1,Replicase polyprotein 1ab
CHEMBL5442054,CC(C)[C@@H](Nc1ncnc2[nH]c(-c3cn[nH]c3)cc12)c1ccc2c(c1)S(=O)(=O)CCC2,'=',85.0,nM,7.07,0.993,1.719,0.077,0.094,100.0,,436.54,3.88,0,Replicase polyprotein 1ab
CHEMBL5441716,CC(C)[C@@H](Nc1ncnc2[nH]c(-c3cnc(N4CC(O)C4)nc3)cc12)c1ccc2c(c1)S(=O)(=O)CCC2,'=',68.0,nM,7.17,0.988,1.608,0.059,0.077,100.0,,519.63,3.12,1,Replicase polyprotein 1ab
CHEMBL5441696,CC(C)[C@@H](Nc1ncnc2[nH]c(-c3cncnc3)cc12)c1ccc2c(c1)S(=O)(=O)CCC2,'=',478.0,nM,6.32,0.986,1.331,0.401,0.569,100.0,,448.55,3.94,0,Replicase polyprotein 1ab
CHEMBL5441829,CC(C)[C@@H](Nc1ncnc2[nH]c(-c3ccc(S(C)(=O)=O)nc3)cc12)c1ccc2c(c1)S(=O)(=O)CCC2,'=',69.0,nM,7.16,0.135,1.613,0.015,0.31,100.0,,525.66,3.95,1,Replicase polyprotein 1ab
CHEMBL5441663,CC(C)[C@H](Nc1ncnc2n[nH]cc12)c1ccc2c(c1)S(=O)(=O)CCC2,'=',1560.0,nM,5.81,0.982,1.021,1.264,1.925,100.0,,371.47,2.88,0,Replicase polyprotein 1ab
CHEMBL5441663,CC(C)[C@H](Nc1ncnc2n[nH]cc12)c1ccc2c(c1)S(=O)(=O)CCC2,'=',770.0,nM,6.11,0.998,1.369,0.723,0.82,100.0,,371.47,2.88,0,Replicase polyprotein 1ab
CHEMBL5441879,CC(C)[C@H](Nc1ncnc(N)c1Cl)c1ccc2c(c1)S(=O)(=O)CCC2,'=',1557.0,nM,5.81,0.992,1.157,1.363,1.777,100.0,,380.9,3.24,0,Replicase polyprotein 1ab
CHEMBL5441624,CC(C)[C@@H](Nc1cccc2nc[nH]c(=O)c12)c1ccc2c(c1)S(=O)(=O)CCC2,'>',99500.0,nM,,0.564,0.583,,,100.0,Falls Outside The Dose Series,397.5,3.45,0,Replicase polyprotein 1ab
CHEMBL5441650,CCNC(=O)c1cc2c(N[C@H](c3ccc4nc(NC(C)=O)sc4c3)C(C)C)ncnc2[nH]1,'=',30131.0,nM,4.52,0.965,1.64,25.45,35.67,100.0,,451.56,4.08,0,Replicase polyprotein 1ab
CHEMBL5442008,CC(C)[C@@H](Nc1ncnc2[nH]c(-c3ccn4cnnc4c3)cc12)c1ccc2c(c1)S(=O)(=O)CCC2,'=',93.0,nM,7.03,0.949,1.278,0.069,0.125,100.0,,487.59,4.2,0,Replicase polyprotein 1ab
CHEMBL5441987,CC(C)[C@@H](Nc1ncnc2[nH]c(-c3cnc4c(c3)nnn4C)cc12)c1ccc2c(c1)S(=O)(=O)CCC2,'=',349.0,nM,6.46,0.985,1.181,0.29,0.42,100.0,,502.6,3.83,1,Replicase polyprotein 1ab
CHEMBL5441813,CC(C)[C@@H](Nc1ncnc2[nH]c(-c3cnc4n3CCC4)cc12)c1ccc2c(c1)S(=O)(=O)CCC2,'=',43.0,nM,7.37,0.993,1.794,0.039,0.047,100.0,,476.61,4.3,0,Replicase polyprotein 1ab
CHEMBL5441813,CC(C)[C@@H](Nc1ncnc2[nH]c(-c3cnc4n3CCC4)cc12)c1ccc2c(c1)S(=O)(=O)CCC2,'=',52.0,nM,7.28,0.995,1.52,0.048,0.056,100.0,,476.61,4.3,0,Replicase polyprotein 1ab
CHEMBL5441994,CC(C)[C@H](NC(=O)c1ncnc2[nH]ccc12)c1ccc2c(c1)S(=O)(=O)CCC2,'>',99500.0,nM,,0.782,1.303,,,100.0,Falls Outside The Dose Series,398.49,2.8,0,Replicase polyprotein 1ab
CHEMBL5441597,CC(C)[C@@H](NC(=O)Cc1ncnc2[nH]ccc12)c1ccc2c(c1)S(=O)(=O)CCC2,'>',99500.0,nM,,,,,,,Falls Outside The Dose Series,412.52,2.73,0,Replicase polyprotein 1ab
CHEMBL5441798,O=C(O)C[C@H](NC(=O)c1ncnc2[nH]ccc12)c1ccc(Br)cc1,'=',2567.0,nM,5.59,0.992,1.127,2.231,2.953,100.0,,389.21,2.67,0,Replicase polyprotein 1ab
CHEMBL5441870,CC(C)[C@H](Nc1cc(N2CCNCC2)ncn1)c1ccc2c(c1)S(=O)(=O)CCC2,'>',99500.0,nM,,0.05,0.5,,,100.0,Falls Outside The Dose Series,415.56,2.42,0,Replicase polyprotein 1ab
CHEMBL5441559,CC(C)[C@H](Nc1ncncc1-n1ccnn1)c1ccc2c(c1)S(=O)(=O)CCC2,'>',99500.0,nM,,,,,,,Falls Outside The Dose Series,398.49,2.59,0,Replicase polyprotein 1ab
CHEMBL5441947,CC(C)[C@H](Nc1cc(-n2cncn2)ncn1)c1ccc2c(c1)S(=O)(=O)CCC2,'>',99500.0,nM,,,,,,,Falls Outside The Dose Series,398.49,2.59,0,Replicase polyprotein 1ab
CHEMBL5441666,CC(C)[C@@H](Nc1ncncc1N1CCOCC1)c1ccc2c(c1)S(=O)(=O)CCC2,'>',99500.0,nM,,0.968,1.126,,,100.0,Falls Outside The Dose Series,416.55,2.84,0,Replicase polyprotein 1ab
CHEMBL5442105,CC(C)[C@@H](Oc1ncnc2[nH]ccc12)c1ccc2c(c1)OCCO2,'>',99500.0,nM,,0.786,0.738,,,100.0,Falls Outside The Dose Series,325.37,3.51,0,Replicase polyprotein 1ab
CHEMBL5441596,CCNC(=O)c1cc2c(N[C@@H](c3ccc4c(n3)NC(=O)CO4)C(C)C)ncnc2[nH]1,'=',1065.0,nM,5.97,0.989,1.532,0.92,1.233,100.0,,409.45,2.24,0,Replicase polyprotein 1ab
CHEMBL5441389,Cc1nn(C)cc1-c1cc2c(N[C@@H](c3ccc4c(c3)S(=O)(=O)CCC4)C(C)C)ncnc2[nH]1,'=',36799.0,nM,4.43,0.977,1.562,31.15,43.48,100.0,,464.6,4.2,0,Replicase polyprotein 1ab
CHEMBL5441782,CC(C)[C@H](Nc1ncnc2[nH]c(C(=O)N[C@H]3CCN(C)C3)cc12)c1ccc2c(c1)S(=O)(=O)CCC2,'=',3145.0,nM,5.5,0.997,1.39,2.895,3.417,100.0,,496.64,2.92,0,Replicase polyprotein 1ab
CHEMBL5441590,Cc1[nH]c2ncnc(NC(=O)c3ccc(Cl)nn3)c2c1C,'>',99500.0,nM,,0.032,7.154,,,100.0,Falls Outside The Dose Series,302.73,2.27,0,Replicase polyprotein 1ab
CHEMBL5441583,O=C(c1ncc[nH]1)N1CCC(c2ccn3ncc(C(=O)N4CCCCC4)c3c2)CC1,'>',99500.0,nM,,0.934,1.159,,,100.0,Falls Outside The Dose Series,406.49,2.7,0,Replicase polyprotein 1ab
CHEMBL5441715,CO[C@@H]1CCCN(C(=O)c2cnn3ccc(C4CCN(C(=O)c5ccccc5)CC4)cc23)C1,'>',99500.0,nM,,0.876,1.273,,,100.0,Falls Outside The Dose Series,446.55,3.61,0,Replicase polyprotein 1ab
CHEMBL5442061,CC(C)[C@@H](Nc1ncnc2[nH]ccc12)C(F)F,'=',15162.0,nM,4.82,0.979,1.27,12.68,18.14,100.0,,240.26,2.66,0,Replicase polyprotein 1ab
CHEMBL5441967,COc1ccc2c(c1)CCN(c1ncnc3[nH]ccc13)[C@H]2C(C)C,'=',12023.0,nM,4.92,0.987,1.156,10.33,13.99,100.0,,322.41,3.73,0,Replicase polyprotein 1ab
CHEMBL5442083,CC(C)(C)n1cc([C@H]2N(c3ncnc4[nH]ccc34)CC23CCOCC3)cn1,'>',99500.0,nM,,,,,,,Falls Outside The Dose Series,366.47,3.27,0,Replicase polyprotein 1ab
CHEMBL5441932,O=C(O)c1cn(CCCNC(=O)c2ncnc3[nH]ccc23)nn1,'>',99500.0,nM,,,,,,,Falls Outside The Dose Series,315.29,0.07,0,Replicase polyprotein 1ab
CHEMBL5441523,COc1cccc(CSC[C@@H](NC(=O)c2ncnc3[nH]ccc23)C(=O)O)c1,'>',99500.0,nM,,0.849,1.193,,,100.0,Falls Outside The Dose Series,386.43,2.08,0,Replicase polyprotein 1ab
CHEMBL5442162,C[C@H]1C[C@H]1c1nnc(Nc2ccc([C@@H](CC(=O)O)NC(=O)c3c[nH]c4ncncc34)cc2)o1,'=',96966.0,nM,4.01,0.931,1.204,77.79,120.86,100.0,,447.46,3.15,0,Replicase polyprotein 1ab
CHEMBL5442038,O=C(NCc1ccc(F)cn1)c1ncnc2[nH]ccc12,'>',99500.0,nM,,,,,,,Falls Outside The Dose Series,271.26,1.42,0,Replicase polyprotein 1ab
CHEMBL5442124,CN(C)C(=O)c1cccc(S(=O)(=O)Nc2cnc3[nH]ccc3c2)c1,'>',99500.0,nM,,,,,,,Falls Outside The Dose Series,344.4,2.07,0,Replicase polyprotein 1ab
CHEMBL5441772,O=S(=O)(Cc1ccccc1F)Nc1cnc2[nH]ccc2c1,'>',99500.0,nM,,0.181,2.383,,,100.0,Falls Outside The Dose Series,305.33,2.64,0,Replicase polyprotein 1ab
CHEMBL5441572,O=C(NCc1nc(-c2cc3c(N4CCCC5(CC5)C4)ncnc3[nH]2)c[nH]1)c1ccc(F)nc1,'=',24841.0,nM,4.61,0.925,0.887,17.46,35.35,100.0,,446.49,3.19,0,Replicase polyprotein 1ab
CHEMBL5442136,Cc1[nH]c2ncnc(NC(=O)C3(c4ccc(F)cc4)CCC3)c2c1C,'=',19483.0,nM,4.71,0.984,1.258,16.85,22.53,100.0,,338.39,3.77,0,Replicase polyprotein 1ab
CHEMBL5441793,COc1ccc(C(=O)N2CCC(c3ccn4ncc(C(=O)N[C@@H]5CCC[C@@H]5C(=O)O)c4c3)CC2)cc1,'=',20196.0,nM,4.7,0.97,1.191,16.52,24.69,100.0,,490.56,3.35,0,Replicase polyprotein 1ab
CHEMBL5441793,COc1ccc(C(=O)N2CCC(c3ccn4ncc(C(=O)N[C@@H]5CCC[C@@H]5C(=O)O)c4c3)CC2)cc1,'=',24610.0,nM,4.61,0.982,1.387,21.39,28.32,100.0,,490.56,3.35,0,Replicase polyprotein 1ab
CHEMBL5442041,O=C(N[C@@H](CO)Cc1ccncc1)c1ncnc2[nH]ccc12,'>',99500.0,nM,,,,,,,Falls Outside The Dose Series,297.32,0.69,0,Replicase polyprotein 1ab
CHEMBL5442134,O=C(O)C[C@@H](NC(=O)c1ncnc2[nH]ccc12)c1ccc(Nc2nnco2)cc1,'=',5475.0,nM,5.26,0.989,1.137,4.694,6.386,100.0,,393.36,2.03,0,Replicase polyprotein 1ab
CHEMBL5441909,Cc1[nH]c2ncnc(NC(=O)c3ccc(-n4cccc4)nc3)c2c1C,'>',99500.0,nM,,,,,,,Falls Outside The Dose Series,332.37,3.01,0,Replicase polyprotein 1ab
CHEMBL5441484,CNc1ccc([C@@H](CC(=O)O)NC(=O)c2ncnc3[nH]ccc23)cc1,'=',34595.0,nM,4.46,0.872,1.067,22.86,52.36,100.0,,339.36,1.95,0,Replicase polyprotein 1ab
CHEMBL5441773,O[C@@H]1CCCC[C@@H]1Nc1ncnc2[nH]ccc12,'=',95327.0,nM,4.02,0.66,1.132,50.07,181.48,100.0,,232.29,1.67,0,Replicase polyprotein 1ab
CHEMBL5442053,COc1ccc([C@@H](CC(=O)O)NC(=O)c2ccc(NC(=O)NC3CC3)cc2)cc1,'=',37806.0,nM,4.42,0.968,1.246,31.78,44.98,100.0,,397.43,2.92,0,Replicase polyprotein 1ab
CHEMBL5441460,COC(=O)c1c[nH]c(-c2cc(N[C@@H](c3ccc4c(c3)OCCO4)C(C)C)ncn2)c1,'>',99500.0,nM,,,,,,,Falls Outside The Dose Series,408.46,3.84,0,Replicase polyprotein 1ab
CHEMBL5441804,O=C(O)C[C@@H](NC(=O)c1ncnc2[nH]c3cc(F)ccc3c12)c1ccc(Br)cc1,'=',992.0,nM,6.0,0.997,1.169,0.91,1.081,100.0,,457.26,3.96,0,Replicase polyprotein 1ab
CHEMBL5441817,CC(C)[C@@H](Nc1cnc(C(=O)O)cn1)c1ccc2c(c1)OCCO2,'>',99500.0,nM,,,,,,,Falls Outside The Dose Series,329.36,2.76,0,Replicase polyprotein 1ab
CHEMBL5441743,O=C(O)C[C@@H](NC(=O)Cc1c[nH]c2ncccc12)c1ccc(Br)cc1,'>',99500.0,nM,,0.658,0.628,,,100.0,Falls Outside The Dose Series,402.25,3.2,0,Replicase polyprotein 1ab
CHEMBL5441607,Cc1[nH]c2ncnc(NC(=O)c3cccc(Cl)n3)c2c1C,'>',99500.0,nM,,,,,,,Falls Outside The Dose Series,301.74,2.88,0,Replicase polyprotein 1ab
CHEMBL5441636,COc1ccc2c(NC(=O)c3ccc(NC(=O)NC4CC4)cc3)c(C(=O)O)sc2c1,'>',99500.0,nM,,,,,,,Falls Outside The Dose Series,425.47,4.14,0,Replicase polyprotein 1ab
CHEMBL5441646,O=C(O)C[C@@H](CNC(=O)c1ncnc2[nH]ccc12)c1ccc(Cl)cc1,'=',71328.0,nM,4.15,0.967,1.142,61.52,82.71,100.0,,358.79,2.6,0,Replicase polyprotein 1ab
CHEMBL5441665,Cc1[nH]c2ncnc(NC(=O)c3ccc(N(C)C)nc3)c2c1C,'>',99500.0,nM,,0.625,0.821,,,100.0,Falls Outside The Dose Series,310.36,2.29,0,Replicase polyprotein 1ab
CHEMBL5442009,Cc1[nH]c2ncnc(NC(=O)Cc3cn[nH]c3)c2c1C,'=',75220.0,nM,4.12,0.929,1.324,61.0,92.75,100.0,,270.3,1.48,0,Replicase polyprotein 1ab
CHEMBL5441996,Cc1ncc(CCNC(=O)c2csc3c(NC(=O)NC4CC4)ncnc23)s1,'>',99500.0,nM,,,,,,,Falls Outside The Dose Series,402.51,2.71,0,Replicase polyprotein 1ab
CHEMBL5441399,CCNC(=O)c1cc2c(N[C@@H](c3ccc4c(c3)OCCO4)C(C)C)ncnc2[nH]1,'=',280.0,nM,6.55,0.993,1.105,0.246,0.318,100.0,,395.46,3.29,0,Replicase polyprotein 1ab
CHEMBL5441801,CNS(=O)(=O)c1c[nH]c2ncnc(N[C@@H](c3ccc4c(c3)OCCO4)C(C)C)c12,'=',2570.0,nM,5.59,0.989,1.263,2.191,3.013,100.0,,417.49,2.45,0,Replicase polyprotein 1ab
CHEMBL5442100,CC(C)[C@@H](Nc1ncnc2[nH]c(-c3cnn(CC4CC4)c3)cc12)c1ccc2c(c1)OCCO2,'=',804.0,nM,6.09,0.99,1.286,0.687,0.94,100.0,,444.54,4.81,0,Replicase polyprotein 1ab
CHEMBL5441647,CC(C)[C@@H](Nc1ncnc2[nH]c(C(=O)NCCn3cncn3)cc12)c1ccc2c(c1)OCCO2,'=',1780.0,nM,5.75,0.982,1.305,1.444,2.195,100.0,,462.51,2.56,0,Replicase polyprotein 1ab
CHEMBL5441699,O=C(Nc1ccccc1)Nc1ccc(C(=O)NC2c3cccc(O)c3CC2C(=O)O)cc1,'=',847.0,nM,6.07,0.983,1.105,0.689,1.04,100.0,,431.45,3.76,0,Replicase polyprotein 1ab
CHEMBL5441687,CC(C)[C@@H](Nc1ncnc2[nH]c(-c3cnc(C4CC4)o3)cc12)c1ccc2c(c1)OCCO2,'=',3758.0,nM,5.42,0.993,1.172,3.337,4.232,100.0,,431.5,5.07,1,Replicase polyprotein 1ab
CHEMBL5441429,CC(C)[C@@H](Nc1ncnc2[nH]c(-c3cnn(CC(N)=O)c3)cc12)c1ccc2c(c1)S(=O)(=O)CCC2,'=',54.0,nM,7.27,0.991,1.594,0.048,0.06,100.0,,493.59,2.84,0,Replicase polyprotein 1ab
CHEMBL5441530,CC(C)[C@@H](Nc1ncnc2[nH]ccc12)c1ccc2c(c1)N(C)C(=O)CO2,'=',67731.0,nM,4.17,0.951,0.977,54.65,83.94,100.0,,351.41,3.12,0,Replicase polyprotein 1ab
CHEMBL5441766,Cc1c(-c2cc3c(N[C@@H](c4ccc5c(c4)OCCO5)C(C)C)ncnc3[nH]2)cnn1C,'=',701.0,nM,6.15,0.936,1.166,0.459,1.07,100.0,,418.5,4.25,0,Replicase polyprotein 1ab
CHEMBL5441526,CNC(=O)Cn1cc(-c2cc3c(N[C@@H](c4ccc5c(c4)OCCO5)C(C)C)ncnc3[nH]2)cn1,'=',243.0,nM,6.61,0.997,1.293,0.223,0.264,100.0,,461.53,3.15,0,Replicase polyprotein 1ab
CHEMBL5441733,CC(C)[C@@H](Nc1ncnc2[nH]ccc12)c1ccc2c(c1)NC(=O)[C@@H](C)O2,'=',2896.0,nM,5.54,0.997,1.238,2.672,3.138,100.0,,351.41,3.49,0,Replicase polyprotein 1ab
CHEMBL5441700,CC(C)(C)[C@H](Nc1ncnc2[nH]c(-c3cnn(CC(N)=O)c3)cc12)c1ccc2c(n1)OCCO2,'=',10734.0,nM,4.97,0.99,1.164,9.454,12.19,100.0,,462.51,2.67,0,Replicase polyprotein 1ab
CHEMBL5441869,CNC(=O)c1cc2c(N[C@@H](c3ccc4c(c3)NC(=O)CO4)C(C)C)ncnc2[nH]1,'=',163.0,nM,6.79,0.999,1.216,0.156,0.172,100.0,,394.44,2.46,0,Replicase polyprotein 1ab
CHEMBL5441661,COCc1cc(CNc2ccc([C@@H](CC(=O)O)NC(=O)c3c[nH]c4ncncc34)cc2)on1,'>',99500.0,nM,,0.928,1.068,,,100.0,Falls Outside The Dose Series,450.46,2.65,0,Replicase polyprotein 1ab
CHEMBL5441808,Cc1[nH]c2ncnc(NC(=O)c3cccnc3)c2c1C,'>',99500.0,nM,,0.828,1.081,,,100.0,Falls Outside The Dose Series,267.29,2.22,0,Replicase polyprotein 1ab
CHEMBL5441858,CC(C)[C@@H](Nc1nc(C(F)F)nc2ccccc12)c1ccc2c(c1)OCCO2,'>',99500.0,nM,,,,,,,Falls Outside The Dose Series,385.41,5.15,1,Replicase polyprotein 1ab
CHEMBL5442099,O=C(Nc1cccc2c(C(=O)Nc3ccccc3C(=O)O)c[nH]c12)NC1CC1,'=',20025.0,nM,4.7,0.865,1.568,13.21,30.37,100.0,,378.39,3.4,0,Replicase polyprotein 1ab
CHEMBL5441828,c1nc(N[C@@H](c2ccc3c(c2)OCCO3)C2CC2)c2cn[nH]c2n1,'=',17695.0,nM,4.75,0.991,1.219,15.82,19.79,100.0,,323.36,2.69,0,Replicase polyprotein 1ab
CHEMBL5441740,CC(C)Cc1ccc2c(NC(=O)c3ccc(NC(=O)NC4CC4)cc3)c(C(=O)O)sc2n1,'>',99500.0,nM,,,,,,,Falls Outside The Dose Series,452.54,4.73,0,Replicase polyprotein 1ab
CHEMBL5441586,O=C(O)C[C@@H](NC(=O)c1ncnc2[nH]ccc12)c1ccc(NCC2=NO[C@@H]3COC[C@H]23)cc1,'=',8332.0,nM,5.08,0.989,1.234,7.167,9.686,100.0,,450.46,1.72,0,Replicase polyprotein 1ab
CHEMBL5442159,O=C(O)C[C@@H](NC(=O)c1ncnc2[nH]ccc12)c1ccc(NCc2ccno2)cc1,'=',11265.0,nM,4.95,0.988,1.168,9.734,13.04,100.0,,406.4,2.5,0,Replicase polyprotein 1ab
CHEMBL5441679,Cc1nc2nc[nH]c(NC(=O)c3ccc(NC(=O)NC4CC4)nc3)c-2c1C,'>',99500.0,nM,,,,,,,Falls Outside The Dose Series,365.4,2.46,0,Replicase polyprotein 1ab
CHEMBL5442134,O=C(O)C[C@@H](NC(=O)c1ncnc2[nH]ccc12)c1ccc(Nc2nnco2)cc1,'=',6574.0,nM,5.18,0.992,1.095,5.731,7.541,100.0,,393.36,2.03,0,Replicase polyprotein 1ab
CHEMBL5441951,COc1ccc([C@@](C)(CC(=O)O)NC(=O)c2ncnc3[nH]ccc23)cc1,'=',18172.0,nM,4.74,0.972,1.322,14.98,22.04,100.0,,354.37,2.09,0,Replicase polyprotein 1ab
CHEMBL5441437,Cn1ncc(-c2cc3c(N[C@@H](c4ccc5c(c4)OCCO5)C(C)(C)C)ncnc3[nH]2)c1C#N,'=',332.0,nM,6.48,0.896,1.172,0.209,0.528,100.0,,443.51,4.2,0,Replicase polyprotein 1ab
CHEMBL5441780,CC(C)[C@@H](Nc1ncnc2[nH]c(-c3cncc(OCCN(C)C)c3)cc12)c1ccc2c(c1)OCCO2,'=',891.0,nM,6.05,0.992,1.144,0.777,1.022,100.0,,488.59,4.54,0,Replicase polyprotein 1ab
CHEMBL5441643,CC(C)[C@@H](Nc1ncnc2[nH]c(-c3[nH]ncc3C3CC3)cc12)c1ccc2c(c1)OCCO2,'=',14284.0,nM,4.84,0.934,0.74,10.01,20.38,100.0,,430.51,4.81,0,Replicase polyprotein 1ab
CHEMBL5441753,COc1c(Cl)ncnc1N[C@@H](c1ccc2c(c1)S(=O)(=O)CCC2)C(C)C,'>',99500.0,nM,,0.598,0.858,,,100.0,Falls Outside The Dose Series,395.91,3.67,0,Replicase polyprotein 1ab
CHEMBL5441477,CC(C)[C@@H](Nc1c(N)cnc2[nH]ccc12)c1ccc2c(c1)S(=O)(=O)CCC2,'>',99500.0,nM,,,,,,,Falls Outside The Dose Series,384.51,3.67,0,Replicase polyprotein 1ab
CHEMBL5441680,CCNC(=O)c1cc2c(N[C@@H](c3nc4ccccc4o3)C(C)C)ncnc2[nH]1,'=',17610.0,nM,4.75,0.99,1.171,15.64,19.82,100.0,,378.44,3.66,0,Replicase polyprotein 1ab
CHEMBL5441962,CC(C)[C@H](Nc1ncnc2[nH]c(C(=O)N[C@@H]3CCN(C)C3)cc12)c1ccc2c(c1)S(=O)(=O)CCC2,'=',2858.0,nM,5.54,0.996,1.377,2.617,3.121,100.0,,496.64,2.92,0,Replicase polyprotein 1ab
CHEMBL5441683,CC(C)[C@@H](Nc1ncnc2[nH]c(-c3ccn(C)n3)cc12)c1ccc2c(c1)OCCO2,'=',972.0,nM,6.01,0.992,1.182,0.844,1.12,100.0,,404.47,3.94,0,Replicase polyprotein 1ab
CHEMBL5441952,CC(C)[C@@H](Nc1ncnc2[nH]c(-c3cnn(C4CCC4)n3)cc12)c1ccc2c(c1)OCCO2,'=',3841.0,nM,5.42,0.925,1.011,2.553,5.779,100.0,,445.53,4.52,0,Replicase polyprotein 1ab
CHEMBL5442076,Cc1cc(-c2cc3c(N[C@@H](c4ccc5c(c4)OCCO5)C(C)C)ncnc3[nH]2)c[nH]1,'=',9528.0,nM,5.02,0.985,1.169,8.04,11.29,100.0,,403.49,4.84,0,Replicase polyprotein 1ab
CHEMBL5441866,CC(C)[C@@H](Nc1ncnc2[nH]c(-c3cc4c(C#N)cccc4[nH]3)cc12)c1ccc2c(c1)OCCO2,'>',99500.0,nM,,0.652,0.586,,,100.0,Falls Outside The Dose Series,464.53,5.56,1,Replicase polyprotein 1ab
CHEMBL5441687,CC(C)[C@@H](Nc1ncnc2[nH]c(-c3cnc(C4CC4)o3)cc12)c1ccc2c(c1)OCCO2,'=',3279.0,nM,5.48,0.99,1.071,2.815,3.818,100.0,,431.5,5.07,1,Replicase polyprotein 1ab
CHEMBL5441669,Cc1cc(-c2cc3c(N[C@@H](c4ccc5c(c4)OCCO5)C(C)C)ncnc3[nH]2)nn1C,'=',2794.0,nM,5.55,0.855,0.835,1.444,5.405,100.0,,418.5,4.25,0,Replicase polyprotein 1ab
CHEMBL5441705,CC(C)[C@@H](Nc1ncnc2[nH]c(-c3ccco3)cc12)c1ccc2c(c1)OCCO2,'=',6200.0,nM,5.21,0.977,0.836,4.902,7.842,100.0,,390.44,4.8,0,Replicase polyprotein 1ab
CHEMBL5441733,CC(C)[C@@H](Nc1ncnc2[nH]ccc12)c1ccc2c(c1)NC(=O)[C@@H](C)O2,'=',2691.0,nM,5.57,0.993,1.219,2.378,3.045,100.0,,351.41,3.49,0,Replicase polyprotein 1ab
CHEMBL5442051,Cc1nn(C)cc1-c1cc2c(N[C@@H](c3ccc4c(c3)OCCO4)C(C)C)ncnc2[nH]1,'=',411.0,nM,6.39,0.992,1.303,0.358,0.471,100.0,,418.5,4.25,0,Replicase polyprotein 1ab
CHEMBL5442051,Cc1nn(C)cc1-c1cc2c(N[C@@H](c3ccc4c(c3)OCCO4)C(C)C)ncnc2[nH]1,'=',493.0,nM,6.31,0.997,1.271,0.452,0.537,100.0,,418.5,4.25,0,Replicase polyprotein 1ab
CHEMBL5441749,CCn1nccc1-c1cc2c(N[C@@H](c3ccc4c(c3)OCCO4)C(C)C)ncnc2[nH]1,'=',1421.0,nM,5.85,0.991,1.216,1.239,1.629,100.0,,418.5,4.42,0,Replicase polyprotein 1ab
CHEMBL5441580,CC(C)[C@@H](Nc1ncnc2[nH]c(-c3ccnn3C)cc12)c1ccc2c(c1)OCCO2,'=',699.0,nM,6.16,0.995,1.14,0.63,0.776,100.0,,404.47,3.94,0,Replicase polyprotein 1ab
CHEMBL5441620,CC(C)[C@@H](Nc1ncnc2[nH]c(-c3cnn(C)c3)cc12)c1ccc2c(c1)OCCO2,'=',616.0,nM,6.21,0.996,1.165,0.559,0.679,100.0,,404.47,3.94,0,Replicase polyprotein 1ab
CHEMBL5441695,O=C(O)C[C@@H](NC(=O)c1ccnc2cn[nH]c12)c1ccc(Br)cc1,'=',9531.0,nM,5.02,0.995,1.169,8.682,10.46,100.0,,389.21,2.67,0,Replicase polyprotein 1ab
CHEMBL5442009,Cc1[nH]c2ncnc(NC(=O)Cc3cn[nH]c3)c2c1C,'=',99007.0,nM,4.0,0.957,1.181,83.25,117.75,100.0,,270.3,1.48,0,Replicase polyprotein 1ab
CHEMBL5441661,COCc1cc(CNc2ccc([C@@H](CC(=O)O)NC(=O)c3c[nH]c4ncncc34)cc2)on1,'>',99500.0,nM,,0.86,1.289,,,100.0,Falls Outside The Dose Series,450.46,2.65,0,Replicase polyprotein 1ab
CHEMBL5441808,Cc1[nH]c2ncnc(NC(=O)c3cccnc3)c2c1C,'>',99500.0,nM,,0.409,0.621,,,100.0,Falls Outside The Dose Series,267.29,2.22,0,Replicase polyprotein 1ab
CHEMBL5441514,O=C(O)C[C@@H](NC(=O)c1ncnc2[nH]ccc12)c1ccc(NCC2C[C@@H](O)[C@@H](O)C2)cc1,'=',25018.0,nM,4.6,0.981,1.096,21.36,29.3,100.0,,439.47,1.45,1,Replicase polyprotein 1ab
CHEMBL5441820,CC(C)[C@@H](Nc1ncnc2c1ccn2C)c1ccc2c(c1)OCCO2,'>',99500.0,nM,,,,,,,Falls Outside The Dose Series,338.41,3.55,0,Replicase polyprotein 1ab
CHEMBL5441758,Cc1[nH]c2ncnc(NC(=O)c3ccc(C(F)(F)F)nc3)c2c1C,'>',99500.0,nM,,,,,,,Falls Outside The Dose Series,335.29,3.24,0,Replicase polyprotein 1ab
CHEMBL5441658,Cc1[nH]c2ncnc(NC(=O)c3cncnc3)c2c1C,'>',99500.0,nM,,,,,,,Falls Outside The Dose Series,268.28,1.62,0,Replicase polyprotein 1ab
CHEMBL5442013,O=C(Nc1ccc(C(=O)Nc2c(C(=O)O)[nH]c3ccccc23)cc1)NC1CC1,'>',99500.0,nM,,0.757,4.089,,,100.0,Falls Outside The Dose Series,378.39,3.4,0,Replicase polyprotein 1ab
CHEMBL4532243,CCOC(=O)C1=C(Nc2cc(C)cc(C)c2)OCC1=O,'>',99500.0,nM,,,,,,,Falls Outside The Dose Series,275.3,2.09,0,Replicase polyprotein 1ab
CHEMBL5442139,O=C(O)[C@@H]1C[C@@H](O)CN1c1ncnc2[nH]ccc12,'>',99500.0,nM,,0.939,1.114,,,100.0,Falls Outside The Dose Series,248.24,-0.02,0,Replicase polyprotein 1ab
CHEMBL5442015,CC(C)[C@@H](Nc1ncnc2[nH]c(-c3cnn(C(C)C)c3)cc12)c1ccc2c(c1)OCCO2,'=',864.0,nM,6.06,0.996,1.168,0.786,0.95,100.0,,432.53,4.98,0,Replicase polyprotein 1ab
CHEMBL5441634,CC(C)[C@@H](Nc1ncnc2[nH]c(-c3cnn(C4CC4)c3)cc12)c1ccc2c(c1)OCCO2,'=',1231.0,nM,5.91,0.993,1.196,1.081,1.401,100.0,,430.51,4.74,0,Replicase polyprotein 1ab
CHEMBL5441764,CC(C)[C@@H](Nc1ncnc2[nH]c(-c3cnn([C@@H](C)C(N)=O)c3)cc12)c1ccc2c(c1)OCCO2,'=',497.0,nM,6.3,0.995,1.135,0.448,0.552,100.0,,461.53,3.45,0,Replicase polyprotein 1ab
CHEMBL5442037,CC(C)[C@@H](Nc1ncnc2[nH]c(C(=O)NCC3(CO)CCC3)cc12)c1ccc2c(c1)OCCO2,'=',1295.0,nM,5.89,0.988,1.194,1.101,1.524,100.0,,465.55,3.43,0,Replicase polyprotein 1ab
CHEMBL5442037,CC(C)[C@@H](Nc1ncnc2[nH]c(C(=O)NCC3(CO)CCC3)cc12)c1ccc2c(c1)OCCO2,'=',2346.0,nM,5.63,0.977,1.089,1.847,2.979,100.0,,465.55,3.43,0,Replicase polyprotein 1ab
CHEMBL5441498,COc1cnn(C)c1-c1cc2c(N[C@@H](c3ccc4c(c3)OCCO4)C(C)C)ncnc2[nH]1,'=',55872.0,nM,4.25,0.96,0.898,45.22,69.03,100.0,,434.5,3.95,0,Replicase polyprotein 1ab
CHEMBL5441440,CC(C)[C@@H](Nc1ncnc2[nH]c(-c3cnn(C)n3)cc12)c1ccc2c(c1)OCCO2,'=',485.0,nM,6.31,0.992,1.072,0.423,0.557,100.0,,405.46,3.33,0,Replicase polyprotein 1ab
CHEMBL5441437,Cn1ncc(-c2cc3c(N[C@@H](c4ccc5c(c4)OCCO5)C(C)(C)C)ncnc3[nH]2)c1C#N,'=',309.0,nM,6.51,0.937,1.151,0.215,0.442,100.0,,443.51,4.2,0,Replicase polyprotein 1ab
CHEMBL5442153,CC(C)[C@@H](Nc1ncnc2[nH]c(-c3cnn(C(C)C)n3)cc12)c1ccc2c(c1)OCCO2,'=',2132.0,nM,5.67,0.877,0.85,1.231,3.691,100.0,,433.52,4.38,0,Replicase polyprotein 1ab
CHEMBL5442120,CC(C)[C@@H](Nc1ncnc2[nH]c(-c3cnn(CC4(C#N)CC4)c3)cc12)c1ccc2c(c1)OCCO2,'=',421.0,nM,6.38,0.994,1.226,0.374,0.474,100.0,,469.55,4.71,0,Replicase polyprotein 1ab
CHEMBL5441874,Cc1ncc(-c2cc3c(N[C@@H](c4ccc5c(c4)OCCO5)C(C)C)ncnc3[nH]2)n1C,'=',711.0,nM,6.15,0.992,1.04,0.621,0.814,100.0,,418.5,4.25,0,Replicase polyprotein 1ab
CHEMBL5441584,CCc1n[nH]cc1-c1cc2c(N[C@@H](c3ccc4c(c3)OCCO4)C(C)C)ncnc2[nH]1,'=',961.0,nM,6.02,0.995,1.164,0.86,1.073,100.0,,418.5,4.49,0,Replicase polyprotein 1ab
CHEMBL5441652,CC(C)[C@@H](Nc1ncnc2[nH]c(-c3cnn(C)c3C#N)cc12)c1ccc2c(c1)NC(=O)CO2,'=',206.0,nM,6.69,0.963,0.97,0.155,0.273,100.0,,442.48,3.37,0,Replicase polyprotein 1ab
CHEMBL5441958,Cc1cn[nH]c1-c1cc2c(N[C@@H](c3ccc4c(c3)OCCO4)C(C)C)ncnc2[nH]1,'=',8767.0,nM,5.06,0.989,1.242,7.545,10.19,100.0,,404.47,4.24,0,Replicase polyprotein 1ab
CHEMBL5441580,CC(C)[C@@H](Nc1ncnc2[nH]c(-c3ccnn3C)cc12)c1ccc2c(c1)OCCO2,'=',883.0,nM,6.05,0.993,1.042,0.775,1.005,100.0,,404.47,3.94,0,Replicase polyprotein 1ab
CHEMBL5441580,CC(C)[C@@H](Nc1ncnc2[nH]c(-c3ccnn3C)cc12)c1ccc2c(c1)OCCO2,'=',832.0,nM,6.08,0.992,1.093,0.721,0.961,100.0,,404.47,3.94,0,Replicase polyprotein 1ab
CHEMBL5441620,CC(C)[C@@H](Nc1ncnc2[nH]c(-c3cnn(C)c3)cc12)c1ccc2c(c1)OCCO2,'=',618.0,nM,6.21,0.994,1.191,0.547,0.698,100.0,,404.47,3.94,0,Replicase polyprotein 1ab
CHEMBL5441699,O=C(Nc1ccccc1)Nc1ccc(C(=O)NC2c3cccc(O)c3CC2C(=O)O)cc1,'=',262.0,nM,6.58,0.941,1.306,0.176,0.39,100.0,,431.45,3.76,0,Replicase polyprotein 1ab
CHEMBL5441954,CC(C)[C@@H](Nc1ncnc2[nH]c(C(=O)NCC3(F)CC3)cc12)c1ccc2c(c1)OCCO2,'=',2016.0,nM,5.7,0.997,1.232,1.846,2.202,100.0,,439.49,3.77,0,Replicase polyprotein 1ab
CHEMBL5441892,CC(C)[C@@H](Nc1ncnc2[nH]c(C(=O)NCc3cnco3)cc12)c1ccc2c(c1)OCCO2,'=',639.0,nM,6.19,0.995,1.168,0.574,0.711,100.0,,448.48,3.46,0,Replicase polyprotein 1ab
CHEMBL5442077,CC(C)[C@@H](Nc1ncnc2[nH]c(C(=O)NCCc3cn[nH]c3)cc12)c1ccc2c(c1)OCCO2,'=',3404.0,nM,5.47,0.974,1.221,2.66,4.357,100.0,,461.53,3.23,0,Replicase polyprotein 1ab
CHEMBL5441844,CC(C)[C@@H](Nc1ncnc2[nH]c(C(=O)NCC3(C#N)CC3)cc12)c1ccc2c(c1)OCCO2,'=',1094.0,nM,5.96,0.993,1.169,0.95,1.26,100.0,,446.51,3.57,0,Replicase polyprotein 1ab
CHEMBL5441531,CC(C)[C@@H](Nc1ccnc2nn[nH]c12)c1ccc2c(c1)S(=O)(=O)CCC2,'>',99500.0,nM,,,,,,,Falls Outside The Dose Series,371.47,2.88,0,Replicase polyprotein 1ab
CHEMBL5441680,CCNC(=O)c1cc2c(N[C@@H](c3nc4ccccc4o3)C(C)C)ncnc2[nH]1,'=',20457.0,nM,4.69,0.992,1.034,18.37,22.79,100.0,,378.44,3.66,0,Replicase polyprotein 1ab
CHEMBL5441553,FC(F)(F)CO[C@@H]1CCCN(c2ncnc3[nH]ccc23)C1,'>',124375.0,nM,,0.321,6.484,,,100.0,Falls Outside The Dose Series,300.28,2.51,0,Replicase polyprotein 1ab
CHEMBL5441699,O=C(Nc1ccccc1)Nc1ccc(C(=O)NC2c3cccc(O)c3CC2C(=O)O)cc1,'=',440.0,nM,6.36,0.991,1.5,0.384,0.505,100.0,,431.45,3.76,0,Replicase polyprotein 1ab
CHEMBL5441699,O=C(Nc1ccccc1)Nc1ccc(C(=O)NC2c3cccc(O)c3CC2C(=O)O)cc1,'=',598.0,nM,6.22,0.989,1.26,0.508,0.704,100.0,,431.45,3.76,0,Replicase polyprotein 1ab
CHEMBL5441507,O=C(OCc1cccc(Cl)n1)c1ncnc2[nH]ccc12,'>',124375.0,nM,,0.831,1.685,,,100.0,Falls Outside The Dose Series,288.69,2.36,0,Replicase polyprotein 1ab
CHEMBL5441911,O=C(c1cc(O)ccn1)N1CCC(c2ccn3ncc(C(=O)N4CCCCC4)c3c2)CC1,'>',99500.0,nM,,0.767,1.018,,,100.0,Falls Outside The Dose Series,433.51,3.08,0,Replicase polyprotein 1ab
CHEMBL5442097,Cn1nc(C(=O)N2CCC(c3ccn4ncc(C(=O)N5CCCCC5)c4c3)CC2)cc1C(=O)O,'=',66421.0,nM,4.18,0.901,1.388,51.53,85.61,100.0,,464.53,2.41,0,Replicase polyprotein 1ab
CHEMBL5441598,CC(C)[C@H](CO)Nc1ncnc2[nH]ccc12,'=',11179.0,nM,4.95,0.987,1.236,9.6,13.02,100.0,,220.28,1.39,0,Replicase polyprotein 1ab
CHEMBL5441745,CC(C)(NC(=O)c1ncnc2[nH]ccc12)c1cc(C(=O)O)[nH]n1,'>',99500.0,nM,,0.669,1.751,,,100.0,Falls Outside The Dose Series,314.31,1.04,0,Replicase polyprotein 1ab
CHEMBL5441581,O=C(N[C@@H](C(=O)O)C1Cc2ccccc2C1)c1ncnc2[nH]ccc12,'>',99500.0,nM,,0.46,6.73,,,100.0,Falls Outside The Dose Series,336.35,1.56,0,Replicase polyprotein 1ab
CHEMBL5441698,O=C(N[C@@H](C(=O)O)c1ccc2c(c1)CCO2)c1ncnc2[nH]ccc12,'=',78425.0,nM,4.11,0.943,1.283,65.03,94.58,100.0,,338.32,1.45,0,Replicase polyprotein 1ab
CHEMBL5441671,Cn1cc([C@@H](Nc2ncnc3[nH]ccc23)c2ccc(F)cc2)cn1,'>',99500.0,nM,,0.882,1.315,,,100.0,Falls Outside The Dose Series,322.35,3.03,0,Replicase polyprotein 1ab
CHEMBL5441783,NC(=O)C[C@@H](NC(=O)c1ncnc2[nH]ccc12)C1CCCCC1,'>',99500.0,nM,,0.092,2.863,,,100.0,Falls Outside The Dose Series,315.38,1.51,0,Replicase polyprotein 1ab
CHEMBL5441915,NC(=O)[C@@H](NC(=O)c1ncnc2[nH]ccc12)c1ccc(F)cc1,'>',99500.0,nM,,,,,,,Falls Outside The Dose Series,313.29,1.05,0,Replicase polyprotein 1ab
CHEMBL5441504,CCn1ncc(-c2cc3c(N[C@@H](c4ccc5c(c4)OCCO5)C(C)C)ncnc3[nH]2)n1,'=',1074.0,nM,5.97,0.995,1.129,0.966,1.193,100.0,,419.49,3.82,0,Replicase polyprotein 1ab
CHEMBL5441526,CNC(=O)Cn1cc(-c2cc3c(N[C@@H](c4ccc5c(c4)OCCO5)C(C)C)ncnc3[nH]2)cn1,'=',259.0,nM,6.59,0.993,1.118,0.227,0.294,100.0,,461.53,3.15,0,Replicase polyprotein 1ab
CHEMBL5441587,CC(C)[C@@H](Nc1ncnc2[nH]c(-c3cc[nH]c3)cc12)c1ccc2c(c1)OCCO2,'=',4546.0,nM,5.34,0.995,1.163,4.076,5.071,100.0,,389.46,4.53,0,Replicase polyprotein 1ab
CHEMBL5442152,Cc1nn(CC(N)=O)cc1-c1cc2c(N[C@@H](c3ccc4c(c3)OCCO4)C(C)C)ncnc2[nH]1,'=',341.0,nM,6.47,0.995,1.21,0.305,0.381,100.0,,461.53,3.2,0,Replicase polyprotein 1ab
CHEMBL5441539,CC(C)(C)[C@@H](Nc1ncnc2[nH]c(-c3cnn(CC(N)=O)c3)cc12)c1ccc2c(c1)OCCO2,'=',282.0,nM,6.55,0.998,1.389,0.264,0.3,100.0,,461.53,3.28,0,Replicase polyprotein 1ab
CHEMBL5441395,Cc1nn(C)cc1-c1cc2c(N[C@H](c3ccc4c(c3)S(=O)(=O)CCC4)C(C)C)ncnc2[nH]1,'=',28.0,nM,7.55,0.992,2.585,0.026,0.03,100.0,,464.6,4.2,0,Replicase polyprotein 1ab
CHEMBL5441388,CCNC(=O)c1cc2c(N[C@@H](c3ccc4c(c3)S(=O)(=O)CCO4)C(C)C)ncnc2[nH]1,'=',73.0,nM,7.14,0.977,1.493,0.06,0.089,100.0,,443.53,2.68,0,Replicase polyprotein 1ab
CHEMBL5441426,CC(C)[C@@H](Nc1ncnc2[nH]c(-c3cncc(S(C)(=O)=O)c3)cc12)c1ccc2c(c1)S(=O)(=O)CCC2,'=',143.0,nM,6.84,0.935,1.18,0.1,0.205,100.0,,525.66,3.95,1,Replicase polyprotein 1ab
CHEMBL5441420,CC(C)[C@@H](Nc1ncnc2[nH]c(-c3cnn(C)c3)cc12)c1ccc2c(c1)S(=O)(=O)CCC2,'=',34.0,nM,7.47,0.979,1.362,0.029,0.04,100.0,,450.57,3.89,0,Replicase polyprotein 1ab
CHEMBL5441420,CC(C)[C@@H](Nc1ncnc2[nH]c(-c3cnn(C)c3)cc12)c1ccc2c(c1)S(=O)(=O)CCC2,'=',27.0,nM,7.57,0.996,1.837,0.025,0.028,100.0,,450.57,3.89,0,Replicase polyprotein 1ab
CHEMBL5441431,CNC(=O)c1cccc(-c2cc3c(N[C@H](c4ccc5c(c4)S(=O)(=O)CCC5)C(C)C)ncnc3[nH]2)c1,'=',14.0,nM,7.85,0.963,1.833,0.012,0.016,100.0,,503.63,4.51,1,Replicase polyprotein 1ab
CHEMBL5441431,CNC(=O)c1cccc(-c2cc3c(N[C@H](c4ccc5c(c4)S(=O)(=O)CCC5)C(C)C)ncnc3[nH]2)c1,'=',22.0,nM,7.66,0.921,1.535,0.017,0.028,100.0,,503.63,4.51,1,Replicase polyprotein 1ab
CHEMBL5441431,CNC(=O)c1cccc(-c2cc3c(N[C@H](c4ccc5c(c4)S(=O)(=O)CCC5)C(C)C)ncnc3[nH]2)c1,'=',29.0,nM,7.54,0.985,1.577,0.026,0.033,100.0,,503.63,4.51,1,Replicase polyprotein 1ab
CHEMBL5441430,CNC(=O)c1cc2c(N[C@@H](c3ccc4c(c3)S(=O)(=O)CCC4)C(C)C)ncnc2[nH]1,'=',35.0,nM,7.46,0.994,1.312,0.032,0.038,100.0,,427.53,2.85,0,Replicase polyprotein 1ab
CHEMBL5441390,CCNC(=O)c1cc2c(N[C@@H](c3ccc4c(c3)S(=O)(=O)CCC4)C(C)C)ncnc2[nH]1,'=',42.0,nM,7.38,0.993,1.402,0.038,0.046,100.0,,441.56,3.24,0,Replicase polyprotein 1ab
CHEMBL5441652,CC(C)[C@@H](Nc1ncnc2[nH]c(-c3cnn(C)c3C#N)cc12)c1ccc2c(c1)NC(=O)CO2,'>',99500.0,nM,,0.834,0.701,,,100.0,Falls Outside The Dose Series,442.48,3.37,0,Replicase polyprotein 1ab
CHEMBL5441992,CC(C)[C@@H](Nc1ncnc2[nH]c(S(C)(=O)=O)cc12)c1ccc2c(c1)S(=O)(=O)CCC2,'=',992.0,nM,6.0,0.989,0.988,0.841,1.171,100.0,,448.57,2.89,0,Replicase polyprotein 1ab
CHEMBL5441930,CC(C)[C@@H](Nc1ncnc2[nH]c(-c3cc(O)nc4ccccc34)cc12)c1ccc2c(c1)S(=O)(=O)CCC2,'=',1673.0,nM,5.78,0.966,1.133,1.145,2.445,100.0,,513.62,5.41,2,Replicase polyprotein 1ab
CHEMBL5441871,CC(C)[C@@H](Nc1ncnc2[nH]c(-c3ccc(=O)n(C)c3)cc12)c1ccc2c(c1)S(=O)(=O)CCC2,'=',40.0,nM,7.4,0.961,1.962,0.033,0.049,100.0,,477.59,3.85,0,Replicase polyprotein 1ab
CHEMBL5441571,CC(C)[C@@H](Nc1ncnc2[nH]c(-c3cccc4c3NC(=O)C4)cc12)c1ccc2c(c1)S(=O)(=O)CCC2,'=',360.0,nM,6.44,0.984,1.506,0.3,0.432,100.0,,501.61,4.65,1,Replicase polyprotein 1ab
CHEMBL5441689,CC(C)[C@@H](Nc1ncnc2[nH]c(-c3cnc(N)nc3)cc12)c1ccc2c(c1)S(=O)(=O)CCC2,'=',85.0,nM,7.07,0.952,1.435,0.063,0.114,100.0,,463.57,3.53,0,Replicase polyprotein 1ab
CHEMBL5441716,CC(C)[C@@H](Nc1ncnc2[nH]c(-c3cnc(N4CC(O)C4)nc3)cc12)c1ccc2c(c1)S(=O)(=O)CCC2,'=',94.0,nM,7.03,0.928,1.81,0.069,0.128,100.0,,519.63,3.12,1,Replicase polyprotein 1ab
CHEMBL5441896,CC(C)[C@@H](Nc1ncnc2[nH]c(-c3ccn(C)c(=O)c3)cc12)c1ccc2c(c1)S(=O)(=O)CCC2,'=',63.0,nM,7.2,0.993,1.487,0.057,0.07,100.0,,477.59,3.85,0,Replicase polyprotein 1ab
CHEMBL5441738,CC(C)[C@@H](Nc1ncnc2[nH]ccc12)c1ccc2c(n1)S(=O)(=O)CCC2,'=',1115.0,nM,5.95,0.987,1.05,0.935,1.328,100.0,,371.47,2.88,0,Replicase polyprotein 1ab
CHEMBL5441433,CC(C)[C@@H](Nc1ncnc2[nH]c(-c3cnn(CC(=O)N(C)C)c3)cc12)c1ccc2c(c1)S(=O)(=O)CCC2,'=',30.0,nM,7.52,0.986,1.672,0.026,0.033,100.0,,521.65,3.44,1,Replicase polyprotein 1ab
CHEMBL5441856,CC(C)[C@@H](Nc1ncnc2[nH]c(-c3cc4c(cc3F)NC(=O)CC4)cc12)c1ccc2c(c1)S(=O)(=O)CCC2,'=',297.0,nM,6.53,0.989,1.119,0.251,0.35,100.0,,533.63,5.18,2,Replicase polyprotein 1ab
CHEMBL5441856,CC(C)[C@@H](Nc1ncnc2[nH]c(-c3cc4c(cc3F)NC(=O)CC4)cc12)c1ccc2c(c1)S(=O)(=O)CCC2,'=',189.0,nM,6.72,0.998,1.169,0.176,0.202,100.0,,533.63,5.18,2,Replicase polyprotein 1ab
CHEMBL5442082,CC(C)[C@@H](NC(=O)c1ncnc2[nH]ccc12)c1ccc2c(c1)S(=O)(=O)CCC2,'>',99500.0,nM,,0.473,2.198,,,100.0,Falls Outside The Dose Series,398.49,2.8,0,Replicase polyprotein 1ab
CHEMBL5441710,CC(C)[C@H](Nc1ncnc(N2CCCC2)n1)c1ccc2c(c1)S(=O)(=O)CCC2,'>',99500.0,nM,,,,,,,Falls Outside The Dose Series,401.54,3.0,0,Replicase polyprotein 1ab
CHEMBL5441944,CC(C)[C@@H](Nc1ncncc1Cl)c1ccc2c(c1)S(=O)(=O)CCC2,'>',99500.0,nM,,0.782,1.16,,,100.0,Falls Outside The Dose Series,365.89,3.66,0,Replicase polyprotein 1ab
CHEMBL5442160,CC(C)[C@H](Nc1ncncc1Cl)c1ccc2c(c1)S(=O)(=O)CCC2,'>',99500.0,nM,,,,,,,Falls Outside The Dose Series,365.89,3.66,0,Replicase polyprotein 1ab
CHEMBL5441512,CC(C)[C@H](Nc1nc(N)ncc1Cl)c1ccc2c(c1)S(=O)(=O)CCC2,'>',99500.0,nM,,,,,,,Falls Outside The Dose Series,380.9,3.24,0,Replicase polyprotein 1ab
CHEMBL5442117,COc1ccc([C@H](CC(=O)O)NC(=O)c2ncnc3[nH]ccc23)cc1,'=',1442.0,nM,5.84,0.994,1.202,1.287,1.616,100.0,,340.34,1.91,0,Replicase polyprotein 1ab
CHEMBL5441986,C[C@@H](O)[C@@H](NC(=O)c1csc2c(NC(=O)NC3CC3)ncnc12)c1ccccc1F,'>',99500.0,nM,,,,,,,Falls Outside The Dose Series,429.48,2.97,0,Replicase polyprotein 1ab
CHEMBL5441675,O=C(Nc1cccc2c(C(=O)N[C@H]3c4ccccc4C[C@H]3C(=O)O)c[nH]c12)NC1CC1,'=',7830.0,nM,5.11,0.99,1.362,6.716,9.128,100.0,,418.45,3.18,0,Replicase polyprotein 1ab
CHEMBL5441579,O=C(O)[C@@H]1C[C@@H]2OCC[C@@H]2N1c1ncnc2[nH]ccc12,'>',99500.0,nM,,0.443,1.226,,,100.0,Falls Outside The Dose Series,274.28,0.78,0,Replicase polyprotein 1ab
CHEMBL5442075,CC(C)[C@@H](Nc1ncnc2[nH]ccc12)C(=O)O,'=',16798.0,nM,4.78,0.991,1.179,15.05,18.74,100.0,,234.26,1.48,0,Replicase polyprotein 1ab
CHEMBL5441533,CC(C)[C@@H](Nc1ncnc2[nH]c(C(=O)NCc3c[nH]cn3)cc12)c1ccc2c(c1)OCCO2,'=',1146.0,nM,5.94,0.992,1.225,1.005,1.306,100.0,,447.5,3.19,0,Replicase polyprotein 1ab
CHEMBL5441913,CC(C)[C@@H](Nc1ncnc2[nH]c(C(=O)Nc3cnoc3)cc12)c1ccc2c(c1)OCCO2,'=',1970.0,nM,5.71,0.99,1.122,1.683,2.306,100.0,,434.46,3.78,0,Replicase polyprotein 1ab
CHEMBL5441844,CC(C)[C@@H](Nc1ncnc2[nH]c(C(=O)NCC3(C#N)CC3)cc12)c1ccc2c(c1)OCCO2,'=',2636.0,nM,5.58,0.974,1.084,2.064,3.366,100.0,,446.51,3.57,0,Replicase polyprotein 1ab
CHEMBL5441846,CC(C)[C@@H](Nc1nccc2[nH]c(=O)[nH]c12)c1ccc2c(c1)S(=O)(=O)CCC2,'>',99500.0,nM,,,,,,,Falls Outside The Dose Series,386.48,2.78,0,Replicase polyprotein 1ab
CHEMBL5441819,CC(C)[C@@H](Nc1ncnc(N)c1Cl)c1ccc2c(c1)S(=O)(=O)CCC2,'=',1617.0,nM,5.79,0.998,1.253,1.505,1.738,100.0,,380.9,3.24,0,Replicase polyprotein 1ab
CHEMBL5441411,CCNC(=O)c1cc2c(N[C@@H](c3ccc4c(c3)S(=O)(=O)NCC4)C(C)C)ncnc2[nH]1,'=',124.0,nM,6.91,0.998,1.166,0.116,0.134,100.0,,442.55,2.35,0,Replicase polyprotein 1ab
CHEMBL5441427,CC(C)(C)[C@@H](Nc1ncnc2[nH]c(-c3cnn(CC(N)=O)c3)cc12)c1ccc2c(n1)OCCO2,'=',64.0,nM,7.19,0.998,1.315,0.061,0.068,100.0,,462.51,2.67,0,Replicase polyprotein 1ab
CHEMBL5441668,Cc1cc2c(C(=O)N[C@@H](CC(=O)O)c3ccc(Br)cc3)cccc2[nH]1,'>',99500.0,nM,,0.188,6.939,,,100.0,Falls Outside The Dose Series,401.26,4.18,0,Replicase polyprotein 1ab
CHEMBL5441899,O=C(O)C[C@@H](NC(=O)c1c[nH]c2ncccc12)c1ccc(Br)cc1,'=',27379.0,nM,4.56,0.982,1.147,23.72,31.6,100.0,,388.22,3.27,0,Replicase polyprotein 1ab
CHEMBL5441421,Cc1ncc(-c2cc3c(N[C@@H](c4ccc5c(c4)OCCO5)C(C)C)ncnc3[nH]2)cn1,'=',585.0,nM,6.23,0.99,1.177,0.502,0.681,100.0,,416.49,4.3,0,Replicase polyprotein 1ab
CHEMBL5442025,COc1cc(Nc2ccc(C(=O)N[C@@H]3c4cccc(O)c4C[C@H]3C(=O)O)cc2)[nH]n1,'>',99500.0,nM,,0.932,0.68,,,100.0,Falls Outside The Dose Series,408.41,2.6,0,Replicase polyprotein 1ab
CHEMBL5441509,CC(C)[C@@H](Nc1ncnc2[nH]c(-c3ccc(-n4cccn4)cc3)cc12)c1ccc2c(c1)OCCO2,'>',99500.0,nM,,0.809,0.554,,,100.0,Falls Outside The Dose Series,466.55,5.39,1,Replicase polyprotein 1ab
CHEMBL5441780,CC(C)[C@@H](Nc1ncnc2[nH]c(-c3cncc(OCCN(C)C)c3)cc12)c1ccc2c(c1)OCCO2,'=',903.0,nM,6.04,0.99,1.157,0.777,1.05,100.0,,488.59,4.54,0,Replicase polyprotein 1ab
CHEMBL5442060,COc1cccc([C@@H](Nc2ncnc3[nH]ccc23)C(C)C)c1,'=',25708.0,nM,4.59,0.972,1.163,21.36,30.94,100.0,,296.37,3.78,0,Replicase polyprotein 1ab
CHEMBL5441545,CC(C)[C@@H](Nc1ncnc2[nH]ccc12)c1ccc2c(c1)OCCO2,'=',1017.0,nM,5.99,0.961,1.259,0.749,1.381,100.0,,324.38,3.54,0,Replicase polyprotein 1ab
CHEMBL5441545,CC(C)[C@@H](Nc1ncnc2[nH]ccc12)c1ccc2c(c1)OCCO2,'=',900.0,nM,6.05,0.997,1.197,0.828,0.978,100.0,,324.38,3.54,0,Replicase polyprotein 1ab
CHEMBL5441630,CC(C)[C@@H](Nc1ncnc2[nH]c(-c3ccnn3CC3CC3)cc12)c1ccc2c(c1)OCCO2,'=',4224.0,nM,5.37,0.979,1.189,3.403,5.244,100.0,,444.54,4.81,0,Replicase polyprotein 1ab
CHEMBL5441576,CC(C)[C@@H](Nc1ncnc2[nH]c(-c3cccc4c3CN(C)C4=O)cc12)c1ccc2c(c1)OCCO2,'=',2537.0,nM,5.6,0.978,1.112,2.02,3.185,100.0,,469.55,4.79,0,Replicase polyprotein 1ab
CHEMBL5441908,Cc1cocc1-c1cc2c(N[C@@H](c3ccc4c(c3)OCCO4)C(C)C)ncnc2[nH]1,'=',2580.0,nM,5.59,0.992,1.142,2.259,2.947,100.0,,404.47,5.11,1,Replicase polyprotein 1ab
CHEMBL5441732,CC(=O)c1ccc(-c2cc3c(N[C@@H](c4ccc5c(c4)OCCO5)C(C)C)ncnc3[nH]2)[nH]1,'=',2974.0,nM,5.53,0.986,1.06,2.487,3.557,100.0,,431.5,4.74,0,Replicase polyprotein 1ab
CHEMBL5441468,CC(C)[C@@H](Nc1ncnc2[nH]c(-c3ccoc3C#N)cc12)c1ccc2c(c1)OCCO2,'=',2666.0,nM,5.57,0.968,1.071,2.036,3.492,100.0,,415.45,4.67,0,Replicase polyprotein 1ab
CHEMBL5441723,Cc1ccoc1-c1cc2c(N[C@@H](c3ccc4c(c3)OCCO4)C(C)C)ncnc2[nH]1,'=',43948.0,nM,4.36,0.909,0.711,29.8,64.81,100.0,,404.47,5.11,1,Replicase polyprotein 1ab
CHEMBL5441525,CC(C)[C@@H](Nc1ncnc2[nH]c([C@@H]3CCCNC3)cc12)c1ccc2c(c1)OCCO2,'=',3485.0,nM,5.46,0.988,1.153,2.942,4.128,100.0,,407.52,4.01,0,Replicase polyprotein 1ab
CHEMBL5441508,CC(C)[C@@H](Nc1ncnc2[nH]c(-c3cnn(C4(C(N)=O)CC4)c3)cc12)c1ccc2c(c1)OCCO2,'=',1043.0,nM,5.98,0.993,1.12,0.913,1.191,100.0,,473.54,3.38,0,Replicase polyprotein 1ab
CHEMBL5441391,Cn1ncc(-c2cc3c(N[C@@H](c4ccc5c(n4)OCCO5)C(C)(C)C)ncnc3[nH]2)c1C#N,'=',46.0,nM,7.34,0.963,1.411,0.037,0.057,100.0,,444.5,3.6,0,Replicase polyprotein 1ab
CHEMBL5441699,O=C(Nc1ccccc1)Nc1ccc(C(=O)NC2c3cccc(O)c3CC2C(=O)O)cc1,'=',440.0,nM,6.36,0.998,1.262,0.409,0.475,100.0,,431.45,3.76,0,Replicase polyprotein 1ab
CHEMBL5441699,O=C(Nc1ccccc1)Nc1ccc(C(=O)NC2c3cccc(O)c3CC2C(=O)O)cc1,'=',432.0,nM,6.37,0.995,1.294,0.386,0.483,100.0,,431.45,3.76,0,Replicase polyprotein 1ab
CHEMBL5441699,O=C(Nc1ccccc1)Nc1ccc(C(=O)NC2c3cccc(O)c3CC2C(=O)O)cc1,'=',402.0,nM,6.4,0.993,1.128,0.353,0.457,100.0,,431.45,3.76,0,Replicase polyprotein 1ab
CHEMBL5441476,CC(C)[C@@H](Nc1ncnc2[nH]cnc12)c1ccc2c(c1)S(=O)(=O)CCC2,'=',1273.0,nM,5.89,0.994,1.276,1.134,1.429,100.0,,371.47,2.88,0,Replicase polyprotein 1ab
CHEMBL5441731,O=C(O)CC(NC(=O)c1ncnc2[nH]ccc12)c1ccc(NC2C[C@H]3CC(CO)C[C@@H]23)cc1,'>',99500.0,nM,,0.869,1.388,,,100.0,Falls Outside The Dose Series,449.51,2.72,0,Replicase polyprotein 1ab
CHEMBL5442032,Cc1ncc(CNC(=O)c2cc3c(N[C@@H](c4ccc5c(c4)OCCO5)C(C)C)ncnc3[nH]2)o1,'=',623.0,nM,6.21,0.993,1.234,0.548,0.708,100.0,,462.51,3.76,0,Replicase polyprotein 1ab
CHEMBL5441891,CC(C)[C@@H](Nc1ncnc2[nH]ccc12)c1ccc2c(c1)S(=O)(=O)N(C)CC2,'=',17018.0,nM,4.77,0.982,1.202,14.43,20.08,100.0,,385.49,2.94,0,Replicase polyprotein 1ab
CHEMBL5441601,Cc1[nH]c2ncnc(NC(=O)c3ncn(-c4ccccc4)n3)c2c1C,'>',99500.0,nM,,0.55,1.418,,,100.0,Falls Outside The Dose Series,333.36,2.41,0,Replicase polyprotein 1ab
CHEMBL5441843,O=C(Nc1ccc(C(=O)NCc2c(C(=O)O)[nH]c3ccccc23)cc1)NC1CC1,'=',13647.0,nM,4.87,0.985,1.269,11.58,16.08,100.0,,392.42,3.08,0,Replicase polyprotein 1ab
CHEMBL5441699,O=C(Nc1ccccc1)Nc1ccc(C(=O)NC2c3cccc(O)c3CC2C(=O)O)cc1,'=',535.0,nM,6.27,0.994,1.394,0.478,0.599,100.0,,431.45,3.76,0,Replicase polyprotein 1ab
CHEMBL5441798,O=C(O)C[C@H](NC(=O)c1ncnc2[nH]ccc12)c1ccc(Br)cc1,'=',3430.0,nM,5.46,0.993,0.998,3.036,3.874,100.0,,389.21,2.67,0,Replicase polyprotein 1ab
CHEMBL5441579,O=C(O)[C@@H]1C[C@@H]2OCC[C@@H]2N1c1ncnc2[nH]ccc12,'>',99500.0,nM,,0.523,1.393,,,100.0,Falls Outside The Dose Series,274.28,0.78,0,Replicase polyprotein 1ab
CHEMBL5441838,CCNC(=O)c1cc2c(N[C@@H](c3ccc4c(c3)S(=O)(=O)CCC4)C3CC3)ncnc2[nH]1,'=',395.0,nM,6.4,0.989,1.358,0.339,0.461,100.0,,439.54,2.99,0,Replicase polyprotein 1ab
CHEMBL5441433,CC(C)[C@@H](Nc1ncnc2[nH]c(-c3cnn(CC(=O)N(C)C)c3)cc12)c1ccc2c(c1)S(=O)(=O)CCC2,'=',29.0,nM,7.54,0.998,1.782,0.028,0.03,100.0,,521.65,3.44,1,Replicase polyprotein 1ab
CHEMBL5441395,Cc1nn(C)cc1-c1cc2c(N[C@H](c3ccc4c(c3)S(=O)(=O)CCC4)C(C)C)ncnc2[nH]1,'=',12.0,nM,7.92,0.723,2.337,0.007,0.019,100.0,,464.6,4.2,0,Replicase polyprotein 1ab
CHEMBL5441388,CCNC(=O)c1cc2c(N[C@@H](c3ccc4c(c3)S(=O)(=O)CCO4)C(C)C)ncnc2[nH]1,'=',33.0,nM,7.48,0.999,1.499,0.032,0.034,100.0,,443.53,2.68,0,Replicase polyprotein 1ab
CHEMBL5441420,CC(C)[C@@H](Nc1ncnc2[nH]c(-c3cnn(C)c3)cc12)c1ccc2c(c1)S(=O)(=O)CCC2,'=',35.0,nM,7.46,0.976,1.34,0.029,0.041,100.0,,450.57,3.89,0,Replicase polyprotein 1ab
CHEMBL5441420,CC(C)[C@@H](Nc1ncnc2[nH]c(-c3cnn(C)c3)cc12)c1ccc2c(c1)S(=O)(=O)CCC2,'=',15.0,nM,7.82,0.56,2.501,0.008,0.027,100.0,,450.57,3.89,0,Replicase polyprotein 1ab
CHEMBL5441387,CC(C)[C@@H](Nc1ncnc2[nH]c(C(=O)N[C@H]3CCN(C)C3)cc12)c1ccc2c(c1)S(=O)(=O)CCC2,'=',107.0,nM,6.97,0.996,1.259,0.098,0.117,100.0,,496.64,2.92,0,Replicase polyprotein 1ab
CHEMBL5442155,CC(C)[C@H](Nc1ncnc2[nH]c(-c3cnn(CC(N)=O)c3)cc12)c1ccc2c(c1)NC(=O)CO2,'>',99500.0,nM,,,,,,,Falls Outside The Dose Series,460.5,2.45,0,Replicase polyprotein 1ab
CHEMBL5441696,CC(C)[C@@H](Nc1ncnc2[nH]c(-c3cncnc3)cc12)c1ccc2c(c1)S(=O)(=O)CCC2,'=',308.0,nM,6.51,0.998,1.289,0.286,0.332,100.0,,448.55,3.94,0,Replicase polyprotein 1ab
CHEMBL5441894,O=C(c1nnn[nH]1)N1CCC(c2ccn3ncc(C(=O)N4CCCCC4)c3c2)CC1,'=',28285.0,nM,4.55,0.971,1.182,23.64,33.85,100.0,,408.47,1.49,0,Replicase polyprotein 1ab
CHEMBL5441493,O=C(O)c1cnc(C(=O)N2CCC(c3ccn4ncc(C(=O)N5CCCCC5)c4c3)CC2)cn1,'>',99500.0,nM,,0.899,1.657,,,100.0,Falls Outside The Dose Series,462.51,2.47,0,Replicase polyprotein 1ab
CHEMBL5441527,CC(C)[C@@H](Nc1ncnc2[nH]ccc12)c1nc2ccccc2[nH]1,'=',96596.0,nM,4.01,0.922,1.006,72.22,129.2,100.0,,306.37,3.64,0,Replicase polyprotein 1ab
CHEMBL5441688,C[C@@H](Cc1ccc(Cl)s1)Nc1ccc([C@@H](CC(=O)O)NC(=O)c2ncnc3[nH]ccc23)cc1,'=',46460.0,nM,4.33,0.958,1.705,39.42,54.75,100.0,,483.98,4.66,0,Replicase polyprotein 1ab
CHEMBL5442162,C[C@H]1C[C@H]1c1nnc(Nc2ccc([C@@H](CC(=O)O)NC(=O)c3c[nH]c4ncncc34)cc2)o1,'=',85214.0,nM,4.07,0.954,1.187,71.29,101.85,100.0,,447.46,3.15,0,Replicase polyprotein 1ab
CHEMBL5441691,O=S(=O)(Cc1ccc(F)cc1)Nc1cnc2[nH]ccc2c1,'>',99500.0,nM,,,,,,,Falls Outside The Dose Series,305.33,2.64,0,Replicase polyprotein 1ab
CHEMBL5441906,Cc1ccc(C(=O)N2CCC(c3ccn4ncc(C(=O)N[C@@H]5CCC[C@@H]5C(=O)O)c4c3)CC2)cc1,'=',20662.0,nM,4.68,0.976,1.455,17.4,24.53,100.0,,474.56,3.65,0,Replicase polyprotein 1ab
CHEMBL5441861,O=C(O)C[C@@H](NC(=O)c1ncnc2[nH]ccc12)c1ccncc1,'=',33219.0,nM,4.48,0.987,1.074,29.63,37.24,100.0,,311.3,1.3,0,Replicase polyprotein 1ab
CHEMBL5441853,Cc1[nH]c2ncnc(NC(=O)c3cnc(Cl)cn3)c2c1C,'>',99500.0,nM,,0.191,1.08,,,100.0,Falls Outside The Dose Series,302.73,2.27,0,Replicase polyprotein 1ab
CHEMBL5441853,Cc1[nH]c2ncnc(NC(=O)c3cnc(Cl)cn3)c2c1C,'>',99500.0,nM,,,,,,,Falls Outside The Dose Series,302.73,2.27,0,Replicase polyprotein 1ab
CHEMBL5442129,Cc1[nH]c2ncnc(NC(=O)c3cc(Cl)ccn3)c2c1C,'>',99500.0,nM,,0.012,1.097,,,100.0,Falls Outside The Dose Series,301.74,2.88,0,Replicase polyprotein 1ab
CHEMBL5441800,COc1cc(Nc2ccc([C@@H](CC(=O)O)NC(=O)c3ncnc4[nH]ccc34)cc2)n[nH]1,'=',7266.0,nM,5.14,0.984,1.153,6.014,8.78,100.0,,421.42,2.38,0,Replicase polyprotein 1ab
CHEMBL5441678,Cc1ncc(C(=O)Nc2ncnc3[nH]c(C)c(C)c23)cn1,'>',99500.0,nM,,0.245,0.531,,,100.0,Falls Outside The Dose Series,282.31,1.93,0,Replicase polyprotein 1ab
CHEMBL5442079,O=C(Nc1ccc2c(C(=O)N[C@@H]3c4ccccc4C[C@@H]3C(=O)O)cnn2c1)NC1CC1,'=',49305.0,nM,4.31,0.96,0.952,40.09,60.63,100.0,,419.44,2.35,0,Replicase polyprotein 1ab
CHEMBL5441811,CS(=O)(=O)Nc1ccc([C@@H](CC(=O)O)NC(=O)c2ncnc3[nH]ccc23)cc1,'=',12088.0,nM,4.92,0.986,1.297,10.4,14.05,100.0,,403.42,1.28,0,Replicase polyprotein 1ab
CHEMBL5442123,NC(=O)[C@@H](NC(=O)c1ncnc2[nH]ccc12)c1ccc(Br)cc1,'>',99500.0,nM,,,,,,,Falls Outside The Dose Series,374.2,1.68,0,Replicase polyprotein 1ab
CHEMBL5441721,O=C(Nc1ccc(C(=O)Nc2c(C(=O)O)oc3cc(Br)ccc23)cc1)NC1CC1,'>',99500.0,nM,,,,,,,Falls Outside The Dose Series,458.27,4.43,0,Replicase polyprotein 1ab
CHEMBL5441901,O=C(O)C[C@H](NC(=O)c1ccc(NC(=O)NC2CC2)cc1)c1cccnc1,'=',58401.0,nM,4.23,0.84,1.439,41.12,82.96,100.0,,368.39,2.31,0,Replicase polyprotein 1ab
CHEMBL5441561,C[C@@H](Nc1ncnc2[nH]ccc12)[C@@H]1CCOC1,'>',99500.0,nM,,0.813,1.308,,,100.0,Falls Outside The Dose Series,232.29,1.79,0,Replicase polyprotein 1ab
CHEMBL5442060,COc1cccc([C@@H](Nc2ncnc3[nH]ccc23)C(C)C)c1,'=',39932.0,nM,4.4,0.751,0.938,21.6,73.83,100.0,,296.37,3.78,0,Replicase polyprotein 1ab
CHEMBL5441528,C[C@@H](C(=O)O)[C@@H](NC(=O)c1ncnc2[nH]ccc12)c1ccc(Br)cc1,'=',808.0,nM,6.09,0.963,1.769,0.627,1.04,100.0,,403.24,2.91,0,Replicase polyprotein 1ab
CHEMBL5441801,CNS(=O)(=O)c1c[nH]c2ncnc(N[C@@H](c3ccc4c(c3)OCCO4)C(C)C)c12,'=',2598.0,nM,5.58,0.996,1.171,2.357,2.864,100.0,,417.49,2.45,0,Replicase polyprotein 1ab
CHEMBL5441432,CC(C)[C@@H](Nc1ncnc2[nH]c(-c3cnn(CC(=O)N(C)C)c3)cc12)c1ccc2c(c1)OCCO2,'=',315.0,nM,6.5,0.986,1.611,0.268,0.371,100.0,,475.55,3.49,0,Replicase polyprotein 1ab
CHEMBL5442119,CC(C)[C@@H](Nc1ncnc2[nH]c(C3=CCOC3)cc12)c1ccc2c(c1)OCCO2,'=',421.0,nM,6.38,0.987,1.265,0.357,0.495,100.0,,392.46,3.95,0,Replicase polyprotein 1ab
CHEMBL5441833,c1nc(N2CCC[C@@H]2c2ccc3c(c2)OCCO3)c2cc[nH]c2n1,'>',99500.0,nM,,0.634,1.253,,,100.0,Falls Outside The Dose Series,322.37,3.07,0,Replicase polyprotein 1ab
CHEMBL5441645,CC(C)[C@@H](Nc1ncnc2[nH]ccc12)c1cnn(C)c1,'=',3174.0,nM,5.5,0.992,1.156,2.769,3.638,100.0,,270.34,2.5,0,Replicase polyprotein 1ab
CHEMBL5442149,c1nc(N[C@@H](c2ccc3c(c2)OCCO3)C2CCCC2)c2cc[nH]c2n1,'=',2253.0,nM,5.65,0.987,0.976,1.883,2.696,100.0,,350.42,4.07,0,Replicase polyprotein 1ab
CHEMBL5441815,CC(C)[C@@H](Nc1ncnc2[nH]ccc12)c1cc2c(cn1)OCCO2,'=',5822.0,nM,5.24,0.998,1.1,5.387,6.291,100.0,,325.37,2.93,0,Replicase polyprotein 1ab
CHEMBL5441655,O=C(O)[C@@H](CC(F)F)Nc1ncnc2[nH]ccc12,'=',80690.0,nM,4.09,0.954,1.438,69.15,94.15,100.0,,256.21,1.48,0,Replicase polyprotein 1ab
CHEMBL5441729,O=C(Nc1ccc(C(=O)N[C@@H]2c3ccccc3C[C@@H]2C(=O)O)cc1)c1ccc2c(c1)OCCO2,'>',99500.0,nM,,,,,,,Falls Outside The Dose Series,458.47,3.44,0,Replicase polyprotein 1ab
CHEMBL5441399,CCNC(=O)c1cc2c(N[C@@H](c3ccc4c(c3)OCCO4)C(C)C)ncnc2[nH]1,'=',287.0,nM,6.54,0.996,1.146,0.26,0.316,100.0,,395.46,3.29,0,Replicase polyprotein 1ab
CHEMBL5441859,CC(C)[C@H](Nc1ncnc2c1OCCO2)c1ccc2c(c1)S(=O)(=O)CCC2,'=',38426.0,nM,4.42,0.975,1.141,32.95,44.81,100.0,,389.48,2.78,0,Replicase polyprotein 1ab
CHEMBL5441902,CCNC(=O)c1cc2c(N[C@H](c3ccc4c(c3)NS(=O)(=O)CO4)C(C)C)ncnc2[nH]1,'=',37.0,nM,7.43,0.993,1.984,0.034,0.04,100.0,,444.52,2.61,0,Replicase polyprotein 1ab
CHEMBL5441888,CC(C)[C@@H](Nc1ncnc2c1CCO2)c1ccc2c(c1)S(=O)(=O)CCC2,'=',62908.0,nM,4.2,0.97,1.187,54.28,72.9,100.0,,373.48,2.94,0,Replicase polyprotein 1ab
CHEMBL5442062,CC(C)[C@H](Nc1ncnc2c1CCO2)c1ccc2c(c1)S(=O)(=O)CCC2,'>',99500.0,nM,,,,,,,Falls Outside The Dose Series,373.48,2.94,0,Replicase polyprotein 1ab
CHEMBL5441969,CNc1ncnc(N[C@H](c2ccc3c(c2)S(=O)(=O)CCC3)C(C)C)c1Cl,'>',99500.0,nM,,,,,,,Falls Outside The Dose Series,394.93,3.7,0,Replicase polyprotein 1ab
CHEMBL5441461,CC(C)[C@@H](Nc1cc(-n2ccnn2)ncn1)c1ccc2c(c1)S(=O)(=O)CCC2,'>',99500.0,nM,,,,,,,Falls Outside The Dose Series,398.49,2.59,0,Replicase polyprotein 1ab
CHEMBL5442058,CC(C)[C@H](Nc1cc(-n2nccn2)ncn1)c1ccc2c(c1)S(=O)(=O)CCC2,'>',99500.0,nM,,0.931,1.198,,,100.0,Falls Outside The Dose Series,398.49,2.59,0,Replicase polyprotein 1ab
CHEMBL5441408,C[C@H](C(=O)O)[C@@H](NC(=O)c1ncnc2[nH]ccc12)c1ccc(Br)cc1,'=',622.0,nM,6.21,0.992,1.004,0.538,0.719,100.0,,403.24,2.91,0,Replicase polyprotein 1ab
CHEMBL5441389,Cc1nn(C)cc1-c1cc2c(N[C@@H](c3ccc4c(c3)S(=O)(=O)CCC4)C(C)C)ncnc2[nH]1,'=',10833.0,nM,4.96,0.983,1.625,9.215,12.74,100.0,,464.6,4.2,0,Replicase polyprotein 1ab
CHEMBL5441386,CC(C)[C@@H](Nc1ncnc2[nH]ccc12)c1ccc2c(c1)S(=O)(=O)CCC2,'=',22793.0,nM,4.64,0.963,1.44,18.63,27.88,100.0,,370.48,3.49,0,Replicase polyprotein 1ab
CHEMBL5441391,Cn1ncc(-c2cc3c(N[C@@H](c4ccc5c(n4)OCCO5)C(C)(C)C)ncnc3[nH]2)c1C#N,'=',20.0,nM,7.7,0.822,2.114,0.013,0.032,100.0,,444.5,3.6,0,Replicase polyprotein 1ab
CHEMBL5441431,CNC(=O)c1cccc(-c2cc3c(N[C@H](c4ccc5c(c4)S(=O)(=O)CCC5)C(C)C)ncnc3[nH]2)c1,'=',27.0,nM,7.57,0.994,2.134,0.025,0.028,100.0,,503.63,4.51,1,Replicase polyprotein 1ab
CHEMBL5441726,CNS(=O)(=O)c1cc2c(N[C@@H](c3ccc4c(c3)S(=O)(=O)CCC4)C(C)C)ncnc2[nH]1,'=',1166.0,nM,5.93,0.972,0.999,0.892,1.525,100.0,,463.59,2.4,0,Replicase polyprotein 1ab
CHEMBL5441871,CC(C)[C@@H](Nc1ncnc2[nH]c(-c3ccc(=O)n(C)c3)cc12)c1ccc2c(c1)S(=O)(=O)CCC2,'=',78.0,nM,7.11,0.977,1.895,0.066,0.093,100.0,,477.59,3.85,0,Replicase polyprotein 1ab
CHEMBL5441716,CC(C)[C@@H](Nc1ncnc2[nH]c(-c3cnc(N4CC(O)C4)nc3)cc12)c1ccc2c(c1)S(=O)(=O)CCC2,'=',116.0,nM,6.94,0.939,1.481,0.08,0.169,100.0,,519.63,3.12,1,Replicase polyprotein 1ab
CHEMBL5441699,O=C(Nc1ccccc1)Nc1ccc(C(=O)NC2c3cccc(O)c3CC2C(=O)O)cc1,'=',632.0,nM,6.2,0.997,1.355,0.586,0.682,100.0,,431.45,3.76,0,Replicase polyprotein 1ab
CHEMBL5441699,O=C(Nc1ccccc1)Nc1ccc(C(=O)NC2c3cccc(O)c3CC2C(=O)O)cc1,'=',498.0,nM,6.3,0.995,1.265,0.448,0.554,100.0,,431.45,3.76,0,Replicase polyprotein 1ab
CHEMBL5441558,Cc1[nH]c2ncnc(NCc3ccco3)c2c1C,'>',99500.0,nM,,0.914,1.113,,,100.0,Falls Outside The Dose Series,242.28,2.78,0,Replicase polyprotein 1ab
CHEMBL5442016,Cc1n[nH]nc1C(=O)N1CCC(c2ccn3ncc(C(=O)N4CCCCC4)c3c2)CC1,'>',99500.0,nM,,0.934,1.114,,,100.0,Falls Outside The Dose Series,421.51,2.41,0,Replicase polyprotein 1ab
CHEMBL5442073,CC(C)c1c[nH]nc1NC(=O)c1ccc(NC(=O)Nc2ccccc2)cc1,'>',99500.0,nM,,0.115,3.614,,,100.0,Falls Outside The Dose Series,363.42,4.43,0,Replicase polyprotein 1ab
CHEMBL5441441,CC(C)[C@@H](Nc1ncnc2[nH]c(-c3cnn(CC(N)=O)c3)cc12)c1ccc2c(c1)OCCO2,'=',361.0,nM,6.44,0.983,1.28,0.296,0.44,100.0,,447.5,2.89,0,Replicase polyprotein 1ab
CHEMBL5441396,CC(C)[C@@H](Nc1ncnc2[nH]c(C(=O)N[C@@H]3CCN(C)C3)cc12)c1ccc2c(c1)S(=O)(=O)CCC2,'=',65.0,nM,7.19,0.999,1.307,0.063,0.067,100.0,,496.64,2.92,0,Replicase polyprotein 1ab
CHEMBL5441674,CNC(=N)C[C@@H](NC(=O)c1ncnc2[nH]ccc12)c1ccc(Br)cc1,'>',99500.0,nM,,,,,,,Falls Outside The Dose Series,401.27,2.78,0,Replicase polyprotein 1ab
CHEMBL5441842,CNc1cccc([C@@H](CC(=O)O)NC(=O)c2ncnc3[nH]ccc23)c1,'=',66287.0,nM,4.18,0.814,1.064,42.14,104.27,100.0,,339.36,1.95,0,Replicase polyprotein 1ab
CHEMBL5441960,CC(C)[C@H](Nc1ncnc2[nH]c(-c3cnn(CC(=O)N(C)C)c3)cc12)c1ccc2c(c1)S(=O)(=O)CCC2,'=',4255.0,nM,5.37,0.993,1.427,3.789,4.78,100.0,,521.65,3.44,1,Replicase polyprotein 1ab
CHEMBL5441433,CC(C)[C@@H](Nc1ncnc2[nH]c(-c3cnn(CC(=O)N(C)C)c3)cc12)c1ccc2c(c1)S(=O)(=O)CCC2,'=',33.0,nM,7.48,0.982,1.601,0.029,0.038,100.0,,521.65,3.44,1,Replicase polyprotein 1ab
CHEMBL5441879,CC(C)[C@H](Nc1ncnc(N)c1Cl)c1ccc2c(c1)S(=O)(=O)CCC2,'=',2937.0,nM,5.53,0.989,1.134,2.495,3.456,100.0,,380.9,3.24,0,Replicase polyprotein 1ab
CHEMBL5442008,CC(C)[C@@H](Nc1ncnc2[nH]c(-c3ccn4cnnc4c3)cc12)c1ccc2c(c1)S(=O)(=O)CCC2,'=',73.0,nM,7.14,0.98,1.419,0.061,0.086,100.0,,487.59,4.2,0,Replicase polyprotein 1ab
CHEMBL5441761,CC(C)[C@H](Nc1ncnc2[nH]c(-c3cnn(CC(N)=O)c3)cc12)c1ccc2c(n1)OCCO2,'=',11620.0,nM,4.93,0.985,1.099,9.878,13.67,100.0,,448.49,2.28,0,Replicase polyprotein 1ab
CHEMBL5442146,CCNC(=O)c1cc2c(N[C@H](c3ccc4c(c3)S(=O)(=O)CCC4)C(C)C)ncnc2[nH]1,'=',1276.0,nM,5.89,0.986,1.367,1.077,1.511,100.0,,441.56,3.24,0,Replicase polyprotein 1ab
CHEMBL5441413,CNC(=O)Cn1cc(-c2cc3c(N[C@@H](c4ccc5c(c4)S(=O)(=O)CCC5)C(C)C)ncnc3[nH]2)cn1,'=',10.0,nM,8.0,0.465,1.995,0.005,0.021,100.0,,507.62,3.1,1,Replicase polyprotein 1ab
CHEMBL5441829,CC(C)[C@@H](Nc1ncnc2[nH]c(-c3ccc(S(C)(=O)=O)nc3)cc12)c1ccc2c(c1)S(=O)(=O)CCC2,'=',54.0,nM,7.27,0.929,1.397,0.04,0.073,100.0,,525.66,3.95,1,Replicase polyprotein 1ab
CHEMBL5441399,CCNC(=O)c1cc2c(N[C@@H](c3ccc4c(c3)OCCO4)C(C)C)ncnc2[nH]1,'=',305.0,nM,6.52,0.996,1.332,0.278,0.336,100.0,,395.46,3.29,0,Replicase polyprotein 1ab
CHEMBL5441441,CC(C)[C@@H](Nc1ncnc2[nH]c(-c3cnn(CC(N)=O)c3)cc12)c1ccc2c(c1)OCCO2,'=',258.0,nM,6.59,0.996,1.163,0.234,0.285,100.0,,447.5,2.89,0,Replicase polyprotein 1ab
CHEMBL5441987,CC(C)[C@@H](Nc1ncnc2[nH]c(-c3cnc4c(c3)nnn4C)cc12)c1ccc2c(c1)S(=O)(=O)CCC2,'=',241.0,nM,6.62,0.996,1.189,0.219,0.265,100.0,,502.6,3.83,1,Replicase polyprotein 1ab
CHEMBL5441860,Cc1n[nH]c(C)c1-c1cc2c(N[C@@H](c3ccc4c(c3)S(=O)(=O)CCC4)C(C)C)ncnc2[nH]1,'=',456.0,nM,6.34,0.98,0.91,0.363,0.572,100.0,,464.6,4.49,0,Replicase polyprotein 1ab
CHEMBL5441813,CC(C)[C@@H](Nc1ncnc2[nH]c(-c3cnc4n3CCC4)cc12)c1ccc2c(c1)S(=O)(=O)CCC2,'=',46.0,nM,7.34,0.996,1.905,0.043,0.05,100.0,,476.61,4.3,0,Replicase polyprotein 1ab
CHEMBL5441473,CC(C)[C@@H](Nc1ncnc2[nH]c(-c3ccc(S(=O)(=O)NCCO)cc3)cc12)c1ccc2c(c1)S(=O)(=O)CCC2,'=',90.0,nM,7.05,0.994,1.592,0.082,0.099,100.0,,569.71,3.42,1,Replicase polyprotein 1ab
CHEMBL5441485,Cc1ccc(C(=O)Nc2ncnc3[nH]c(C)c(C)c23)cn1,'>',99500.0,nM,,0.2,0.651,,,100.0,Falls Outside The Dose Series,281.32,2.53,0,Replicase polyprotein 1ab
CHEMBL5442143,O=C(O)C[C@@H](NC(=O)c1cnc2[nH]ccc2c1)c1ccc(Br)cc1,'>',99500.0,nM,,0.809,1.495,,,100.0,Falls Outside The Dose Series,388.22,3.27,0,Replicase polyprotein 1ab
CHEMBL5441867,Cc1[nH]c2ncnc(NC(=O)[C@@H](CC(F)F)C3CCC3)c2c1C,'=',8187.0,nM,5.09,0.986,1.268,6.966,9.622,100.0,,322.36,3.58,0,Replicase polyprotein 1ab
CHEMBL5442104,O=C(O)C[C@@H](NC(=O)c1ccc(NC(=O)NC2CC2)cc1)c1cccc(F)c1,'=',32468.0,nM,4.49,0.933,1.273,24.83,42.46,100.0,,385.4,3.06,0,Replicase polyprotein 1ab
CHEMBL5441833,c1nc(N2CCC[C@@H]2c2ccc3c(c2)OCCO3)c2cc[nH]c2n1,'>',99500.0,nM,,0.428,4.098,,,100.0,Falls Outside The Dose Series,322.37,3.07,0,Replicase polyprotein 1ab
CHEMBL5441655,O=C(O)[C@@H](CC(F)F)Nc1ncnc2[nH]ccc12,'=',94364.0,nM,4.03,0.965,1.303,81.83,108.81,100.0,,256.21,1.48,0,Replicase polyprotein 1ab
CHEMBL5441751,COC(=O)c1cc2c(N[C@@H](c3ccc4c(c3)OCCO4)C(C)C)ncnc2[nH]1,'=',6501.0,nM,5.19,0.94,1.532,4.661,9.069,100.0,,382.42,3.32,0,Replicase polyprotein 1ab
CHEMBL5441555,CC(C)[C@@H](Nc1ncnc2[nH]c(-c3cnoc3)cc12)c1ccc2c(c1)OCCO2,'=',29899.0,nM,4.52,0.961,0.984,24.42,36.6,100.0,,391.43,4.19,0,Replicase polyprotein 1ab
CHEMBL5441386,CC(C)[C@@H](Nc1ncnc2[nH]ccc12)c1ccc2c(c1)S(=O)(=O)CCC2,'=',133.0,nM,6.88,0.998,1.286,0.125,0.142,100.0,,370.48,3.49,0,Replicase polyprotein 1ab
CHEMBL5441818,Cc1nnc(Nc2ccc(C(=O)N[C@@H]3c4cccc(O)c4C[C@@H]3C(=O)O)cc2)o1,'=',7157.0,nM,5.14,0.985,1.442,6.025,8.502,100.0,,394.39,2.56,0,Replicase polyprotein 1ab
CHEMBL5441803,COc1ccc([C@@H](Cc2nn[nH]n2)NC(=O)c2nc(OC)nc3[nH]ccc23)cc1,'=',4555.0,nM,5.34,0.981,1.563,3.731,5.561,100.0,,394.4,1.2,0,Replicase polyprotein 1ab
CHEMBL5441392,CNC(=O)c1cc2c(N[C@@H](c3ccc4c(c3)OCCO4)C(C)C)ncnc2[nH]1,'=',450.0,nM,6.35,0.991,1.065,0.387,0.525,100.0,,381.44,2.9,0,Replicase polyprotein 1ab
CHEMBL5441392,CNC(=O)c1cc2c(N[C@@H](c3ccc4c(c3)OCCO4)C(C)C)ncnc2[nH]1,'=',366.0,nM,6.44,0.997,1.221,0.335,0.4,100.0,,381.44,2.9,0,Replicase polyprotein 1ab
CHEMBL5441863,CC(C)[C@@H](Nc1ncnc2[nH]ccc12)c1ccc2c(c1)CCNC2=O,'=',15261.0,nM,4.82,0.989,1.239,13.38,17.41,100.0,,335.41,3.05,0,Replicase polyprotein 1ab
CHEMBL5442116,CC(C)[C@@H](Nc1ncnc2[nH]cc(Br)c12)c1ccc2c(c1)OCCO2,'=',11792.0,nM,4.93,0.99,1.228,10.32,13.47,100.0,,403.28,4.3,0,Replicase polyprotein 1ab
CHEMBL5441632,CO[C@H]1C[C@@H](C(=O)O)N(c2ncnc3[nH]ccc23)C1,'=',83634.0,nM,4.08,0.862,1.252,61.28,114.15,100.0,,262.27,0.64,0,Replicase polyprotein 1ab
CHEMBL5441549,CNC(=O)c1c[nH]c2ncnc(N[C@@H](c3ccc4c(c3)OCCO4)C(C)C)c12,'=',692.0,nM,6.16,0.903,1.221,0.402,1.19,100.0,,381.44,2.9,0,Replicase polyprotein 1ab
CHEMBL5441708,CC(C)[C@@H](Nc1ncnc2[nH]cc(C(=O)N(C)C)c12)c1ccc2c(c1)OCCO2,'=',1953.0,nM,5.71,0.994,1.233,1.731,2.204,100.0,,395.46,3.24,0,Replicase polyprotein 1ab
CHEMBL5442047,CC(C)[C@@H](Nc1ncnc2[nH]cc(S(N)(=O)=O)c12)c1ccc2c(c1)OCCO2,'=',3428.0,nM,5.46,0.994,1.197,3.058,3.843,100.0,,403.46,2.19,0,Replicase polyprotein 1ab
CHEMBL5442047,CC(C)[C@@H](Nc1ncnc2[nH]cc(S(N)(=O)=O)c12)c1ccc2c(c1)OCCO2,'=',3072.0,nM,5.51,0.887,1.317,1.749,5.397,100.0,,403.46,2.19,0,Replicase polyprotein 1ab
CHEMBL5441414,CC(C)[C@@H](Nc1ncnc2[nH]c(-c3cnn(C)c3C#N)cc12)c1ccc2c(n1)OCCO2,'=',68.0,nM,7.17,0.99,1.17,0.06,0.078,100.0,,430.47,3.21,0,Replicase polyprotein 1ab
CHEMBL5441414,CC(C)[C@@H](Nc1ncnc2[nH]c(-c3cnn(C)c3C#N)cc12)c1ccc2c(n1)OCCO2,'=',74.0,nM,7.13,0.996,1.243,0.068,0.081,100.0,,430.47,3.21,0,Replicase polyprotein 1ab
CHEMBL5441852,COc1ccc(C(=O)Nc2ccc(C(=O)N[C@@H]3c4ccccc4C[C@@H]3C(=O)O)cc2)cc1S(=O)(=O)NCCN1CCCC1,'>',99500.0,nM,,,,,,,Falls Outside The Dose Series,606.7,3.05,1,Replicase polyprotein 1ab
CHEMBL5442112,COc1ccc([C@@H](CC(=O)O)NC(=O)c2c[nH]c3c(NC(=O)NC4CC4)cccc23)cc1,'>',99500.0,nM,,0.922,0.951,,,100.0,Falls Outside The Dose Series,436.47,3.41,0,Replicase polyprotein 1ab
CHEMBL5441972,CC(C)[C@@H](Nc1ncnc2[nH]c(-c3cnc(C#N)nc3)cc12)c1ccc2c(c1)OCCO2,'=',2524.0,nM,5.6,0.964,0.879,1.857,3.43,100.0,,427.47,3.87,0,Replicase polyprotein 1ab
CHEMBL5442144,CC(C)[C@@H](Nc1ncnc2[nH]c(-c3ccnn3C(C)C)cc12)c1ccc2c(c1)OCCO2,'=',3018.0,nM,5.52,0.996,1.274,2.735,3.33,100.0,,432.53,4.98,0,Replicase polyprotein 1ab
CHEMBL5441819,CC(C)[C@@H](Nc1ncnc(N)c1Cl)c1ccc2c(c1)S(=O)(=O)CCC2,'=',1597.0,nM,5.8,0.985,1.194,1.315,1.939,100.0,,380.9,3.24,0,Replicase polyprotein 1ab
CHEMBL5441401,CNCc1cc(-c2cc3c(N[C@@H](c4ccc5c(c4)S(=O)(=O)CCC5)C(C)C)ncnc3[nH]2)co1,'=',41.0,nM,7.39,0.992,1.638,0.038,0.045,100.0,,479.61,4.47,0,Replicase polyprotein 1ab
CHEMBL5441642,CCNC(=O)c1cc2c(N[C@@H](c3cccc(-c4ccc(OC)nc4)c3)C(C)C)ncnc2[nH]1,'=',17698.0,nM,4.75,0.981,0.911,14.86,21.08,100.0,,444.54,4.59,0,Replicase polyprotein 1ab
CHEMBL5441993,Cn1ncc(-c2cc3c(N[C@H](c4ccc5c(n4)OCCO5)C(C)(C)C)ncnc3[nH]2)c1C#N,'=',3077.0,nM,5.51,0.963,1.504,2.267,4.177,100.0,,444.5,3.6,0,Replicase polyprotein 1ab
CHEMBL5441668,Cc1cc2c(C(=O)N[C@@H](CC(=O)O)c3ccc(Br)cc3)cccc2[nH]1,'>',99500.0,nM,,0.382,1.07,,,100.0,Falls Outside The Dose Series,401.26,4.18,0,Replicase polyprotein 1ab
CHEMBL5441970,Cc1nc2c(C(=O)N[C@@H](CC(=O)O)c3ccc(Br)cc3)ccnc2[nH]1,'=',20566.0,nM,4.69,0.99,1.219,18.32,23.08,100.0,,403.24,2.97,0,Replicase polyprotein 1ab
CHEMBL5441743,O=C(O)C[C@@H](NC(=O)Cc1c[nH]c2ncccc12)c1ccc(Br)cc1,'>',99500.0,nM,,0.773,1.366,,,100.0,Falls Outside The Dose Series,402.25,3.2,0,Replicase polyprotein 1ab
CHEMBL5441393,CNC(=O)c1cccc(-c2cc3c(N[C@@H](c4ccc5c(c4)S(=O)(=O)CCC5)C(C)C)ncnc3[nH]2)c1,'=',6735.0,nM,5.17,0.978,1.278,5.502,8.246,100.0,,503.63,4.51,1,Replicase polyprotein 1ab
CHEMBL5441390,CCNC(=O)c1cc2c(N[C@@H](c3ccc4c(c3)S(=O)(=O)CCC4)C(C)C)ncnc2[nH]1,'=',19.0,nM,7.72,0.989,1.204,0.017,0.021,100.0,,441.56,3.24,0,Replicase polyprotein 1ab
CHEMBL5441582,CC(C)[C@@H](Nc1ccnc2[nH]ccc12)c1ccc2c(c1)S(=O)(=O)CCC2,'>',99500.0,nM,,,,,,,Falls Outside The Dose Series,369.49,4.09,0,Replicase polyprotein 1ab
CHEMBL5441712,Cc1cccc(C)c1-n1nnnc1CSc1ncnc2[nH]cnc12,'>',99500.0,nM,,,,,,,Falls Outside The Dose Series,338.4,2.24,0,Replicase polyprotein 1ab
CHEMBL5441611,Brc1ccc(-n2nnnc2Sc2ncnc3[nH]ccc23)cc1,'>',124375.0,nM,,0.818,0.998,,,100.0,Falls Outside The Dose Series,374.23,2.85,0,Replicase polyprotein 1ab
CHEMBL5441834,CC(C)OCCNC(=O)c1cc2c(=O)n3ccccc3nc2n1C,'>',124375.0,nM,,0.049,4.601,,,100.0,Falls Outside The Dose Series,328.37,1.34,0,Replicase polyprotein 1ab
CHEMBL5441660,C[C@@H](CO)Nc1ncnc2[nH]c(C(=O)OC(C)(C)C)cc12,'>',124375.0,nM,,0.593,6.709,,,100.0,Falls Outside The Dose Series,292.34,1.71,0,Replicase polyprotein 1ab
CHEMBL5442118,Cc1[nH]c2ncnc(NC(=O)CCc3ccccc3)c2c1C,'>',99500.0,nM,,0.606,0.5,,,100.0,Falls Outside The Dose Series,294.36,3.15,0,Replicase polyprotein 1ab
CHEMBL5441470,Cc1cccc(Cl)c1-n1sc(=O)n(CC2CC2)c1=O,'=',22960.0,nM,4.64,0.982,1.565,19.83,26.58,100.0,,296.78,2.43,0,Replicase polyprotein 1ab
CHEMBL5442010,Cc1cc(NCc2cnc3c(c2)NC(=O)CO3)cnc1C,'>',124375.0,nM,,,,,,,Falls Outside The Dose Series,284.32,2.04,0,Replicase polyprotein 1ab
CHEMBL5441875,NS(=O)(=O)c1ccccc1CNc1ncnc2[nH]ccc12,'>',124375.0,nM,,0.206,6.105,,,100.0,Falls Outside The Dose Series,303.35,1.22,0,Replicase polyprotein 1ab
CHEMBL5441699,O=C(Nc1ccccc1)Nc1ccc(C(=O)NC2c3cccc(O)c3CC2C(=O)O)cc1,'=',1058.0,nM,5.98,0.997,1.225,0.975,1.148,100.0,,431.45,3.76,0,Replicase polyprotein 1ab
CHEMBL5441897,O=C(c1cnc[nH]1)N1CCC(c2ccn3ncc(C(=O)N4CCCCC4)c3c2)CC1,'>',99500.0,nM,,0.856,1.399,,,100.0,Falls Outside The Dose Series,406.49,2.7,0,Replicase polyprotein 1ab
CHEMBL5441785,O=C(N[C@H]1CCC[C@H]1C(=O)O)c1cnn2ccc(C3CCN(C(=O)c4ccccc4)CC3)cc12,'=',35766.0,nM,4.45,0.982,1.129,31.24,40.94,100.0,,460.53,3.34,0,Replicase polyprotein 1ab
CHEMBL5442102,O=C(c1ccccc1)N1CCC(c2ccn3ncc(C(=O)N4CCCC[C@H](O)C4)c3c2)CC1,'>',99500.0,nM,,,,,,,Falls Outside The Dose Series,446.55,3.34,0,Replicase polyprotein 1ab
CHEMBL5441675,O=C(Nc1cccc2c(C(=O)N[C@H]3c4ccccc4C[C@H]3C(=O)O)c[nH]c12)NC1CC1,'=',6577.0,nM,5.18,0.984,1.252,5.433,7.963,100.0,,418.45,3.18,0,Replicase polyprotein 1ab
CHEMBL5441972,CC(C)[C@@H](Nc1ncnc2[nH]c(-c3cnc(C#N)nc3)cc12)c1ccc2c(c1)OCCO2,'=',2511.0,nM,5.6,0.949,0.81,1.76,3.582,100.0,,427.47,3.87,0,Replicase polyprotein 1ab
CHEMBL5441421,Cc1ncc(-c2cc3c(N[C@@H](c4ccc5c(c4)OCCO5)C(C)C)ncnc3[nH]2)cn1,'=',479.0,nM,6.32,0.993,1.256,0.422,0.544,100.0,,416.49,4.3,0,Replicase polyprotein 1ab
CHEMBL5441886,COc1cc(Nc2ccc(C(=O)N[C@@H]3c4cccc(O)c4C[C@@H]3C(=O)O)cc2)[nH]n1,'>',99500.0,nM,,0.88,1.258,,,100.0,Falls Outside The Dose Series,408.41,2.6,0,Replicase polyprotein 1ab
CHEMBL5441802,CC(C)[C@@H](Nc1ncnc2[nH]c(-c3cncc(C#N)c3)cc12)c1ccc2c(c1)OCCO2,'=',5810.0,nM,5.24,0.892,0.531,3.203,10.54,100.0,,426.48,4.47,0,Replicase polyprotein 1ab
CHEMBL5441802,CC(C)[C@@H](Nc1ncnc2[nH]c(-c3cncc(C#N)c3)cc12)c1ccc2c(c1)OCCO2,'=',7131.0,nM,5.15,0.912,0.506,4.281,11.88,100.0,,426.48,4.47,0,Replicase polyprotein 1ab
CHEMBL5441956,CC(C)[C@@H](Nc1ncnc2[nH]c(-c3ccnc(C#N)c3)cc12)c1ccc2c(c1)OCCO2,'=',2218.0,nM,5.65,0.943,0.846,1.506,3.268,100.0,,426.48,4.47,0,Replicase polyprotein 1ab
CHEMBL5441725,CC(C)[C@@H](Nc1ncnc2[nH]c(-c3cccc(CN4CCS(=O)(=O)CC4)c3)cc12)c1ccc2c(c1)OCCO2,'=',3569.0,nM,5.45,0.963,1.033,2.658,4.793,100.0,,547.68,4.44,1,Replicase polyprotein 1ab
CHEMBL5441924,Cc1ncc(-c2cc3c(N[C@@H](c4ccc5c(c4)OCCO5)C(C)C)ncnc3[nH]2)o1,'=',1155.0,nM,5.94,0.988,0.989,0.968,1.378,100.0,,405.46,4.5,0,Replicase polyprotein 1ab
CHEMBL5442114,CC(C)[C@@H](Nc1ncnc2[nH]c(C(=O)Nc3cn[nH]c3)cc12)c1ccc2c(c1)OCCO2,'=',2569.0,nM,5.59,0.986,1.177,2.168,3.043,100.0,,433.47,3.51,0,Replicase polyprotein 1ab
CHEMBL5441699,O=C(Nc1ccccc1)Nc1ccc(C(=O)NC2c3cccc(O)c3CC2C(=O)O)cc1,'=',447.0,nM,6.35,0.991,1.391,0.391,0.512,100.0,,431.45,3.76,0,Replicase polyprotein 1ab
CHEMBL5442043,CC(C)[C@@H](c1ccc2c(c1)OCCO2)N(C)c1ncnc2[nH]c(Br)cc12,'>',99500.0,nM,,,,,,,Falls Outside The Dose Series,417.31,4.33,0,Replicase polyprotein 1ab
CHEMBL5441984,Cc1ccc([C@@H](Nc2ncnc3[nH]ccc23)C(C)C)cc1S(C)(=O)=O,'=',11278.0,nM,4.95,0.993,1.252,10.13,12.55,100.0,,358.47,3.48,0,Replicase polyprotein 1ab
CHEMBL5441486,CC(C)[C@@H](Nc1ncnc2[nH]c(C(=O)NC3(CF)COC3)cc12)c1ccc2c(c1)OCCO2,'=',1744.0,nM,5.76,0.989,1.357,1.498,2.03,100.0,,455.49,3.01,0,Replicase polyprotein 1ab
CHEMBL5441595,CC(C)[C@@H](Nc1ncnc2[nH]c(C(=O)N[C@H]3[C@@H]4CN(C)C[C@@H]43)cc12)c1ccc2c(c1)OCCO2,'=',1098.0,nM,5.96,0.993,1.271,0.966,1.248,100.0,,462.55,2.83,0,Replicase polyprotein 1ab
CHEMBL5441585,CC(C)[C@@H](Nc1ncnc2[nH]c([C@@]3(O)CCCN(C(=O)OCc4ccccc4)C3)cc12)c1ccc2c(c1)OCCO2,,,,,,,,,,,557.65,5.16,2,Replicase polyprotein 1ab
CHEMBL5441532,CC(C)[C@@H](Nc1ccnc2nccn12)c1ccc2c(c1)S(=O)(=O)CCC2,'>',99500.0,nM,,,,,,,Falls Outside The Dose Series,370.48,3.26,0,Replicase polyprotein 1ab
CHEMBL5441546,CC(C)[C@@H](Nc1ncnc2[nH]c([C@@]3(O)CCCNC3)cc12)c1ccc2c(c1)OCCO2,'=',17844.0,nM,4.75,0.99,1.254,15.83,20.11,100.0,,423.52,3.11,0,Replicase polyprotein 1ab
CHEMBL5441415,CC(C)[C@H](Nc1ncnc2[nH]c(-c3cnn(C)c3C#N)cc12)c1ccc2c(n1)OCCO2,'=',19303.0,nM,4.71,0.982,0.929,16.36,22.77,100.0,,430.47,3.21,0,Replicase polyprotein 1ab
CHEMBL5441755,CC(C)[C@@H](Nc1ncnc2[nH]c(C(=O)NCC3CN(C)C3)cc12)c1ccc2c(c1)OCCO2,'=',866.0,nM,6.06,0.997,1.101,0.791,0.948,100.0,,450.54,2.83,0,Replicase polyprotein 1ab
CHEMBL5441923,COc1ccc([C@@H](NC(=O)c2[nH]cnc3nccc2-3)C(C)c2nnn[nH]2)cc1,'=',19858.0,nM,4.7,0.954,0.896,14.58,27.04,100.0,,378.4,1.71,0,Replicase polyprotein 1ab
CHEMBL5441582,CC(C)[C@@H](Nc1ccnc2[nH]ccc12)c1ccc2c(c1)S(=O)(=O)CCC2,'>',99500.0,nM,,,,,,,Falls Outside The Dose Series,369.49,4.09,0,Replicase polyprotein 1ab
CHEMBL5442004,Cc1nn(C)nc1-c1cc2c(N[C@@H](c3ccc4c(c3)OCCO4)C(C)C)ncnc2[nH]1,'=',34219.0,nM,4.47,0.935,0.837,25.1,46.65,100.0,,419.49,3.64,0,Replicase polyprotein 1ab
CHEMBL5441699,O=C(Nc1ccccc1)Nc1ccc(C(=O)NC2c3cccc(O)c3CC2C(=O)O)cc1,'=',794.0,nM,6.1,0.983,1.301,0.651,0.968,100.0,,431.45,3.76,0,Replicase polyprotein 1ab
CHEMBL5441699,O=C(Nc1ccccc1)Nc1ccc(C(=O)NC2c3cccc(O)c3CC2C(=O)O)cc1,'=',317.0,nM,6.5,0.992,1.141,0.277,0.362,100.0,,431.45,3.76,0,Replicase polyprotein 1ab
CHEMBL5441433,CC(C)[C@@H](Nc1ncnc2[nH]c(-c3cnn(CC(=O)N(C)C)c3)cc12)c1ccc2c(c1)S(=O)(=O)CCC2,'=',55.0,nM,7.26,0.992,1.681,0.05,0.061,100.0,,521.65,3.44,1,Replicase polyprotein 1ab
CHEMBL5441989,CC(C)[C@H](Nc1ncnc2[nH]c(-c3cnn(C)c3C#N)cc12)c1ccc2c(c1)OCCO2,'=',901.0,nM,6.04,0.934,1.756,0.649,1.249,100.0,,429.48,3.81,0,Replicase polyprotein 1ab
CHEMBL5441737,CC(C)[C@@H](Nc1ncnc2[nH]ccc12)c1ccc2c(c1)S(=O)(=O)NCC2,'=',1273.0,nM,5.89,0.985,0.973,1.036,1.565,100.0,,371.47,2.6,0,Replicase polyprotein 1ab
CHEMBL5441633,CCNC(=O)c1cc2c(N[C@@H](C(=O)NC3CCOCC3)C(C)C)ncnc2[nH]1,'>',99500.0,nM,,0.444,1.397,,,100.0,Falls Outside The Dose Series,388.47,1.44,0,Replicase polyprotein 1ab
CHEMBL5441403,CNCc1cc(-c2cc3c(N[C@H](c4ccc5c(c4)S(=O)(=O)CCC5)C(C)C)ncnc3[nH]2)co1,'=',2242.0,nM,5.65,0.995,1.579,2.027,2.479,100.0,,479.61,4.47,0,Replicase polyprotein 1ab
CHEMBL5441419,CC(C)[C@@H](Nc1ncnc2[nH]c(-c3ccc4nnn(C)c4c3)cc12)c1ccc2c(c1)S(=O)(=O)CCC2,'=',100.0,nM,7.0,0.973,1.343,0.081,0.123,100.0,,501.62,4.44,1,Replicase polyprotein 1ab
CHEMBL5483082,CC(C)[C@@H](Nc1ncnc2[nH]ccc12)c1ccc2c(c1)[S+]([O-])CCO2,'=',604.0,nM,6.22,0.995,1.114,0.542,0.674,100.0,,356.45,3.27,0,Replicase polyprotein 1ab
CHEMBL5441489,CC(C)[C@@H](Nc1ncnc2[nH]ccc12)c1ccc2c(n1)OCCO2,'=',989.0,nM,6.0,0.996,1.144,0.893,1.095,100.0,,325.37,2.93,0,Replicase polyprotein 1ab
CHEMBL5441602,CS(=O)(=O)Nc1cccc([C@@H](CC(=O)O)NC(=O)c2ncnc3[nH]ccc23)c1,'=',50419.0,nM,4.3,0.778,1.209,30.46,83.44,100.0,,403.42,1.28,0,Replicase polyprotein 1ab
CHEMBL5442149,c1nc(N[C@@H](c2ccc3c(c2)OCCO3)C2CCCC2)c2cc[nH]c2n1,'=',2230.0,nM,5.65,0.992,1.336,1.962,2.534,100.0,,350.42,4.07,0,Replicase polyprotein 1ab
CHEMBL5441544,COCc1noc(C)c1-c1cc2c(N[C@@H](c3ccc4c(c3)OCCO4)C(C)C)ncnc2[nH]1,'>',99500.0,nM,,0.727,0.54,,,100.0,Falls Outside The Dose Series,449.51,4.65,0,Replicase polyprotein 1ab
CHEMBL5441676,CC(C)[C@@H](Nc1ncnc2[nH]ccc12)c1cccc(C(F)(F)F)c1,'=',83162.0,nM,4.08,0.931,1.463,66.99,103.23,100.0,,334.35,4.79,0,Replicase polyprotein 1ab
CHEMBL5442004,Cc1nn(C)nc1-c1cc2c(N[C@@H](c3ccc4c(c3)OCCO4)C(C)C)ncnc2[nH]1,'=',27578.0,nM,4.56,0.924,0.884,19.73,38.55,100.0,,419.49,3.64,0,Replicase polyprotein 1ab
CHEMBL5441826,CC(=O)c1ccc(-c2cc3c(N[C@@H](c4ccc5c(c4)OCCO5)C(C)C)ncnc3[nH]2)o1,'=',1447.0,nM,5.84,0.965,0.955,1.083,1.934,100.0,,432.48,5.0,1,Replicase polyprotein 1ab
CHEMBL5441683,CC(C)[C@@H](Nc1ncnc2[nH]c(-c3ccn(C)n3)cc12)c1ccc2c(c1)OCCO2,'=',1024.0,nM,5.99,0.987,1.189,0.861,1.218,100.0,,404.47,3.94,0,Replicase polyprotein 1ab
CHEMBL5441908,Cc1cocc1-c1cc2c(N[C@@H](c3ccc4c(c3)OCCO4)C(C)C)ncnc2[nH]1,'=',2506.0,nM,5.6,0.996,1.182,2.284,2.75,100.0,,404.47,5.11,1,Replicase polyprotein 1ab
CHEMBL5441504,CCn1ncc(-c2cc3c(N[C@@H](c4ccc5c(c4)OCCO5)C(C)C)ncnc3[nH]2)n1,'=',1242.0,nM,5.91,0.994,1.161,1.103,1.399,100.0,,419.49,3.82,0,Replicase polyprotein 1ab
CHEMBL5441794,CC(C)[C@@H](Nc1ncnc2[nH]c(-c3ccc(C#N)nc3)cc12)c1ccc2c(c1)OCCO2,'=',2130.0,nM,5.67,0.97,0.616,1.592,2.851,100.0,,426.48,4.47,0,Replicase polyprotein 1ab
CHEMBL5441639,Cc1n[nH]c(-c2cc3c(N[C@@H](c4ccc5c(c4)OCCO5)C(C)C)ncnc3[nH]2)c1C,'=',5160.0,nM,5.29,0.94,0.799,3.532,7.538,100.0,,418.5,4.55,0,Replicase polyprotein 1ab
CHEMBL5441639,Cc1n[nH]c(-c2cc3c(N[C@@H](c4ccc5c(c4)OCCO5)C(C)C)ncnc3[nH]2)c1C,'=',4513.0,nM,5.35,0.969,0.96,3.466,5.875,100.0,,418.5,4.55,0,Replicase polyprotein 1ab
CHEMBL5441530,CC(C)[C@@H](Nc1ncnc2[nH]ccc12)c1ccc2c(c1)N(C)C(=O)CO2,'=',67368.0,nM,4.17,0.984,1.094,60.4,75.14,100.0,,351.41,3.12,0,Replicase polyprotein 1ab
CHEMBL5441854,COC(=O)c1cc(-c2cc3c(N[C@@H](c4ccc5c(c4)OCCO5)C(C)C)ncnc3[nH]2)c[nH]1,'=',4972.0,nM,5.3,0.986,0.951,4.152,5.955,100.0,,447.5,4.32,0,Replicase polyprotein 1ab
CHEMBL5441589,CC(C)[C@@H](Nc1ncnc2[nH]c(-c3cnn(-c4ccc(F)cc4)c3)cc12)c1ccc2c(c1)OCCO2,'=',27372.0,nM,4.56,0.904,0.73,18.49,40.51,100.0,,484.54,5.53,1,Replicase polyprotein 1ab
CHEMBL5441869,CNC(=O)c1cc2c(N[C@@H](c3ccc4c(c3)NC(=O)CO4)C(C)C)ncnc2[nH]1,'=',143.0,nM,6.84,0.993,1.083,0.126,0.163,100.0,,394.44,2.46,0,Replicase polyprotein 1ab
CHEMBL5441594,CNC(=O)c1c[nH]c2ncnc(N[C@@H](c3ccc4c(c3)S(=O)(=O)CCC4)C(C)C)c12,'=',23342.0,nM,4.63,0.992,1.243,21.26,25.63,100.0,,427.53,2.85,0,Replicase polyprotein 1ab
CHEMBL5441943,CNC(=O)Cn1cc(-c2cc3c(N[C@H](c4ccc5c(c4)OCCO5)C(C)C)ncnc3[nH]2)cn1,'=',213.0,nM,6.67,0.993,1.158,0.187,0.243,100.0,,461.53,3.15,0,Replicase polyprotein 1ab
CHEMBL5441757,CNc1c[nH]c2ncnc(N[C@@H](c3ccc4c(c3)OCCO4)C(C)C)c12,'=',28921.0,nM,4.54,0.978,1.163,24.85,33.66,100.0,,353.43,3.58,0,Replicase polyprotein 1ab
CHEMBL5441670,CC(C)[C@@H](Nc1ccnc2[nH]ncc12)c1ccc2c(c1)S(=O)(=O)CCC2,'>',99500.0,nM,,0.878,1.411,,,100.0,Falls Outside The Dose Series,370.48,3.49,0,Replicase polyprotein 1ab
CHEMBL5441984,Cc1ccc([C@@H](Nc2ncnc3[nH]ccc23)C(C)C)cc1S(C)(=O)=O,'=',7292.0,nM,5.14,0.995,1.155,6.549,8.119,100.0,,358.47,3.48,0,Replicase polyprotein 1ab
CHEMBL5441954,CC(C)[C@@H](Nc1ncnc2[nH]c(C(=O)NCC3(F)CC3)cc12)c1ccc2c(c1)OCCO2,'=',1361.0,nM,5.87,0.993,1.248,1.197,1.549,100.0,,439.49,3.77,0,Replicase polyprotein 1ab
CHEMBL5441892,CC(C)[C@@H](Nc1ncnc2[nH]c(C(=O)NCc3cnco3)cc12)c1ccc2c(c1)OCCO2,'=',1758.0,nM,5.75,0.985,1.124,1.453,2.128,100.0,,448.48,3.46,0,Replicase polyprotein 1ab
CHEMBL5441936,CC(C)[C@@H](Nc1ncnc2[nH]c(C(=O)NCc3ncccn3)cc12)c1ccc2c(c1)OCCO2,'=',5873.0,nM,5.23,0.988,1.027,4.942,6.98,100.0,,459.51,3.26,0,Replicase polyprotein 1ab
CHEMBL5441626,CC(C)[C@@H](Nc1ncnc2[nH]c(C(=O)NCCc3cnco3)cc12)c1ccc2c(c1)OCCO2,'=',954.0,nM,6.02,0.992,1.188,0.83,1.096,100.0,,462.51,3.5,0,Replicase polyprotein 1ab
CHEMBL5441518,Cc1ncn(C)c1NC(=O)c1cc2c(N[C@@H](c3ccc4c(c3)OCCO4)C(C)C)ncnc2[nH]1,'=',19669.0,nM,4.71,0.962,1.282,15.68,24.68,100.0,,461.53,3.83,0,Replicase polyprotein 1ab
CHEMBL5441727,CC(C)[C@@H](Nc1n[nH]c2ncccc12)c1ccc2c(c1)S(=O)(=O)CCC2,'=',43542.0,nM,4.36,0.952,1.326,35.89,52.82,100.0,,370.48,3.49,0,Replicase polyprotein 1ab
CHEMBL5441390,CCNC(=O)c1cc2c(N[C@@H](c3ccc4c(c3)S(=O)(=O)CCC4)C(C)C)ncnc2[nH]1,'=',100.0,nM,7.0,0.992,1.585,0.089,0.113,100.0,,441.56,3.24,0,Replicase polyprotein 1ab
CHEMBL5441476,CC(C)[C@@H](Nc1ncnc2[nH]cnc12)c1ccc2c(c1)S(=O)(=O)CCC2,'=',1322.0,nM,5.88,0.987,1.206,1.105,1.581,100.0,,371.47,2.88,0,Replicase polyprotein 1ab
CHEMBL5441546,CC(C)[C@@H](Nc1ncnc2[nH]c([C@@]3(O)CCCNC3)cc12)c1ccc2c(c1)OCCO2,'=',13947.0,nM,4.86,0.985,1.192,11.91,16.33,100.0,,423.52,3.11,0,Replicase polyprotein 1ab
CHEMBL5441413,CNC(=O)Cn1cc(-c2cc3c(N[C@@H](c4ccc5c(c4)S(=O)(=O)CCC5)C(C)C)ncnc3[nH]2)cn1,'=',30.0,nM,7.52,0.987,1.405,0.027,0.034,100.0,,507.62,3.1,1,Replicase polyprotein 1ab
CHEMBL5441748,CCc1[nH]nnc1NC(=O)c1cc2c(N[C@@H](c3ccc4c(c3)OCCO4)C(C)C)ncnc2[nH]1,'=',4420.0,nM,5.36,0.991,1.222,3.808,5.13,100.0,,462.51,3.47,0,Replicase polyprotein 1ab
CHEMBL5441891,CC(C)[C@@H](Nc1ncnc2[nH]ccc12)c1ccc2c(c1)S(=O)(=O)N(C)CC2,'=',5756.0,nM,5.24,0.996,1.307,5.228,6.338,100.0,,385.49,2.94,0,Replicase polyprotein 1ab
CHEMBL5441506,CC(C)[C@@H](Nc1ncnc2[nH]c(C(=O)NCC3(CO)CC3)cc12)c1ccc2c(c1)OCCO2,'=',802.0,nM,6.1,0.996,1.323,0.729,0.883,100.0,,451.53,3.04,0,Replicase polyprotein 1ab
CHEMBL5441603,CNCc1cc(-c2cc3c(N[C@@H](c4ccc5c(c4)NC(=O)CO5)C(C)C)ncnc3[nH]2)co1,'=',187.0,nM,6.73,0.992,1.233,0.164,0.213,100.0,,446.51,4.08,0,Replicase polyprotein 1ab
CHEMBL5441756,CCNC(=O)c1cc2c(N[C@@H](CCc3cccc(NS(C)(=O)=O)c3)C(C)C)ncnc2[nH]1,'>',99500.0,nM,,0.97,1.21,,,100.0,Falls Outside The Dose Series,458.59,3.15,0,Replicase polyprotein 1ab
CHEMBL5441980,COCCn1cc(-c2cc3c(N[C@@H](c4ccc5c(c4)OCCO5)C(C)C)ncnc3[nH]2)c(C#N)n1,'=',676.0,nM,6.17,0.977,1.331,0.544,0.841,100.0,,473.54,3.92,0,Replicase polyprotein 1ab
CHEMBL5441653,Cc1nnn(C)c1-c1cc2c(N[C@@H](c3ccc4c(c3)OCCO4)C(C)C)ncnc2[nH]1,'=',8667.0,nM,5.06,0.989,0.976,7.483,10.04,100.0,,419.49,3.64,0,Replicase polyprotein 1ab
CHEMBL5441652,CC(C)[C@@H](Nc1ncnc2[nH]c(-c3cnn(C)c3C#N)cc12)c1ccc2c(c1)NC(=O)CO2,'=',213.0,nM,6.67,0.93,1.18,0.147,0.309,100.0,,442.48,3.37,0,Replicase polyprotein 1ab
CHEMBL5442152,Cc1nn(CC(N)=O)cc1-c1cc2c(N[C@@H](c3ccc4c(c3)OCCO4)C(C)C)ncnc2[nH]1,'=',330.0,nM,6.48,0.992,1.194,0.288,0.378,100.0,,461.53,3.2,0,Replicase polyprotein 1ab
CHEMBL5441472,CC(C)[C@@H](Nc1ncnc2[nH]c(-c3cc(-c4ccccc4)n[nH]3)cc12)c1ccc2c(c1)OCCO2,'>',99500.0,nM,,0.365,0.5,,,100.0,Falls Outside The Dose Series,466.55,5.6,1,Replicase polyprotein 1ab
CHEMBL5441625,Cc1noc2ncc(-c3cc4c(N[C@@H](c5ccc6c(c5)OCCO6)C(C)C)ncnc4[nH]3)cc12,'=',3000.0,nM,5.52,0.984,0.911,2.482,3.625,100.0,,456.51,5.05,1,Replicase polyprotein 1ab
CHEMBL5441752,CC(C)[C@@H](Nc1ncnc2[nH]c(-c3cccc(Cn4ccnc4)c3)cc12)c1ccc2c(c1)OCCO2,'>',99500.0,nM,,0.681,0.5,,,100.0,Falls Outside The Dose Series,480.57,5.45,1,Replicase polyprotein 1ab
CHEMBL5441634,CC(C)[C@@H](Nc1ncnc2[nH]c(-c3cnn(C4CC4)c3)cc12)c1ccc2c(c1)OCCO2,'=',998.0,nM,6.0,0.994,1.289,0.891,1.119,100.0,,430.51,4.74,0,Replicase polyprotein 1ab
CHEMBL5442056,O=C(O)C[C@@H](NC(=O)c1cc2[nH]ccc2cn1)c1ccc(Br)cc1,'=',6825.0,nM,5.17,0.994,1.316,6.107,7.627,100.0,,388.22,3.27,0,Replicase polyprotein 1ab
CHEMBL5441706,CCCn1nccc1-c1cc2c(N[C@@H](c3ccc4c(c3)OCCO4)C(C)C)ncnc2[nH]1,'=',2452.0,nM,5.61,0.99,0.983,2.104,2.856,100.0,,432.53,4.81,0,Replicase polyprotein 1ab
CHEMBL5441664,Cc1occc1-c1cc2c(N[C@@H](c3ccc4c(c3)OCCO4)C(C)C)ncnc2[nH]1,'=',8993.0,nM,5.05,0.975,1.105,7.247,11.16,100.0,,404.47,5.11,1,Replicase polyprotein 1ab
CHEMBL5442036,CC(C)[C@@H](Nc1ncnc2[nH]c(-c3cnn(CC(N)=O)c3)cc12)c1ccc2c(n1)NC(=O)CO2,'=',250.0,nM,6.6,0.955,1.209,0.184,0.34,100.0,,461.49,1.84,0,Replicase polyprotein 1ab
CHEMBL5441525,CC(C)[C@@H](Nc1ncnc2[nH]c([C@@H]3CCCNC3)cc12)c1ccc2c(c1)OCCO2,'=',5190.0,nM,5.29,0.987,1.243,4.377,6.154,100.0,,407.52,4.01,0,Replicase polyprotein 1ab
CHEMBL5441849,CC(C)[C@@H](Nc1ncnc2[nH]ccc12)c1ccc2nn[nH]c2c1,'=',3497.0,nM,5.46,0.993,1.288,3.096,3.95,100.0,,307.36,3.04,0,Replicase polyprotein 1ab
CHEMBL5442019,Cc1cc(-c2cc3c(N[C@@H](c4ccc5c(c4)OCCO5)C(C)C)ncnc3[nH]2)co1,'=',8696.0,nM,5.06,0.981,1.023,7.108,10.64,100.0,,404.47,5.11,1,Replicase polyprotein 1ab
CHEMBL5441918,O=C(O)C[C@@H](NC(=O)c1ncnc2[nH]ccc12)c1ccc(Cl)cc1,'=',2784.0,nM,5.55,0.994,1.162,2.48,3.126,100.0,,344.76,2.56,0,Replicase polyprotein 1ab
CHEMBL5441435,CC(C)[C@@H](Nc1ncnc2[nH]c(-c3cnn(C)c3C#N)cc12)c1ccc2c(c1)S(=O)(=O)CCC2,'=',25.0,nM,7.6,0.993,2.175,0.023,0.027,100.0,,475.58,3.76,0,Replicase polyprotein 1ab
CHEMBL5442064,CC(C)[C@@H](NC(=O)c1ccnc2ccccc12)c1ccc2c(c1)OCCO2,'>',99500.0,nM,,,,,,,Falls Outside The Dose Series,362.43,4.13,0,Replicase polyprotein 1ab
CHEMBL5441699,O=C(Nc1ccccc1)Nc1ccc(C(=O)NC2c3cccc(O)c3CC2C(=O)O)cc1,'=',411.0,nM,6.39,0.997,1.344,0.379,0.445,100.0,,431.45,3.76,0,Replicase polyprotein 1ab
CHEMBL5441825,COC[C@@H]1C[C@@H]1CNc1ccc([C@@H](CC(=O)O)NC(=O)c2ncnc3[nH]ccc23)cc1,'=',44506.0,nM,4.35,0.986,1.169,39.89,49.66,100.0,,423.47,2.6,0,Replicase polyprotein 1ab
CHEMBL5441825,COC[C@@H]1C[C@@H]1CNc1ccc([C@@H](CC(=O)O)NC(=O)c2ncnc3[nH]ccc23)cc1,'=',43915.0,nM,4.36,0.972,1.173,37.46,51.48,100.0,,423.47,2.6,0,Replicase polyprotein 1ab
CHEMBL5441514,O=C(O)C[C@@H](NC(=O)c1ncnc2[nH]ccc12)c1ccc(NCC2C[C@@H](O)[C@@H](O)C2)cc1,'=',27477.0,nM,4.56,0.979,1.169,23.56,32.05,100.0,,439.47,1.45,1,Replicase polyprotein 1ab
CHEMBL5442033,CC(C)[C@@H](Nc1ncnc2ccccc12)c1ccc2c(c1)OCCO2,'=',59922.0,nM,4.22,0.972,1.2,51.95,69.11,100.0,,335.41,4.21,0,Replicase polyprotein 1ab
CHEMBL5441876,c1nc(NCc2ccc3c(c2)OCCO3)c2cc[nH]c2n1,'=',93874.0,nM,4.03,0.927,1.029,71.93,122.52,100.0,,282.3,2.34,0,Replicase polyprotein 1ab
CHEMBL5441841,O=C(N[C@@H](Cc1nn[nH]n1)c1ccc(Br)cc1)c1ncnc2[nH]ccc12,'=',2115.0,nM,5.67,0.985,1.256,1.756,2.548,100.0,,413.24,1.95,0,Replicase polyprotein 1ab
CHEMBL5441501,c1nc(Nc2ccc3c(c2)OCO3)c2cc[nH]c2n1,'>',99500.0,nM,,0.427,2.501,,,100.0,Falls Outside The Dose Series,254.25,2.43,0,Replicase polyprotein 1ab
CHEMBL5441937,O=C(O)C[C@@H](NC(=O)c1ccc(NC(=O)NC2CC2)cc1)c1cccc(O)c1,'=',9045.0,nM,5.04,0.993,1.195,8.074,10.13,100.0,,383.4,2.62,0,Replicase polyprotein 1ab
CHEMBL5442096,c1ccc2c(c1)OCC[C@@H]2Nc1ncnc2[nH]ccc12,'>',99500.0,nM,,0.87,1.043,,,100.0,Falls Outside The Dose Series,266.3,2.89,0,Replicase polyprotein 1ab
CHEMBL5441605,CC(=O)Nc1ccc([C@@H](CC(=O)O)NC(=O)c2ncnc3[nH]ccc23)cc1,'=',14513.0,nM,4.84,0.98,1.3,12.15,17.33,100.0,,367.37,1.86,0,Replicase polyprotein 1ab
CHEMBL5441635,c1nc(N[C@@H](c2ccc3c(c2)OCCO3)C2CCC2)c2cc[nH]c2n1,'=',6522.0,nM,5.19,0.951,1.364,4.633,9.181,100.0,,336.39,3.68,0,Replicase polyprotein 1ab
CHEMBL5442104,O=C(O)C[C@@H](NC(=O)c1ccc(NC(=O)NC2CC2)cc1)c1cccc(F)c1,'=',27312.0,nM,4.56,0.986,1.355,24.26,30.75,100.0,,385.4,3.06,0,Replicase polyprotein 1ab
CHEMBL5441773,O[C@@H]1CCCC[C@@H]1Nc1ncnc2[nH]ccc12,'>',99500.0,nM,,0.884,1.408,,,100.0,Falls Outside The Dose Series,232.29,1.67,0,Replicase polyprotein 1ab
CHEMBL5441400,CC(C)[C@H](Nc1ncnc2[nH]c(-c3cnn(C)c3C#N)cc12)c1ccc2c(c1)S(=O)(=O)CCC2,'=',13.0,nM,7.89,0.907,1.55,0.01,0.017,100.0,,475.58,3.76,0,Replicase polyprotein 1ab
CHEMBL5441435,CC(C)[C@@H](Nc1ncnc2[nH]c(-c3cnn(C)c3C#N)cc12)c1ccc2c(c1)S(=O)(=O)CCC2,'=',22250.0,nM,4.65,0.987,1.197,19.66,25.19,100.0,,475.58,3.76,0,Replicase polyprotein 1ab
CHEMBL5441993,Cn1ncc(-c2cc3c(N[C@H](c4ccc5c(n4)OCCO5)C(C)(C)C)ncnc3[nH]2)c1C#N,'=',4957.0,nM,5.3,0.994,1.426,4.44,5.535,100.0,,444.5,3.6,0,Replicase polyprotein 1ab
CHEMBL5441568,CC(C)[C@@H]1C[C@@H](Nc2ncnc3[nH]ccc23)CCO1,'>',99500.0,nM,,0.15,6.121,,,100.0,Falls Outside The Dose Series,260.34,2.57,0,Replicase polyprotein 1ab
CHEMBL5442150,c1ccc2c(N[C@@H](c3ccc4c(c3)OCCO4)C3CC3)ncnc2c1,'>',99500.0,nM,,0.882,1.681,,,100.0,Falls Outside The Dose Series,333.39,3.96,0,Replicase polyprotein 1ab
CHEMBL5441511,CC(C)[C@@H](Nc1ncnc2[nH]c3cc(F)ccc3c12)c1ccc2c(c1)OCCO2,'=',10045.0,nM,5.0,0.984,1.361,8.501,11.87,100.0,,392.43,4.83,0,Replicase polyprotein 1ab
CHEMBL5441883,CC(C)[C@@H](Nc1ncnc2[nH]c(-c3cc[nH]n3)cc12)c1ccc2c(c1)OCCO2,'=',1809.0,nM,5.74,0.979,1.312,1.477,2.217,100.0,,390.45,3.93,0,Replicase polyprotein 1ab
CHEMBL5441561,C[C@@H](Nc1ncnc2[nH]ccc12)[C@@H]1CCOC1,'>',99500.0,nM,,0.542,1.138,,,100.0,Falls Outside The Dose Series,232.29,1.79,0,Replicase polyprotein 1ab
CHEMBL5441651,N=C(N)C[C@@H](NC(=O)c1ncnc2[nH]ccc12)c1ccc(Br)cc1,'>',99500.0,nM,,,,,,,Falls Outside The Dose Series,387.24,2.52,0,Replicase polyprotein 1ab
CHEMBL5441489,CC(C)[C@@H](Nc1ncnc2[nH]ccc12)c1ccc2c(n1)OCCO2,'=',1286.0,nM,5.89,0.954,1.35,0.921,1.794,100.0,,325.37,2.93,0,Replicase polyprotein 1ab
CHEMBL5441935,CC(=O)Nc1cccc([C@@H](CC(=O)O)NC(=O)c2ncnc3[nH]ccc23)c1,'=',25792.0,nM,4.59,0.851,1.355,16.41,40.53,100.0,,367.37,1.86,0,Replicase polyprotein 1ab
CHEMBL5441416,CC(C)[C@@H](Nc1ncnc2[nH]c(-c3cnn(C)c3C#N)cc12)c1ccc2c(c1)OCCO2,'=',522.0,nM,6.28,0.962,1.151,0.385,0.707,100.0,,429.48,3.81,0,Replicase polyprotein 1ab
CHEMBL5441416,CC(C)[C@@H](Nc1ncnc2[nH]c(-c3cnn(C)c3C#N)cc12)c1ccc2c(c1)OCCO2,'=',436.0,nM,6.36,0.988,1.065,0.368,0.515,100.0,,429.48,3.81,0,Replicase polyprotein 1ab
CHEMBL5441441,CC(C)[C@@H](Nc1ncnc2[nH]c(-c3cnn(CC(N)=O)c3)cc12)c1ccc2c(c1)OCCO2,'=',383.0,nM,6.42,0.983,1.127,0.315,0.466,100.0,,447.5,2.89,0,Replicase polyprotein 1ab
CHEMBL5441555,CC(C)[C@@H](Nc1ncnc2[nH]c(-c3cnoc3)cc12)c1ccc2c(c1)OCCO2,'>',99500.0,nM,,0.948,0.783,,,100.0,Falls Outside The Dose Series,391.43,4.19,0,Replicase polyprotein 1ab
CHEMBL5441815,CC(C)[C@@H](Nc1ncnc2[nH]ccc12)c1cc2c(cn1)OCCO2,'=',5927.0,nM,5.23,0.988,1.355,5.034,6.977,100.0,,325.37,2.93,0,Replicase polyprotein 1ab
CHEMBL5441927,COc1ccc([C@@H](CC(=O)O)NC(=O)c2cc3cccc(NC(=O)NC4CC4)c3[nH]2)cc1,'>',99500.0,nM,,,,,,,Falls Outside The Dose Series,436.47,3.41,0,Replicase polyprotein 1ab
CHEMBL5441784,CC(C)[C@@H](Nc1ncnc2[nH]ccc12)c1ccc2c(c1)C(=O)NCC2,'=',2443.0,nM,5.61,0.991,1.321,2.118,2.818,100.0,,335.41,3.05,0,Replicase polyprotein 1ab
CHEMBL5441407,CC(C)[C@@H](Nc1ncnc2[nH]ccc12)c1ccc2c(c1)NC(=O)CO2,'=',722.0,nM,6.14,0.995,1.129,0.643,0.81,100.0,,337.38,3.1,0,Replicase polyprotein 1ab
CHEMBL5442059,O=C(Nc1cccc2c(C(=O)N[C@@H]3c4ccccc4C[C@@H]3C(=O)O)c[nH]c12)NC1CC1,'=',1853.0,nM,5.73,0.995,1.018,1.645,2.088,100.0,,418.45,3.18,0,Replicase polyprotein 1ab
CHEMBL5441920,Cc1nnc(Nc2ccc(C(=O)N[C@H]3c4cccc(O)c4C[C@H]3C(=O)O)cc2)o1,'>',99500.0,nM,,0.625,1.092,,,100.0,Falls Outside The Dose Series,394.39,2.56,0,Replicase polyprotein 1ab
CHEMBL5441537,O=C(O)[C@@H](CC1CC1)Nc1ncnc2[nH]ccc12,'>',99500.0,nM,,0.917,1.105,,,100.0,Falls Outside The Dose Series,246.27,1.62,0,Replicase polyprotein 1ab
CHEMBL5441749,CCn1nccc1-c1cc2c(N[C@@H](c3ccc4c(c3)OCCO4)C(C)C)ncnc2[nH]1,'=',1290.0,nM,5.89,0.992,1.295,1.133,1.468,100.0,,418.5,4.42,0,Replicase polyprotein 1ab
CHEMBL5442015,CC(C)[C@@H](Nc1ncnc2[nH]c(-c3cnn(C(C)C)c3)cc12)c1ccc2c(c1)OCCO2,'=',757.0,nM,6.12,0.991,1.2,0.653,0.876,100.0,,432.53,4.98,0,Replicase polyprotein 1ab
CHEMBL5441764,CC(C)[C@@H](Nc1ncnc2[nH]c(-c3cnn([C@@H](C)C(N)=O)c3)cc12)c1ccc2c(c1)OCCO2,'=',422.0,nM,6.38,0.995,1.26,0.378,0.471,100.0,,461.53,3.45,0,Replicase polyprotein 1ab
CHEMBL5441849,CC(C)[C@@H](Nc1ncnc2[nH]ccc12)c1ccc2nn[nH]c2c1,'=',4030.0,nM,5.39,0.995,1.181,3.616,4.491,100.0,,307.36,3.04,0,Replicase polyprotein 1ab
CHEMBL5441823,CC(C)[C@@H](Nc1ncnc2[nH]c(-c3cnn(CC(N)=O)c3)cc12)c1ccc2c(c1)NC(=O)CO2,'=',270.0,nM,6.57,0.989,1.322,0.232,0.314,100.0,,460.5,2.45,0,Replicase polyprotein 1ab
CHEMBL5441976,CNc1cc(N[C@@H](c2ccc3c(c2)S(=O)(=O)CCC3)C(C)C)ncn1,'=',6078.0,nM,5.22,0.991,1.142,5.295,6.977,100.0,,360.48,3.05,0,Replicase polyprotein 1ab
CHEMBL5441682,CNC(=O)c1c[nH]c2ncnc(N[C@@H](c3ccc4c(c3)NC(=O)CO4)C(C)C)c12,'=',306.0,nM,6.51,0.997,1.608,0.284,0.33,100.0,,394.44,2.46,0,Replicase polyprotein 1ab
CHEMBL5441632,CO[C@H]1C[C@@H](C(=O)O)N(c2ncnc3[nH]ccc23)C1,'=',79412.0,nM,4.1,0.96,1.208,67.33,93.66,100.0,,262.27,0.64,0,Replicase polyprotein 1ab
CHEMBL5441600,O=C(O)[C@@H]1CC2(CCCCC2)CN1c1ncnc2[nH]ccc12,'>',99500.0,nM,,0.83,1.41,,,100.0,Falls Outside The Dose Series,300.36,2.57,0,Replicase polyprotein 1ab
CHEMBL5442028,O=C(Nc1ccc(C(=O)N[C@@H]2c3ccccc3C[C@@H]2C(=O)O)cc1)c1ccc(N2CCC(O)CC2)cc1,'>',99500.0,nM,,,,,,,Falls Outside The Dose Series,499.57,3.63,0,Replicase polyprotein 1ab
CHEMBL5441789,O=C(O)[C@H](CC1CCCCC1)Nc1ncnc2[nH]ccc12,'=',92316.0,nM,4.04,0.963,1.466,81.21,104.94,100.0,,288.35,2.79,0,Replicase polyprotein 1ab
CHEMBL5441440,CC(C)[C@@H](Nc1ncnc2[nH]c(-c3cnn(C)n3)cc12)c1ccc2c(c1)OCCO2,'=',517.0,nM,6.29,0.991,1.255,0.449,0.596,100.0,,405.46,3.33,0,Replicase polyprotein 1ab
CHEMBL5441545,CC(C)[C@@H](Nc1ncnc2[nH]ccc12)c1ccc2c(c1)OCCO2,'=',1062.0,nM,5.97,0.949,1.416,0.752,1.5,100.0,,324.38,3.54,0,Replicase polyprotein 1ab
CHEMBL5441681,CC(C)[C@H](Nc1ncnc2[nH]ccc12)c1ccc2c(c1)OCCO2,'=',50603.0,nM,4.3,0.864,1.325,35.73,71.66,100.0,,324.38,3.54,0,Replicase polyprotein 1ab
CHEMBL5441990,CC(C)[C@@H](Nc1ncnc2[nH]c(C(=O)N(C)C)cc12)c1ccc2c(c1)OCCO2,'=',21897.0,nM,4.66,0.92,0.812,15.45,31.04,100.0,,395.46,3.24,0,Replicase polyprotein 1ab
CHEMBL5442156,CCNC(=O)c1cc2c(N[C@@H](c3cnc(NC(C)=O)s3)C(C)C)ncnc2[nH]1,'=',4136.0,nM,5.38,0.997,1.274,3.808,4.492,100.0,,401.5,2.93,0,Replicase polyprotein 1ab
CHEMBL5441394,CC(C)[C@H](Nc1ncnc2[nH]c(-c3cnn(CC(N)=O)c3)cc12)c1ccc2c(c1)S(=O)(=O)CCC2,'=',21.0,nM,7.68,0.983,1.864,0.019,0.024,100.0,,493.59,2.84,0,Replicase polyprotein 1ab
CHEMBL5441394,CC(C)[C@H](Nc1ncnc2[nH]c(-c3cnn(CC(N)=O)c3)cc12)c1ccc2c(c1)S(=O)(=O)CCC2,'=',25.0,nM,7.6,0.989,1.714,0.022,0.027,100.0,,493.59,2.84,0,Replicase polyprotein 1ab
CHEMBL5441395,Cc1nn(C)cc1-c1cc2c(N[C@H](c3ccc4c(c3)S(=O)(=O)CCC4)C(C)C)ncnc2[nH]1,'=',13.0,nM,7.89,0.984,1.39,0.011,0.014,100.0,,464.6,4.2,0,Replicase polyprotein 1ab
CHEMBL5441420,CC(C)[C@@H](Nc1ncnc2[nH]c(-c3cnn(C)c3)cc12)c1ccc2c(c1)S(=O)(=O)CCC2,'=',29.0,nM,7.54,0.996,1.649,0.027,0.031,100.0,,450.57,3.89,0,Replicase polyprotein 1ab
CHEMBL5441430,CNC(=O)c1cc2c(N[C@@H](c3ccc4c(c3)S(=O)(=O)CCC4)C(C)C)ncnc2[nH]1,'=',52.0,nM,7.28,0.989,1.225,0.046,0.059,100.0,,427.53,2.85,0,Replicase polyprotein 1ab
CHEMBL5441823,CC(C)[C@@H](Nc1ncnc2[nH]c(-c3cnn(CC(N)=O)c3)cc12)c1ccc2c(c1)NC(=O)CO2,'=',47900.0,nM,4.32,0.986,1.211,43.18,53.14,100.0,,460.5,2.45,0,Replicase polyprotein 1ab
CHEMBL5441871,CC(C)[C@@H](Nc1ncnc2[nH]c(-c3ccc(=O)n(C)c3)cc12)c1ccc2c(c1)S(=O)(=O)CCC2,'=',48.0,nM,7.32,0.99,1.855,0.043,0.053,100.0,,477.59,3.85,0,Replicase polyprotein 1ab
CHEMBL5441517,CC(C)[C@@H](Nc1ncnc2[nH]c(-c3ccc4c(c3)C(C)(C)C(=O)N4)cc12)c1ccc2c(c1)S(=O)(=O)CCC2,'=',334.0,nM,6.48,0.975,1.353,0.265,0.421,100.0,,529.67,5.38,2,Replicase polyprotein 1ab
CHEMBL5442054,CC(C)[C@@H](Nc1ncnc2[nH]c(-c3cn[nH]c3)cc12)c1ccc2c(c1)S(=O)(=O)CCC2,'=',60.0,nM,7.22,0.993,1.479,0.054,0.067,100.0,,436.54,3.88,0,Replicase polyprotein 1ab
CHEMBL5441960,CC(C)[C@H](Nc1ncnc2[nH]c(-c3cnn(CC(=O)N(C)C)c3)cc12)c1ccc2c(c1)S(=O)(=O)CCC2,'=',5557.0,nM,5.25,0.969,1.393,4.327,7.137,100.0,,521.65,3.44,1,Replicase polyprotein 1ab
CHEMBL5441433,CC(C)[C@@H](Nc1ncnc2[nH]c(-c3cnn(CC(=O)N(C)C)c3)cc12)c1ccc2c(c1)S(=O)(=O)CCC2,'=',26.0,nM,7.58,0.998,1.866,0.025,0.027,100.0,,521.65,3.44,1,Replicase polyprotein 1ab
CHEMBL5441791,CC(=O)N1CCN(Cc2cccc(-c3cc4c(N[C@@H](c5ccc6c(c5)S(=O)(=O)CCC6)C(C)C)ncnc4[nH]3)c2)CC1,'=',186.0,nM,6.73,0.995,1.435,0.168,0.206,100.0,,586.76,4.82,1,Replicase polyprotein 1ab
CHEMBL5442008,CC(C)[C@@H](Nc1ncnc2[nH]c(-c3ccn4cnnc4c3)cc12)c1ccc2c(c1)S(=O)(=O)CCC2,'=',126.0,nM,6.9,0.951,1.27,0.094,0.17,100.0,,487.59,4.2,0,Replicase polyprotein 1ab
CHEMBL5441767,COc1ccc([C@@H](Cc2nn[nH]n2)NC(=O)c2nc(C)nc3[nH]ccc23)cc1,'=',1654.0,nM,5.78,0.991,1.212,1.431,1.912,100.0,,378.4,1.5,0,Replicase polyprotein 1ab
CHEMBL5442015,CC(C)[C@@H](Nc1ncnc2[nH]c(-c3cnn(C(C)C)c3)cc12)c1ccc2c(c1)OCCO2,'=',962.0,nM,6.02,0.999,1.242,0.91,1.017,100.0,,432.53,4.98,0,Replicase polyprotein 1ab
CHEMBL5441591,COC(=O)c1coc(-c2cc3c(N[C@@H](c4ccc5c(c4)OCCO5)C(C)C)ncnc3[nH]2)c1,'=',9282.0,nM,5.03,0.964,1.173,7.159,12.04,100.0,,448.48,4.58,0,Replicase polyprotein 1ab
CHEMBL5441826,CC(=O)c1ccc(-c2cc3c(N[C@@H](c4ccc5c(c4)OCCO5)C(C)C)ncnc3[nH]2)o1,'=',1507.0,nM,5.82,0.949,0.984,1.075,2.112,100.0,,432.48,5.0,1,Replicase polyprotein 1ab
CHEMBL5441492,CC(C)[C@@H](Nc1ncnc2[nH]c(-c3cccc(NC(N)=O)c3)cc12)c1ccc2c(c1)OCCO2,'=',5136.0,nM,5.29,0.944,1.142,3.635,7.257,100.0,,458.52,4.7,0,Replicase polyprotein 1ab
CHEMBL5442067,CC(C)[C@@H](Nc1ncnc2[nH]c(C(=O)O)cc12)c1ccc2c(c1)OCCO2,'=',11659.0,nM,4.93,0.967,1.517,9.188,14.79,100.0,,368.39,3.24,0,Replicase polyprotein 1ab
CHEMBL5442057,CC(C)[C@@H](Nc1ncnc2[nH]c(C(=O)N[C@@H]3CCN(C)C3)cc12)c1ccc2c(c1)OCCO2,'=',502.0,nM,6.3,0.997,1.145,0.461,0.548,100.0,,450.54,2.97,0,Replicase polyprotein 1ab
CHEMBL5441923,COc1ccc([C@@H](NC(=O)c2[nH]cnc3nccc2-3)C(C)c2nnn[nH]2)cc1,'=',6894.0,nM,5.16,0.989,1.207,5.873,8.092,100.0,,378.4,1.71,0,Replicase polyprotein 1ab
CHEMBL5442046,Cc1ccc([C@@H](CC(=O)O)NC(=O)c2ncnc3[nH]ccc23)cc1,'=',6247.0,nM,5.2,0.99,1.254,5.377,7.258,100.0,,324.34,2.21,0,Replicase polyprotein 1ab
CHEMBL5442143,O=C(O)C[C@@H](NC(=O)c1cnc2[nH]ccc2c1)c1ccc(Br)cc1,'>',99500.0,nM,,0.821,1.063,,,100.0,Falls Outside The Dose Series,388.22,3.27,0,Replicase polyprotein 1ab
CHEMBL5442040,CC(C)[C@@H](NCc1ccc(-n2ccnc2)cc1)c1ccc2c(c1)OCCO2,'>',99500.0,nM,,,,,,,Falls Outside The Dose Series,363.46,4.13,0,Replicase polyprotein 1ab
CHEMBL5441837,CC(C)[C@@H](CO)NC(=O)c1c[nH]c2c(NC(=O)NC3CC3)cccc12,'>',99500.0,nM,,,,,,,Falls Outside The Dose Series,344.42,2.2,0,Replicase polyprotein 1ab
CHEMBL5441890,O=C(Nc1ccc(C(=O)Nc2c(C(=O)O)sc3ncccc23)cc1)NC1CC1,'>',99500.0,nM,,,,,,,Falls Outside The Dose Series,396.43,3.53,0,Replicase polyprotein 1ab
CHEMBL5442078,CCc1coc(Nc2ccc([C@@H](CC(=O)O)NC(=O)c3ncnc4[nH]ccc34)cc2)n1,'=',15471.0,nM,4.81,0.992,1.328,13.85,17.28,100.0,,420.43,3.2,0,Replicase polyprotein 1ab
CHEMBL5441557,CC(C)[C@@H](Nc1ncnc2c1cnn2C)c1ccc2c(c1)OCCO2,'>',99500.0,nM,,0.694,1.624,,,100.0,Falls Outside The Dose Series,339.4,2.94,0,Replicase polyprotein 1ab
CHEMBL5442048,Cn1ncc2c(N[C@@H](c3ccc4c(c3)OCCO4)C3CC3)ncnc21,'>',99500.0,nM,,,,,,,Falls Outside The Dose Series,337.38,2.7,0,Replicase polyprotein 1ab
CHEMBL5441568,CC(C)[C@@H]1C[C@@H](Nc2ncnc3[nH]ccc23)CCO1,'>',99500.0,nM,,,,,,,Falls Outside The Dose Series,260.34,2.57,0,Replicase polyprotein 1ab
CHEMBL5441939,O=C(O)[C@H]1C[C@@H](F)CN1c1ncnc2[nH]ccc12,'>',99500.0,nM,,0.709,1.533,,,100.0,Falls Outside The Dose Series,250.23,0.96,0,Replicase polyprotein 1ab
CHEMBL5441619,CC(C)[C@@H](Nc1ncnc2[nH]c(-c3cnn(C(C)C)c3C#N)cc12)c1ccc2c(c1)OCCO2,'=',2019.0,nM,5.7,0.97,1.057,1.566,2.602,100.0,,457.54,4.85,0,Replicase polyprotein 1ab
CHEMBL5441423,CC(C)[C@@H](Nc1ncnc2[nH]c(-c3cnn(CCC(N)=O)c3)cc12)c1ccc2c(c1)OCCO2,'=',319.0,nM,6.5,0.991,1.177,0.277,0.369,100.0,,461.53,3.28,0,Replicase polyprotein 1ab
CHEMBL5441465,CC(C)[C@@H](Nc1ncnc2[nH]c(C3CCS(=O)(=O)CC3)cc12)c1ccc2c(c1)OCCO2,'=',1777.0,nM,5.75,0.727,1.719,0.74,4.27,100.0,,456.57,3.83,0,Replicase polyprotein 1ab
CHEMBL5441900,COCCn1ncc(-c2cc3c(N[C@@H](c4ccc5c(c4)OCCO5)C(C)C)ncnc3[nH]2)c1C#N,'=',394.0,nM,6.41,0.978,1.146,0.317,0.491,100.0,,473.54,3.92,0,Replicase polyprotein 1ab
CHEMBL5442119,CC(C)[C@@H](Nc1ncnc2[nH]c(C3=CCOC3)cc12)c1ccc2c(c1)OCCO2,'=',563.0,nM,6.25,0.987,1.148,0.475,0.669,100.0,,392.46,3.95,0,Replicase polyprotein 1ab
CHEMBL5441792,Cc1cnn(-c2ccc(-c3cc4c(N[C@@H](c5ccc6c(c5)OCCO6)C(C)C)ncnc4[nH]3)cc2)c1,'>',99500.0,nM,,0.255,0.787,,,100.0,Falls Outside The Dose Series,480.57,5.7,1,Replicase polyprotein 1ab
CHEMBL5442056,O=C(O)C[C@@H](NC(=O)c1cc2[nH]ccc2cn1)c1ccc(Br)cc1,'=',7542.0,nM,5.12,0.991,1.231,6.573,8.654,100.0,,388.22,3.27,0,Replicase polyprotein 1ab
CHEMBL5442068,O=C(O)C[C@@H](NC(=O)c1ccc2[nH]ccc2n1)c1ccc(Br)cc1,'=',41212.0,nM,4.38,0.923,1.77,33.08,51.35,100.0,,388.22,3.27,0,Replicase polyprotein 1ab
CHEMBL5442068,O=C(O)C[C@@H](NC(=O)c1ccc2[nH]ccc2n1)c1ccc(Br)cc1,'=',38323.0,nM,4.42,0.959,1.443,32.14,45.69,100.0,,388.22,3.27,0,Replicase polyprotein 1ab
CHEMBL5441998,COC[C@@H]1C[C@@H]1CNc1ccc([C@@H](CC(=O)O)NC(=O)c2c[nH]c3ncncc23)cc1,'>',99500.0,nM,,0.805,0.838,,,100.0,Falls Outside The Dose Series,423.47,2.6,0,Replicase polyprotein 1ab
CHEMBL5441681,CC(C)[C@H](Nc1ncnc2[nH]ccc12)c1ccc2c(c1)OCCO2,'>',99500.0,nM,,0.232,2.221,,,100.0,Falls Outside The Dose Series,324.38,3.54,0,Replicase polyprotein 1ab
CHEMBL5441784,CC(C)[C@@H](Nc1ncnc2[nH]ccc12)c1ccc2c(c1)C(=O)NCC2,'=',2248.0,nM,5.65,0.997,1.123,2.001,2.525,100.0,,335.41,3.05,0,Replicase polyprotein 1ab
CHEMBL5441720,Cc1nn(CC(C)C)c(Cl)c1[C@@H]1CCCN1c1ncnc2[nH]ccc12,'>',99500.0,nM,,,,,,,Falls Outside The Dose Series,358.88,4.11,0,Replicase polyprotein 1ab
CHEMBL5442012,CC(C)[C@@H](Nc1ncnc2[nH]ccc12)c1ccncc1,'=',34030.0,nM,4.47,0.982,1.088,29.63,39.08,100.0,,267.34,3.16,0,Replicase polyprotein 1ab
CHEMBL5442002,CO[C@@H]1C[C@@H](C(=O)O)N(c2ncnc3[nH]ccc23)C1,'>',99500.0,nM,,0.946,0.996,,,100.0,Falls Outside The Dose Series,262.27,0.64,0,Replicase polyprotein 1ab
CHEMBL5442157,O=C(O)[C@@H](Nc1ncnc2[nH]ccc12)C1CC(F)(F)C1,'>',99500.0,nM,,0.855,1.066,,,100.0,Falls Outside The Dose Series,282.25,1.87,0,Replicase polyprotein 1ab
CHEMBL5441386,CC(C)[C@@H](Nc1ncnc2[nH]ccc12)c1ccc2c(c1)S(=O)(=O)CCC2,'=',149.0,nM,6.83,0.998,1.275,0.14,0.157,100.0,,370.48,3.49,0,Replicase polyprotein 1ab
CHEMBL5441941,Cc1nnc(Nc2ccc(C(=O)N[C@H]3c4cccc(O)c4C[C@@H]3C(=O)O)cc2)o1,'>',99500.0,nM,,0.752,1.82,,,100.0,Falls Outside The Dose Series,394.39,2.56,0,Replicase polyprotein 1ab
CHEMBL5441409,COc1ccc([C@@H](Cc2nnn[nH]2)NC(=O)c2ncnc3[nH]ccc23)cc1,'=',801.0,nM,6.1,0.986,1.293,0.672,0.954,100.0,,364.37,1.19,0,Replicase polyprotein 1ab
CHEMBL5441803,COc1ccc([C@@H](Cc2nn[nH]n2)NC(=O)c2nc(OC)nc3[nH]ccc23)cc1,'=',4966.0,nM,5.3,0.991,1.116,4.311,5.721,100.0,,394.4,1.2,0,Replicase polyprotein 1ab
CHEMBL5441963,CC(C)c1nc(N[C@@H](c2ccc3c(c2)OCCO3)C(C)C)c2cc[nH]c2n1,'>',99500.0,nM,,,,,,,Falls Outside The Dose Series,366.46,4.66,0,Replicase polyprotein 1ab
CHEMBL5441614,CN1CC[C@@H]1[C@@H](Nc1ncnc2[nH]ccc12)c1ccc2c(c1)OCCO2,'=',66031.0,nM,4.18,0.935,1.353,54.34,80.24,100.0,,351.41,2.59,0,Replicase polyprotein 1ab
CHEMBL5441541,CCC[C@@H](Nc1ncnc2[nH]ccc12)C(=O)O,'>',99500.0,nM,,0.886,1.267,,,100.0,Falls Outside The Dose Series,234.26,1.62,0,Replicase polyprotein 1ab
CHEMBL5441541,CCC[C@@H](Nc1ncnc2[nH]ccc12)C(=O)O,'>',99500.0,nM,,0.64,0.953,,,100.0,Falls Outside The Dose Series,234.26,1.62,0,Replicase polyprotein 1ab
CHEMBL5441787,COC(=O)c1cc2c(N[C@@H](c3ccc4c(c3)CCN4)C(C)C)ncnc2[nH]1,'=',28409.0,nM,4.55,0.981,1.361,24.9,32.41,100.0,,365.44,3.52,0,Replicase polyprotein 1ab
CHEMBL5441718,CC(C)[C@@H](c1ccc2c(c1)OCCO2)N(C)c1ncnc2[nH]c(-c3cnn(CC(N)=O)c3)cc12,'=',20064.0,nM,4.7,0.978,1.174,16.82,23.93,100.0,,461.53,2.91,0,Replicase polyprotein 1ab
CHEMBL5441430,CNC(=O)c1cc2c(N[C@@H](c3ccc4c(c3)S(=O)(=O)CCC4)C(C)C)ncnc2[nH]1,'=',52.0,nM,7.28,0.992,1.279,0.047,0.057,100.0,,427.53,2.85,0,Replicase polyprotein 1ab
CHEMBL5442125,COc1cn[nH]c1NC(=O)c1cc2c(N[C@@H](c3ccc4c(c3)OCCO4)C(C)C)ncnc2[nH]1,'=',72555.0,nM,4.14,0.948,0.776,55.12,95.51,100.0,,463.5,3.52,0,Replicase polyprotein 1ab
CHEMBL5442032,Cc1ncc(CNC(=O)c2cc3c(N[C@@H](c4ccc5c(c4)OCCO5)C(C)C)ncnc3[nH]2)o1,'=',695.0,nM,6.16,0.997,1.261,0.643,0.75,100.0,,462.51,3.76,0,Replicase polyprotein 1ab
CHEMBL5441506,CC(C)[C@@H](Nc1ncnc2[nH]c(C(=O)NCC3(CO)CC3)cc12)c1ccc2c(c1)OCCO2,'=',2138.0,nM,5.67,0.988,1.213,1.81,2.525,100.0,,451.53,3.04,0,Replicase polyprotein 1ab
CHEMBL5441884,CC(C)[C@H](Nc1ncnc2cn[nH]c12)c1ccc2c(c1)S(=O)(=O)CCC2,'>',99500.0,nM,,0.724,1.419,,,100.0,Falls Outside The Dose Series,371.47,2.88,0,Replicase polyprotein 1ab
CHEMBL5441534,CC(C)[C@H](Nc1ncncc1-c1nc[nH]n1)c1ccc2c(c1)S(=O)(=O)CCC2,'>',99500.0,nM,,0.554,1.465,,,100.0,Falls Outside The Dose Series,398.49,2.79,0,Replicase polyprotein 1ab
CHEMBL5441567,CC(C)[C@H](Nc1ncnc2c1CCN2)c1ccc2c(c1)S(=O)(=O)CCC2,'=',52128.0,nM,4.28,0.962,1.429,44.72,60.77,100.0,,372.49,2.97,0,Replicase polyprotein 1ab
CHEMBL5441957,Cn1ncc2c(C(=O)N[C@@H](CC(=O)O)c3ccc(Br)cc3)ccnc21,'=',70212.0,nM,4.15,0.965,1.191,59.94,82.24,100.0,,403.24,2.68,0,Replicase polyprotein 1ab
CHEMBL5442106,O=C(O)C[C@@H](NC(=O)c1nccc2cc[nH]c12)c1ccc(Br)cc1,'=',31235.0,nM,4.5,0.991,1.485,28.63,34.08,100.0,,388.22,3.27,0,Replicase polyprotein 1ab
CHEMBL5441665,Cc1[nH]c2ncnc(NC(=O)c3ccc(N(C)C)nc3)c2c1C,'>',99500.0,nM,,0.744,0.724,,,100.0,Falls Outside The Dose Series,310.36,2.29,0,Replicase polyprotein 1ab
CHEMBL5441466,O=C(O)C[C@@H](NC(=O)c1ccnc2ncccc12)c1ccc(Br)cc1,'=',92786.0,nM,4.03,0.959,1.08,77.84,110.59,100.0,,400.23,3.34,0,Replicase polyprotein 1ab
CHEMBL5442001,Cc1[nH]c2ncnc(NC(=O)c3ccc(S(C)(=O)=O)nc3)c2c1C,'>',99500.0,nM,,,,,,,Falls Outside The Dose Series,345.38,1.63,0,Replicase polyprotein 1ab
CHEMBL5441685,O=C(O)C[C@@H](NC(=O)c1ncnc2[nH]ccc12)c1ccccn1,'=',14566.0,nM,4.84,0.988,1.066,12.63,16.8,100.0,,311.3,1.3,0,Replicase polyprotein 1ab
CHEMBL5441475,O=C(O)C[C@@H](NC(=O)c1ncnc2[nH]ccc12)c1ccccc1,'=',4194.0,nM,5.38,0.995,1.267,3.778,4.655,100.0,,310.31,1.9,0,Replicase polyprotein 1ab
CHEMBL5441599,Cc1[nH]c2ncnc(NC(=O)c3ccnnc3)c2c1C,'>',99500.0,nM,,0.139,1.122,,,100.0,Falls Outside The Dose Series,268.28,1.62,0,Replicase polyprotein 1ab
CHEMBL5441547,NS(=O)(=O)C[C@@H](NC(=O)c1ncnc2[nH]ccc12)c1ccc(Br)cc1,'>',99500.0,nM,,0.757,1.264,,,100.0,Falls Outside The Dose Series,424.28,1.48,0,Replicase polyprotein 1ab
CHEMBL5441552,Cc1nnc(N[C@@H](c2ccc3c(c2)OCCO3)C(C)C)c2ccccc12,'>',99500.0,nM,,,,,,,Falls Outside The Dose Series,349.43,4.52,0,Replicase polyprotein 1ab
CHEMBL5442007,CC(C)[C@@H](NCc1ccc(-n2cccn2)cc1)c1ccc2c(c1)OCCO2,'>',99500.0,nM,,,,,,,Falls Outside The Dose Series,363.46,4.13,0,Replicase polyprotein 1ab
CHEMBL5442013,O=C(Nc1ccc(C(=O)Nc2c(C(=O)O)[nH]c3ccccc23)cc1)NC1CC1,'>',99500.0,nM,,0.555,2.683,,,100.0,Falls Outside The Dose Series,378.39,3.4,0,Replicase polyprotein 1ab
CHEMBL5442138,Cc1[nH]c2ncnc(C(=O)Nc3ccnc(Cl)c3)c2c1C,'>',99500.0,nM,,,,,,,Falls Outside The Dose Series,301.74,2.88,0,Replicase polyprotein 1ab
CHEMBL5441672,CC(C)[C@@H](Nc1ncnc2[nH]c(C(=O)Nc3cnccc3O)cc12)c1ccc2c(c1)OCCO2,'=',9976.0,nM,5.0,0.986,1.036,8.46,11.76,100.0,,460.49,3.89,0,Replicase polyprotein 1ab
CHEMBL5441754,CC(C)[C@@H](Nc1ncnc2[nH]c(C(=O)NC[C@@H]3CCOC3)cc12)c1ccc2c(c1)OCCO2,'=',1147.0,nM,5.94,0.953,1.199,0.817,1.612,100.0,,451.53,3.3,0,Replicase polyprotein 1ab
CHEMBL5442095,COCCC1(NC(=O)c2cc3c(N[C@@H](c4ccc5c(c4)OCCO5)C(C)C)ncnc3[nH]2)CC1,'=',2841.0,nM,5.55,0.996,1.333,2.577,3.131,100.0,,465.55,3.84,0,Replicase polyprotein 1ab
CHEMBL5442095,COCCC1(NC(=O)c2cc3c(N[C@@H](c4ccc5c(c4)OCCO5)C(C)C)ncnc3[nH]2)CC1,'=',4417.0,nM,5.36,0.996,1.202,3.998,4.88,100.0,,465.55,3.84,0,Replicase polyprotein 1ab
CHEMBL5442077,CC(C)[C@@H](Nc1ncnc2[nH]c(C(=O)NCCc3cn[nH]c3)cc12)c1ccc2c(c1)OCCO2,'=',1361.0,nM,5.87,0.995,1.209,1.218,1.521,100.0,,461.53,3.23,0,Replicase polyprotein 1ab
CHEMBL5441533,CC(C)[C@@H](Nc1ncnc2[nH]c(C(=O)NCc3c[nH]cn3)cc12)c1ccc2c(c1)OCCO2,'=',2572.0,nM,5.59,0.985,1.387,2.145,3.084,100.0,,447.5,3.19,0,Replicase polyprotein 1ab
CHEMBL5441946,COc1nc(NC(=O)c2cc3c(N[C@@H](c4ccc5c(c4)OCCO5)C(C)C)ncnc3[nH]2)n[nH]1,'=',47158.0,nM,4.33,0.929,0.98,35.4,62.83,100.0,,464.49,2.92,0,Replicase polyprotein 1ab
CHEMBL5441518,Cc1ncn(C)c1NC(=O)c1cc2c(N[C@@H](c3ccc4c(c3)OCCO4)C(C)C)ncnc2[nH]1,'=',10735.0,nM,4.97,0.971,1.215,8.45,13.64,100.0,,461.53,3.83,0,Replicase polyprotein 1ab
CHEMBL5441390,CCNC(=O)c1cc2c(N[C@@H](c3ccc4c(c3)S(=O)(=O)CCC4)C(C)C)ncnc2[nH]1,'=',56.0,nM,7.25,0.994,1.588,0.051,0.062,100.0,,441.56,3.24,0,Replicase polyprotein 1ab
CHEMBL5441415,CC(C)[C@H](Nc1ncnc2[nH]c(-c3cnn(C)c3C#N)cc12)c1ccc2c(n1)OCCO2,'=',19051.0,nM,4.72,0.968,1.196,15.47,23.46,100.0,,430.47,3.21,0,Replicase polyprotein 1ab
CHEMBL5441415,CC(C)[C@H](Nc1ncnc2[nH]c(-c3cnn(C)c3C#N)cc12)c1ccc2c(n1)OCCO2,'=',30827.0,nM,4.51,0.979,0.957,26.35,36.06,100.0,,430.47,3.21,0,Replicase polyprotein 1ab
CHEMBL5441414,CC(C)[C@@H](Nc1ncnc2[nH]c(-c3cnn(C)c3C#N)cc12)c1ccc2c(n1)OCCO2,'=',40.0,nM,7.4,0.982,1.247,0.034,0.047,100.0,,430.47,3.21,0,Replicase polyprotein 1ab
CHEMBL5441414,CC(C)[C@@H](Nc1ncnc2[nH]c(-c3cnn(C)c3C#N)cc12)c1ccc2c(n1)OCCO2,'=',59.0,nM,7.23,0.99,1.137,0.052,0.067,100.0,,430.47,3.21,0,Replicase polyprotein 1ab
CHEMBL5442017,CC(C)[C@@H](Nc1ncnc2[nH]c(C(=O)Nc3ncco3)cc12)c1ccc2c(c1)OCCO2,'=',7237.0,nM,5.14,0.991,1.156,6.324,8.282,100.0,,434.46,3.78,0,Replicase polyprotein 1ab
CHEMBL5441413,CNC(=O)Cn1cc(-c2cc3c(N[C@@H](c4ccc5c(c4)S(=O)(=O)CCC5)C(C)C)ncnc3[nH]2)cn1,'=',19.0,nM,7.72,0.962,1.499,0.016,0.022,100.0,,507.62,3.1,1,Replicase polyprotein 1ab
CHEMBL5441755,CC(C)[C@@H](Nc1ncnc2[nH]c(C(=O)NCC3CN(C)C3)cc12)c1ccc2c(c1)OCCO2,'=',790.0,nM,6.1,0.993,1.236,0.692,0.902,100.0,,450.54,2.83,0,Replicase polyprotein 1ab
CHEMBL5442057,CC(C)[C@@H](Nc1ncnc2[nH]c(C(=O)N[C@@H]3CCN(C)C3)cc12)c1ccc2c(c1)OCCO2,'=',414.0,nM,6.38,0.993,1.155,0.363,0.473,100.0,,450.54,2.97,0,Replicase polyprotein 1ab
CHEMBL5441872,COc1ccc([C@@H](NC(=O)c2ncnc3[nH]ccc23)C(C)(C)C#N)cc1,'>',99500.0,nM,,0.917,1.434,,,100.0,Falls Outside The Dose Series,349.39,2.99,0,Replicase polyprotein 1ab
CHEMBL5441624,CC(C)[C@@H](Nc1cccc2nc[nH]c(=O)c12)c1ccc2c(c1)S(=O)(=O)CCC2,'>',99500.0,nM,,,,,,,Falls Outside The Dose Series,397.5,3.45,0,Replicase polyprotein 1ab
CHEMBL5441482,CC(C)[C@@H](Nc1ncnc2[nH]ccc12)c1ccc2c(c1)S(=O)(=O)CO2,'=',2350.0,nM,5.63,0.995,1.102,2.059,2.682,100.0,,358.42,2.89,0,Replicase polyprotein 1ab
CHEMBL5441411,CCNC(=O)c1cc2c(N[C@@H](c3ccc4c(c3)S(=O)(=O)NCC4)C(C)C)ncnc2[nH]1,'=',95.0,nM,7.02,0.998,1.353,0.09,0.101,100.0,,442.55,2.35,0,Replicase polyprotein 1ab
CHEMBL5441700,CC(C)(C)[C@H](Nc1ncnc2[nH]c(-c3cnn(CC(N)=O)c3)cc12)c1ccc2c(n1)OCCO2,'=',14094.0,nM,4.85,0.997,1.272,13.25,14.99,100.0,,462.51,2.67,0,Replicase polyprotein 1ab
CHEMBL5441404,CC(C)[C@H](Nc1ncnc2[nH]c(-c3cnn(C)c3C#N)cc12)c1ccc2c(n1)NC(=O)CO2,'=',95.0,nM,7.02,0.995,1.29,0.086,0.105,100.0,,443.47,2.77,0,Replicase polyprotein 1ab
CHEMBL5441434,CC(C)[C@@H](Nc1ncnc2[nH]c(-c3cnn(C)c3C#N)cc12)c1ccc2c(n1)NC(=O)CO2,'=',86868.0,nM,4.06,0.98,0.827,73.94,102.05,100.0,,443.47,2.77,0,Replicase polyprotein 1ab
CHEMBL5441526,CNC(=O)Cn1cc(-c2cc3c(N[C@@H](c4ccc5c(c4)OCCO5)C(C)C)ncnc3[nH]2)cn1,'=',50828.0,nM,4.29,0.991,1.212,46.73,55.28,100.0,,461.53,3.15,0,Replicase polyprotein 1ab
CHEMBL5442154,CC(C)[C@@H](Nc1ncnc2[nH]ccc12)c1ccc2c(c1)SCCO2,'=',1865.0,nM,5.73,0.994,1.24,1.65,2.108,100.0,,340.45,4.25,0,Replicase polyprotein 1ab
CHEMBL5442154,CC(C)[C@@H](Nc1ncnc2[nH]ccc12)c1ccc2c(c1)SCCO2,'=',1937.0,nM,5.71,0.996,1.138,1.752,2.14,100.0,,340.45,4.25,0,Replicase polyprotein 1ab
CHEMBL5441962,CC(C)[C@H](Nc1ncnc2[nH]c(C(=O)N[C@@H]3CCN(C)C3)cc12)c1ccc2c(c1)S(=O)(=O)CCC2,'=',3789.0,nM,5.42,0.989,1.6,3.265,4.398,100.0,,496.64,2.92,0,Replicase polyprotein 1ab
CHEMBL5441419,CC(C)[C@@H](Nc1ncnc2[nH]c(-c3ccc4nnn(C)c4c3)cc12)c1ccc2c(c1)S(=O)(=O)CCC2,'=',85.0,nM,7.07,0.954,1.103,0.064,0.112,100.0,,501.62,4.44,1,Replicase polyprotein 1ab
CHEMBL5441760,CCNC(=O)c1cc2c(N[C@H](c3cnc(C(=O)N(C)C)nc3)C(C)C)ncnc2[nH]1,'=',47457.0,nM,4.32,0.924,1.254,36.82,61.17,100.0,,410.48,2.01,0,Replicase polyprotein 1ab
CHEMBL5441814,O=C(O)C[C@@H](NC(=O)c1ncnc2[nH]ccc12)c1ccc(Br)cc1,'=',1548.0,nM,5.81,0.996,1.224,1.404,1.707,100.0,,389.21,2.67,0,Replicase polyprotein 1ab
CHEMBL5441438,C[C@@H](C(=O)O)[C@H](NC(=O)c1ncnc2[nH]ccc12)c1ccc(Br)cc1,'=',982.0,nM,6.01,0.995,0.937,0.877,1.1,100.0,,403.24,2.91,0,Replicase polyprotein 1ab
CHEMBL5441910,CC(C)[C@H](Nc1cc(O)ncn1)c1ccc2c(c1)S(=O)(=O)CCC2,'>',99500.0,nM,,,,,,,Falls Outside The Dose Series,347.44,2.71,0,Replicase polyprotein 1ab
CHEMBL5441779,CNCc1cc(-c2cc3c(N[C@H](c4ccc5c(c4)S(=O)(=O)CCO5)C(C)C)ncnc3[nH]2)co1,'=',57.0,nM,7.24,0.997,1.618,0.053,0.06,100.0,,481.58,3.91,0,Replicase polyprotein 1ab
CHEMBL5441623,CC(C)[C@H](Nc1ncnc2c1NCCO2)c1ccc2c(c1)S(=O)(=O)CCC2,'>',99500.0,nM,,,,,,,Falls Outside The Dose Series,388.49,2.81,0,Replicase polyprotein 1ab
CHEMBL5441562,CC(C)[C@@H](Oc1ncnc2[nH]ccc12)c1ccc2c(c1)S(=O)(=O)CCC2,'=',6049.0,nM,5.22,0.989,1.307,5.18,7.064,100.0,,371.46,3.45,0,Replicase polyprotein 1ab
CHEMBL5442088,Cc1[nH]c2ncnc(NC(=O)[C@@H]3CCCc4ncccc43)c2c1C,'>',99500.0,nM,,0.742,1.203,,,100.0,Falls Outside The Dose Series,321.38,3.03,0,Replicase polyprotein 1ab
CHEMBL5441942,Cc1ccc(-c2cc3c(N[C@@H](c4ccc5c(c4)OCCO5)C(C)C)ncnc3[nH]2)o1,'=',40556.0,nM,4.39,0.811,0.598,20.61,79.82,100.0,,404.47,5.11,1,Replicase polyprotein 1ab
CHEMBL5442036,CC(C)[C@@H](Nc1ncnc2[nH]c(-c3cnn(CC(N)=O)c3)cc12)c1ccc2c(n1)NC(=O)CO2,'=',355.0,nM,6.45,0.983,1.257,0.294,0.429,100.0,,461.49,1.84,0,Replicase polyprotein 1ab
CHEMBL5441959,CC(C)[C@@H](Nc1ncnc2[nH]c(C3=CCCN(C(=O)OCc4ccccc4)C3)cc12)c1ccc2c(c1)OCCO2,'>',99500.0,nM,,0.049,0.5,,,100.0,Falls Outside The Dose Series,539.64,5.96,2,Replicase polyprotein 1ab
CHEMBL5441565,CS(=O)(=O)NC1CCC(Nc2ccc([C@@H](CC(=O)O)NC(=O)c3c[nH]c4ncncc34)cc2)CC1,'>',99500.0,nM,,0.903,1.263,,,100.0,Falls Outside The Dose Series,500.58,2.18,1,Replicase polyprotein 1ab
CHEMBL5442084,CCc1coc(Nc2ccc([C@@H](CC(=O)O)NC(=O)c3c[nH]c4ncncc34)cc2)n1,'=',70879.0,nM,4.15,0.936,1.12,56.3,89.23,100.0,,420.43,3.2,0,Replicase polyprotein 1ab
CHEMBL5441906,Cc1ccc(C(=O)N2CCC(c3ccn4ncc(C(=O)N[C@@H]5CCC[C@@H]5C(=O)O)c4c3)CC2)cc1,'=',21768.0,nM,4.66,0.97,1.353,17.99,26.34,100.0,,474.56,3.65,0,Replicase polyprotein 1ab
CHEMBL5442136,Cc1[nH]c2ncnc(NC(=O)C3(c4ccc(F)cc4)CCC3)c2c1C,'=',21811.0,nM,4.66,0.979,1.301,18.57,25.61,100.0,,338.39,3.77,0,Replicase polyprotein 1ab
CHEMBL5441593,CC(C)n1nccc1S(=O)(=O)Nc1cnc2[nH]ccc2c1,'>',99500.0,nM,,,,,,,Falls Outside The Dose Series,305.36,2.14,0,Replicase polyprotein 1ab
CHEMBL5441925,COc1ccc([C@@H](CC(=O)O)NC(=O)c2ncnc3[nH]ccc23)cc1,'=',2122.0,nM,5.67,0.99,1.156,1.818,2.477,100.0,,340.34,1.91,0,Replicase polyprotein 1ab
CHEMBL5441621,Cc1[nH]c2ncnc(NC(=O)c3cccnn3)c2c1C,'>',99500.0,nM,,0.166,0.59,,,100.0,Falls Outside The Dose Series,268.28,1.62,0,Replicase polyprotein 1ab
CHEMBL5441521,O=C(Nc1cnc2[nH]ncc2c1)C1CCN(c2ccc3nncn3n2)CC1,'>',124375.0,nM,,0.104,0.852,,,100.0,Falls Outside The Dose Series,363.39,1.25,0,Replicase polyprotein 1ab
CHEMBL5441898,c1ccc(-c2cc(CNc3ncnc4[nH]ccc34)on2)cc1,'>',124375.0,nM,,,,,,,Falls Outside The Dose Series,291.31,3.23,0,Replicase polyprotein 1ab
CHEMBL5309692,O[C@H]1C[C@](CNc2ncnc3[nH]ccc23)(c2ccccc2)C1,'>',124375.0,nM,,0.71,2.235,,,100.0,Falls Outside The Dose Series,294.36,2.46,0,Replicase polyprotein 1ab
CHEMBL5442109,CC(=O)Nc1ccc(S(=O)(=O)NNc2ncnc3sccc23)cc1,'>',99500.0,nM,,0.699,0.648,,,100.0,Falls Outside The Dose Series,363.42,1.96,0,Replicase polyprotein 1ab
CHEMBL5441574,O=C(OCc1ncccc1Cl)c1ncnc2[nH]ccc12,'>',99500.0,nM,,0.054,3.524,,,100.0,Falls Outside The Dose Series,288.69,2.36,0,Replicase polyprotein 1ab
CHEMBL5441699,O=C(Nc1ccccc1)Nc1ccc(C(=O)NC2c3cccc(O)c3CC2C(=O)O)cc1,'=',1022.0,nM,5.99,0.99,1.06,0.882,1.184,100.0,,431.45,3.76,0,Replicase polyprotein 1ab
CHEMBL5441699,O=C(Nc1ccccc1)Nc1ccc(C(=O)NC2c3cccc(O)c3CC2C(=O)O)cc1,'=',628.0,nM,6.2,0.996,1.357,0.57,0.691,100.0,,431.45,3.76,0,Replicase polyprotein 1ab
CHEMBL5441699,O=C(Nc1ccccc1)Nc1ccc(C(=O)NC2c3cccc(O)c3CC2C(=O)O)cc1,'=',540.0,nM,6.27,0.994,1.256,0.481,0.606,100.0,,431.45,3.76,0,Replicase polyprotein 1ab
CHEMBL5441699,O=C(Nc1ccccc1)Nc1ccc(C(=O)NC2c3cccc(O)c3CC2C(=O)O)cc1,'=',592.0,nM,6.23,0.99,1.224,0.509,0.688,100.0,,431.45,3.76,0,Replicase polyprotein 1ab
CHEMBL5441768,O=C(O)c1ccc(C(=O)N2CCC(c3ccn4ncc(C(=O)N5CCCCC5)c4c3)CC2)o1,'=',68052.0,nM,4.17,0.96,1.24,57.66,80.32,100.0,,450.5,3.27,0,Replicase polyprotein 1ab
CHEMBL5441978,CC(C)[C@@H](Nc1ncnc2[nH]ccc12)c1cccs1,'=',14906.0,nM,4.83,0.978,1.179,12.36,17.98,100.0,,272.38,3.83,0,Replicase polyprotein 1ab
CHEMBL5441741,CC(C)[C@@H](Nc1ncnc2[nH]ccc12)C(N)=O,'=',30658.0,nM,4.51,0.988,1.158,27.36,34.36,100.0,,233.28,0.88,0,Replicase polyprotein 1ab
CHEMBL5441640,Cc1ncnc2c1C[C@@H](C(=O)N(C)CC[C@@H](Nc1ncnc3[nH]ccc13)C(C)C)CC2,'>',99500.0,nM,,0.764,1.67,,,100.0,Falls Outside The Dose Series,421.55,3.15,0,Replicase polyprotein 1ab
CHEMBL5441967,COc1ccc2c(c1)CCN(c1ncnc3[nH]ccc13)[C@H]2C(C)C,'=',14186.0,nM,4.85,0.981,1.311,11.93,16.87,100.0,,322.41,3.73,0,Replicase polyprotein 1ab
CHEMBL5441500,Cc1ccc2c(c1)C[C@@H](C(=O)N(C)CC[C@@H](Nc1ncnc3[nH]ccc13)C(C)C)S2,'>',99500.0,nM,,,,,,,Falls Outside The Dose Series,423.59,4.27,0,Replicase polyprotein 1ab
CHEMBL5441554,O=C(O)c1cn(CCNC(=O)c2ncnc3[nH]ccc23)cn1,'>',99500.0,nM,,,,,,,Falls Outside The Dose Series,300.28,0.28,0,Replicase polyprotein 1ab
CHEMBL5441693,Cc1[nH]c2ncnc(NC(=O)C3CC=CC3)c2c1C,'=',41999.0,nM,4.38,0.979,1.489,36.53,48.29,100.0,,256.31,2.48,0,Replicase polyprotein 1ab
CHEMBL5442113,O=C(O)[C@H]1CCCCCN1C(=O)c1ncnc2[nH]ccc12,'>',124375.0,nM,,0.58,4.529,,,100.0,Falls Outside The Dose Series,288.31,1.43,0,Replicase polyprotein 1ab
CHEMBL5441654,Cc1[nH]c2ncnc(NC(=O)[C@@H]3CCO[C@@H]3C)c2c1C,'=',121872.0,nM,,0.846,1.352,89.13,166.64,100.0,,274.32,1.94,0,Replicase polyprotein 1ab
CHEMBL5441699,O=C(Nc1ccccc1)Nc1ccc(C(=O)NC2c3cccc(O)c3CC2C(=O)O)cc1,'=',555.0,nM,6.26,0.998,1.289,0.517,0.597,100.0,,431.45,3.76,0,Replicase polyprotein 1ab
CHEMBL5441699,O=C(Nc1ccccc1)Nc1ccc(C(=O)NC2c3cccc(O)c3CC2C(=O)O)cc1,'=',474.0,nM,6.32,0.996,1.164,0.427,0.527,100.0,,431.45,3.76,0,Replicase polyprotein 1ab
CHEMBL5441934,OC[C@@H](Nc1ncnc2[nH]c(I)cc12)c1ccccc1,'>',124375.0,nM,,0.954,1.082,,,100.0,Falls Outside The Dose Series,380.19,2.71,0,Replicase polyprotein 1ab
CHEMBL5441790,CC[C@@H]1C[C@@H](C(=O)Nc2ncnc3[nH]c(C)c(C)c23)CCO1,'>',124375.0,nM,,0.066,1.224,,,100.0,Falls Outside The Dose Series,302.38,2.72,0,Replicase polyprotein 1ab
CHEMBL5441641,O=C(O)c1cscc1C(=O)N1CCC(c2ccn3ncc(C(=O)N4CCCCC4)c3c2)CC1,'=',44290.0,nM,4.35,0.983,1.134,39.14,50.11,100.0,,466.56,3.74,0,Replicase polyprotein 1ab
CHEMBL5441545,CC(C)[C@@H](Nc1ncnc2[nH]ccc12)c1ccc2c(c1)OCCO2,'=',2270.0,nM,5.64,0.991,1.167,1.955,2.636,100.0,,324.38,3.54,0,Replicase polyprotein 1ab
CHEMBL5441995,Cn1cc([C@@H](Nc2ncnc3[nH]ccc23)C2CCC2)cn1,'=',15016.0,nM,4.82,0.983,1.08,12.64,17.83,100.0,,282.35,2.64,0,Replicase polyprotein 1ab
CHEMBL5441921,O=C(N[C@@H]1CCC[C@@H]1C(=O)O)c1cnn2ccc(C3CCN(C(=O)c4ccc(Cl)cc4)CC3)cc12,'=',32486.0,nM,4.49,0.883,10.33,0.0,976087666.15,100.0,,494.98,3.99,0,Replicase polyprotein 1ab
CHEMBL5441926,NC(=O)c1ccc(S(=O)(=O)Nc2cnc3[nH]ccc3c2)cc1,'>',99500.0,nM,,0.255,7.371,,,100.0,Falls Outside The Dose Series,316.34,1.46,0,Replicase polyprotein 1ab
CHEMBL5441692,O=C(N[C@@H](CCO)c1ccccc1F)c1ncnc2[nH]ccc12,'>',99500.0,nM,,0.312,1.598,,,100.0,Falls Outside The Dose Series,314.32,1.95,0,Replicase polyprotein 1ab
CHEMBL5441692,O=C(N[C@@H](CCO)c1ccccc1F)c1ncnc2[nH]ccc12,'>',99500.0,nM,,0.364,2.464,,,100.0,Falls Outside The Dose Series,314.32,1.95,0,Replicase polyprotein 1ab
CHEMBL5441730,CC(C)[C@@H](Cc1ccc(F)cc1)NC(=O)c1ncnc2[nH]ccc12,'>',99500.0,nM,,,,,,,Falls Outside The Dose Series,326.38,3.09,0,Replicase polyprotein 1ab
CHEMBL4975056,Cc1[nH]c2ncnc(NC(=O)c3ccncc3Cl)c2c1C,'=',25257.0,nM,4.6,0.985,1.04,22.04,28.94,100.0,,301.74,2.88,0,Replicase polyprotein 1ab
CHEMBL5441905,O=C(CCN(Cc1cccc(Cl)c1)C(=O)c1ccc(F)cn1)N1CCNCC1,'>',99500.0,nM,,,,,,,Falls Outside The Dose Series,404.87,2.34,0,Replicase polyprotein 1ab
CHEMBL5441560,O=C(c1c[nH]c(=O)cn1)N1CCC(c2ccn3ncc(C(=O)N4CCCCC4)c3c2)CC1,'=',78355.0,nM,4.11,0.956,1.285,66.66,92.1,100.0,,434.5,2.06,0,Replicase polyprotein 1ab
CHEMBL5442020,COc1ccccc1C[C@@H](Nc1ncnc2[nH]ccc12)C(C)C,'=',97513.0,nM,4.01,0.936,1.515,82.36,115.46,100.0,,310.4,3.65,0,Replicase polyprotein 1ab
CHEMBL5441734,CC(C)[C@@H]1C(=O)NCCN1c1ncnc2[nH]ccc12,'=',35261.0,nM,4.45,0.947,1.323,28.03,44.35,100.0,,259.31,0.92,0,Replicase polyprotein 1ab
CHEMBL5441523,COc1cccc(CSC[C@@H](NC(=O)c2ncnc3[nH]ccc23)C(=O)O)c1,'>',99500.0,nM,,0.887,1.673,,,100.0,Falls Outside The Dose Series,386.43,2.08,0,Replicase polyprotein 1ab
CHEMBL5441742,O=C(O)C[C@@H](NC(=O)c1ncnc2[nH]ccc12)c1ccc(F)cc1,'=',2730.0,nM,5.56,0.987,1.229,2.308,3.228,100.0,,328.3,2.04,0,Replicase polyprotein 1ab
CHEMBL5442135,O=C(N[C@@H]1CCC[C@@H]1C(=O)O)c1cnn2ccc(C3CCN(C(=O)c4ccc(Cl)c(Cl)c4)CC3)cc12,'=',40823.0,nM,4.39,0.983,1.279,36.29,45.92,100.0,,529.42,4.64,1,Replicase polyprotein 1ab
CHEMBL5442044,O=C(O)[C@H](CC1CC1)Nc1ncnc2[nH]ccc12,'>',99500.0,nM,,0.857,1.37,,,100.0,Falls Outside The Dose Series,246.27,1.62,0,Replicase polyprotein 1ab
CHEMBL5441922,Cc1noc(C)c1-c1cc2c(N[C@@H](c3ccc4c(c3)OCCO4)C(C)C)ncnc2[nH]1,'=',16730.0,nM,4.78,0.983,1.055,14.23,19.67,100.0,,419.49,4.81,0,Replicase polyprotein 1ab
CHEMBL5442085,Cc1cc(-c2cc3c(N[C@@H](c4ccc5c(c4)OCCO5)C(C)C)ncnc3[nH]2)n(C)n1,'=',1066.0,nM,5.97,0.984,1.178,0.884,1.286,100.0,,418.5,4.25,0,Replicase polyprotein 1ab
CHEMBL5442093,CC(C)[C@H](Nc1cccc2nc[nH]c(=O)c12)c1ccc2c(c1)S(=O)(=O)CCC2,'>',99500.0,nM,,0.338,1.021,,,100.0,Falls Outside The Dose Series,397.5,3.45,0,Replicase polyprotein 1ab
CHEMBL5441860,Cc1n[nH]c(C)c1-c1cc2c(N[C@@H](c3ccc4c(c3)S(=O)(=O)CCC4)C(C)C)ncnc2[nH]1,'=',272.0,nM,6.57,0.996,1.186,0.246,0.301,100.0,,464.6,4.49,0,Replicase polyprotein 1ab
CHEMBL5442065,CC(C)[C@@H](Nc1ncnc2c1CNCC2)c1ccc2c(c1)S(=O)(=O)CCC2,'>',99500.0,nM,,0.808,0.739,,,100.0,Falls Outside The Dose Series,386.52,2.65,0,Replicase polyprotein 1ab
CHEMBL5441999,CC(C)[C@@H](Nc1cc(N(C)C)ncn1)c1ccc2c(c1)S(=O)(=O)CCC2,,,,,,,,,,,374.51,3.07,0,Replicase polyprotein 1ab
CHEMBL5442156,CCNC(=O)c1cc2c(N[C@@H](c3cnc(NC(C)=O)s3)C(C)C)ncnc2[nH]1,'=',5376.0,nM,5.27,0.923,1.232,3.462,8.347,100.0,,401.5,2.93,0,Replicase polyprotein 1ab
CHEMBL5441991,CC(C)[C@@H](Nc1ncnc2[nH]c(C3=CCS(=O)(=O)C3)cc12)c1ccc2c(c1)S(=O)(=O)CCC2,'=',117.0,nM,6.93,0.996,1.399,0.107,0.127,100.0,,486.62,3.3,0,Replicase polyprotein 1ab
CHEMBL5441394,CC(C)[C@H](Nc1ncnc2[nH]c(-c3cnn(CC(N)=O)c3)cc12)c1ccc2c(c1)S(=O)(=O)CCC2,'=',15.0,nM,7.82,0.982,1.505,0.013,0.016,100.0,,493.59,2.84,0,Replicase polyprotein 1ab
CHEMBL5441395,Cc1nn(C)cc1-c1cc2c(N[C@H](c3ccc4c(c3)S(=O)(=O)CCC4)C(C)C)ncnc2[nH]1,'=',32.0,nM,7.5,0.99,2.138,0.029,0.034,100.0,,464.6,4.2,0,Replicase polyprotein 1ab
CHEMBL5441422,CC(C)[C@@H](Nc1ncnc2[nH]c(-c3cnn(CC(N)=O)c3)cc12)c1ccc2c(n1)OCCO2,'=',68.0,nM,7.17,0.998,1.179,0.064,0.073,100.0,,448.49,2.28,0,Replicase polyprotein 1ab
CHEMBL5441388,CCNC(=O)c1cc2c(N[C@@H](c3ccc4c(c3)S(=O)(=O)CCO4)C(C)C)ncnc2[nH]1,'=',50.0,nM,7.3,0.998,1.457,0.047,0.053,100.0,,443.53,2.68,0,Replicase polyprotein 1ab
CHEMBL5441420,CC(C)[C@@H](Nc1ncnc2[nH]c(-c3cnn(C)c3)cc12)c1ccc2c(c1)S(=O)(=O)CCC2,'=',34.0,nM,7.47,0.995,1.569,0.032,0.036,100.0,,450.57,3.89,0,Replicase polyprotein 1ab
CHEMBL5169608,CC(C)[C@H](Nc1ncnc2[nH]ccc12)C(=O)O,'=',33797.0,nM,4.47,0.806,1.201,20.66,55.28,100.0,,234.26,1.48,0,Replicase polyprotein 1ab
CHEMBL5441746,CC(C)[C@@H](Nc1ncnc2[nH]cc(C#N)c12)c1ccc2c(c1)OCCO2,'=',4357.0,nM,5.36,0.994,1.277,3.896,4.872,100.0,,349.39,3.41,0,Replicase polyprotein 1ab
CHEMBL5441617,COC(=O)c1c[nH]c2ncnc(N[C@@H](c3ccc4c(c3)OCCO4)C(C)C)c12,'=',3488.0,nM,5.46,0.996,1.18,3.172,3.836,100.0,,382.42,3.32,0,Replicase polyprotein 1ab
CHEMBL5442050,CC(C)[C@@H](Nc1ncnc2[nH]c(-c3cccc(C#N)c3)cc12)c1ccc2c(c1)OCCO2,'=',17769.0,nM,4.75,0.923,0.63,11.62,27.17,100.0,,425.49,5.08,1,Replicase polyprotein 1ab
CHEMBL5441498,COc1cnn(C)c1-c1cc2c(N[C@@H](c3ccc4c(c3)OCCO4)C(C)C)ncnc2[nH]1,'=',50867.0,nM,4.29,0.946,1.149,41.27,62.69,100.0,,434.5,3.95,0,Replicase polyprotein 1ab
CHEMBL5441690,Cc1cc(-c2cc3c(N[C@@H](c4ccc5c(c4)OCCO5)C(C)C)ncnc3[nH]2)[nH]n1,'=',3089.0,nM,5.51,0.99,1.104,2.645,3.608,100.0,,404.47,4.24,0,Replicase polyprotein 1ab
CHEMBL5441732,CC(=O)c1ccc(-c2cc3c(N[C@@H](c4ccc5c(c4)OCCO5)C(C)C)ncnc3[nH]2)[nH]1,'=',3241.0,nM,5.49,0.989,1.047,2.772,3.789,100.0,,431.5,4.74,0,Replicase polyprotein 1ab
CHEMBL5441961,CC(C)[C@@H](Nc1ncnc2[nH]c(-c3ccc(S(N)(=O)=O)cc3)cc12)c1ccc2c(c1)OCCO2,'=',1634.0,nM,5.79,0.99,1.158,1.401,1.905,100.0,,479.56,3.85,0,Replicase polyprotein 1ab
CHEMBL5441961,CC(C)[C@@H](Nc1ncnc2[nH]c(-c3ccc(S(N)(=O)=O)cc3)cc12)c1ccc2c(c1)OCCO2,'=',1809.0,nM,5.74,0.991,1.097,1.57,2.083,100.0,,479.56,3.85,0,Replicase polyprotein 1ab
CHEMBL5441797,CC(C)[C@@H](Nc1ncnc2[nH]c(-c3cn(C)nc3C3CC3)cc12)c1ccc2c(c1)OCCO2,'=',1190.0,nM,5.92,0.972,1.242,0.918,1.542,100.0,,444.54,4.82,0,Replicase polyprotein 1ab
CHEMBL5441797,CC(C)[C@@H](Nc1ncnc2[nH]c(-c3cn(C)nc3C3CC3)cc12)c1ccc2c(c1)OCCO2,'=',1186.0,nM,5.93,0.998,1.166,1.107,1.272,100.0,,444.54,4.82,0,Replicase polyprotein 1ab
CHEMBL5441822,CC(C)[C@@H](Nc1ncnc2[nH]c(-c3cnc4c(c3)CC(=O)N4)cc12)c1ccc2c(c1)OCCO2,'=',1299.0,nM,5.89,0.982,0.904,1.057,1.596,100.0,,456.51,4.09,0,Replicase polyprotein 1ab
CHEMBL5441584,CCc1n[nH]cc1-c1cc2c(N[C@@H](c3ccc4c(c3)OCCO4)C(C)C)ncnc2[nH]1,'=',1187.0,nM,5.93,0.966,1.975,0.949,1.484,100.0,,418.5,4.49,0,Replicase polyprotein 1ab
CHEMBL5441539,CC(C)(C)[C@@H](Nc1ncnc2[nH]c(-c3cnn(CC(N)=O)c3)cc12)c1ccc2c(c1)OCCO2,'=',269.0,nM,6.57,0.992,1.26,0.236,0.307,100.0,,461.53,3.28,0,Replicase polyprotein 1ab
CHEMBL5441938,CC(C)[C@@H](Nc1ncnc2[nH]c(-c3cnn(C4CCC4)c3)cc12)c1ccc2c(c1)OCCO2,'=',1173.0,nM,5.93,0.975,1.033,0.922,1.494,100.0,,444.54,5.13,1,Replicase polyprotein 1ab
CHEMBL5441557,CC(C)[C@@H](Nc1ncnc2c1cnn2C)c1ccc2c(c1)OCCO2,'>',99500.0,nM,,,,,,,Falls Outside The Dose Series,339.4,2.94,0,Replicase polyprotein 1ab
CHEMBL5441540,Cc1[nH]nc2ncc(C(=O)N[C@@H](c3ccc4c(c3)OCCO4)C(C)C)cc12,'>',99500.0,nM,,,,,,,Falls Outside The Dose Series,366.42,3.16,0,Replicase polyprotein 1ab
CHEMBL5441497,COc1ccc([C@@H]2CCN(c3ncnc4[nH]ccc34)C2)cc1,'>',99500.0,nM,,,,,,,Falls Outside The Dose Series,294.36,2.96,0,Replicase polyprotein 1ab
CHEMBL5441491,Cn1c(C(=O)O)c(NC(=O)c2ccc(NC(=O)NC3CC3)cc2)c2cccnc21,'>',99500.0,nM,,0.926,1.172,,,100.0,Falls Outside The Dose Series,393.4,2.81,0,Replicase polyprotein 1ab
CHEMBL5441422,CC(C)[C@@H](Nc1ncnc2[nH]c(-c3cnn(CC(N)=O)c3)cc12)c1ccc2c(n1)OCCO2,'=',242.0,nM,6.62,0.996,1.237,0.221,0.266,100.0,,448.49,2.28,0,Replicase polyprotein 1ab
CHEMBL5441418,CC(C)[C@@H](Nc1ncnc2[nH]cc(C(=O)NC3CC3)c12)c1ccc2c(c1)S(=O)(=O)CCC2,'=',260.0,nM,6.58,0.991,1.206,0.226,0.299,100.0,,453.57,3.38,0,Replicase polyprotein 1ab
CHEMBL5441810,COCCNC(=O)c1c[nH]c2ncnc(N[C@@H](c3ccc4c(c3)S(=O)(=O)CCC4)C(C)C)c12,'=',326.0,nM,6.49,0.997,1.257,0.299,0.356,100.0,,471.58,2.86,0,Replicase polyprotein 1ab
CHEMBL5441699,O=C(Nc1ccccc1)Nc1ccc(C(=O)NC2c3cccc(O)c3CC2C(=O)O)cc1,'=',925.0,nM,6.03,0.993,1.281,0.819,1.046,100.0,,431.45,3.76,0,Replicase polyprotein 1ab
CHEMBL5441699,O=C(Nc1ccccc1)Nc1ccc(C(=O)NC2c3cccc(O)c3CC2C(=O)O)cc1,'=',224.0,nM,6.65,0.879,1.744,0.124,0.404,100.0,,431.45,3.76,0,Replicase polyprotein 1ab
CHEMBL5441386,CC(C)[C@@H](Nc1ncnc2[nH]ccc12)c1ccc2c(c1)S(=O)(=O)CCC2,'=',55738.0,nM,4.25,0.954,1.147,45.77,67.89,100.0,,370.48,3.49,0,Replicase polyprotein 1ab
CHEMBL5441420,CC(C)[C@@H](Nc1ncnc2[nH]c(-c3cnn(C)c3)cc12)c1ccc2c(c1)S(=O)(=O)CCC2,'=',54.0,nM,7.27,0.995,1.821,0.05,0.059,100.0,,450.57,3.89,0,Replicase polyprotein 1ab
CHEMBL5441736,Cc1cnn(C)c1NC(=O)c1cc2c(N[C@@H](c3ccc4c(c3)OCCO4)C(C)C)ncnc2[nH]1,'=',27268.0,nM,4.56,0.982,0.837,23.22,32.03,100.0,,461.53,3.83,0,Replicase polyprotein 1ab
CHEMBL5441496,CCNC(=O)c1cc2c(N[C@@H](c3ccc4ncn(C)c(=O)c4c3)C(C)C)ncnc2[nH]1,'=',409.0,nM,6.39,0.998,1.15,0.385,0.435,100.0,,419.49,2.76,0,Replicase polyprotein 1ab
CHEMBL5441496,CCNC(=O)c1cc2c(N[C@@H](c3ccc4ncn(C)c(=O)c4c3)C(C)C)ncnc2[nH]1,'=',455.0,nM,6.34,0.998,1.285,0.425,0.487,100.0,,419.49,2.76,0,Replicase polyprotein 1ab
CHEMBL5441405,CNCc1cc(-c2cc3c(N[C@@H](c4ccc5c(c4)S(=O)(=O)NCC5)C(C)C)ncnc3[nH]2)co1,'=',70.0,nM,7.16,0.998,1.369,0.067,0.074,100.0,,480.59,3.58,0,Replicase polyprotein 1ab
CHEMBL5441728,CN(C)c1ccc(C(=O)N[C@@H](CC(=O)O)c2ccc(Br)cc2)nc1,'>',99500.0,nM,,0.94,1.181,,,100.0,Falls Outside The Dose Series,392.25,2.86,0,Replicase polyprotein 1ab
CHEMBL5441850,Cc1[nH]c2ncnc(NC(=O)c3ccc(C#N)nc3)c2c1C,'>',99500.0,nM,,,,,,,Falls Outside The Dose Series,292.3,2.09,0,Replicase polyprotein 1ab
CHEMBL5441466,O=C(O)C[C@@H](NC(=O)c1ccnc2ncccc12)c1ccc(Br)cc1,'=',87945.0,nM,4.06,0.957,1.409,76.33,101.33,100.0,,400.23,3.34,0,Replicase polyprotein 1ab
CHEMBL5441865,O=C(O)C[C@@H](NC(=O)c1ccc(NC(=O)NC2CC2)cc1)c1cccc(C(F)F)c1,'=',76435.0,nM,4.12,0.945,1.205,61.83,94.48,100.0,,417.41,3.85,0,Replicase polyprotein 1ab
CHEMBL5442035,CC(C)[C@@H](Nc1ncnc2[nH]ccc12)c1ccc2c(c1)N(C)CCO2,'=',27831.0,nM,4.55,0.985,1.002,24.01,32.26,100.0,,337.43,3.6,0,Replicase polyprotein 1ab
CHEMBL5441537,O=C(O)[C@@H](CC1CC1)Nc1ncnc2[nH]ccc12,'>',99500.0,nM,,0.853,1.403,,,100.0,Falls Outside The Dose Series,246.27,1.62,0,Replicase polyprotein 1ab
